/*
 Navicat Premium Data Transfer

 Source Server         : 192.168.1.145-ccc_dev
 Source Server Type    : MySQL
 Source Server Version : 50726
 Source Host           : 192.168.1.145:3306
 Source Schema         : ccc_dev

 Target Server Type    : MySQL
 Target Server Version : 50726
 File Encoding         : 65001

 Date: 27/08/2019 10:30:20
*/

SET NAMES utf8mb4;
SET FOREIGN_KEY_CHECKS = 0;

-- ----------------------------
-- Table structure for ATTACHMENT
-- ----------------------------
DROP TABLE IF EXISTS `ATTACHMENT`;
CREATE TABLE `ATTACHMENT`  (
  `ID` bigint(20) NOT NULL AUTO_INCREMENT COMMENT 'ID',
  `IS_DELETE` tinyint(1) NULL DEFAULT NULL COMMENT '是否删除',
  `CREATED_AT` timestamp(3) NULL DEFAULT NULL,
  `UPDATED_AT` timestamp(3) NULL DEFAULT NULL COMMENT '修改时间',
  `STATUS` int(11) NULL DEFAULT 0 COMMENT '状态',
  `UUID` varchar(50) CHARACTER SET utf8 COLLATE utf8_bin NOT NULL COMMENT 'UUID',
  `ATTACHMENT_NAME` varchar(1536) CHARACTER SET utf8 COLLATE utf8_bin NOT NULL COMMENT '附件名称',
  `FILE_NAME` varchar(1536) CHARACTER SET utf8 COLLATE utf8_bin NOT NULL COMMENT '文件名称',
  `PATH` varchar(1536) CHARACTER SET utf8 COLLATE utf8_bin NULL DEFAULT NULL,
  `TABLE_KEY` varchar(192) CHARACTER SET utf8 COLLATE utf8_bin NOT NULL COMMENT '关联表',
  `KEY_ID` bigint(20) NOT NULL COMMENT '关联表的ID',
  `CREATOR` bigint(20) NOT NULL COMMENT '创建者',
  `UPDATER` bigint(20) NOT NULL COMMENT '更新者',
  `REMARK` varchar(1536) CHARACTER SET utf8 COLLATE utf8_bin NULL DEFAULT NULL COMMENT '备注',
  `TAG` varchar(1536) CHARACTER SET utf8 COLLATE utf8_bin NULL DEFAULT NULL COMMENT '标记',
  `CREATOR_TYPE` varchar(64) CHARACTER SET utf8 COLLATE utf8_bin NULL DEFAULT 'OPERATOR' COMMENT '用户类型, 默认为运营方',
  `BUCKET` varchar(512) CHARACTER SET utf8 COLLATE utf8_bin NULL DEFAULT NULL COMMENT '存储bucket',
  `UNIQUE_KEY` varchar(512) CHARACTER SET utf8 COLLATE utf8_bin NULL DEFAULT NULL COMMENT '存储bucket',
  PRIMARY KEY (`ID`) USING BTREE,
  INDEX `IDX_ATT_UUID`(`UUID`) USING BTREE,
  INDEX `IDX_ATT_TK`(`TABLE_KEY`, `KEY_ID`) USING BTREE
) ENGINE = InnoDB AUTO_INCREMENT = 496 CHARACTER SET = utf8 COLLATE = utf8_bin COMMENT = '附件' ROW_FORMAT = Dynamic;

-- ----------------------------
-- Records of ATTACHMENT
-- ----------------------------
INSERT INTO `ATTACHMENT` VALUES (1, 0, '2019-07-11 15:07:32.098', '2019-07-11 15:07:32.098', 0, '8c670b08f7074cb986e2f917422e0ecf', 'test.png', '哈哈', '0/40/90/8c670b08f7074cb986e2f917422e0ecf哈哈', 'TEST', 1, 0, 0, NULL, NULL, 'OPERATOR', 'test-bucket', '7bc913c2554747509b46ce5122ba862e.png');
INSERT INTO `ATTACHMENT` VALUES (2, 0, '2019-07-11 15:13:38.267', '2019-07-11 15:13:38.267', 0, 'eaed51cf50c440ec9a5b09920a16cde6', 'test.png', '哈哈', '0/40/90/eaed51cf50c440ec9a5b09920a16cde6哈哈', 'TEST', 1, 0, 0, NULL, NULL, 'OPERATOR', 'test-bucket', '7bc913c2554747509b46ce5122ba862e.png');
INSERT INTO `ATTACHMENT` VALUES (3, 0, '2019-07-11 15:16:13.999', '2019-07-11 15:16:13.999', 0, 'bdf208866a19426c82435f382d02dc10', '哈哈', 'test.png', 'cd/b3/6c/bdf208866a19426c82435f382d02dc10.png', 'TEST', 1, 0, 0, NULL, NULL, 'OPERATOR', 'test-bucket', '7bc913c2554747509b46ce5122ba862e.png');
INSERT INTO `ATTACHMENT` VALUES (4, 0, '2019-07-17 12:02:56.374', '2019-07-17 12:02:56.374', 0, '1dda081c2aec40caaf73e5ac730d953b', '企业用户证件附件', 'u=586816607,3312322258&fm=179&app=42&f=JPG.jpeg', '1/c/3/1dda081c2aec40caaf73e5ac730d953b.jpeg', 'ENT_USER_ATT', 0, 0, 0, NULL, NULL, 'OPERATOR', 'test-bucket', '7bc913c2554747509b46ce5122ba862e.png');
INSERT INTO `ATTACHMENT` VALUES (5, 0, '2019-07-17 12:02:56.421', '2019-07-17 12:02:56.421', 0, '8f1d45b5df224006998176e9177d8edb', '企业用户证件附件', '78310a55b319ebc44bceb0758f26cffc1f1716ac.jpg', 'a/6/9/8f1d45b5df224006998176e9177d8edb.jpg', 'ENT_USER_ATT', 0, 0, 0, NULL, NULL, 'OPERATOR', 'test-bucket', '7bc913c2554747509b46ce5122ba862e.png');
INSERT INTO `ATTACHMENT` VALUES (6, 1, '2019-07-17 16:34:24.782', '2019-07-17 16:34:24.782', 0, 'a7c60bb020254d26a4a7ed073e81ff08', '运营用户证件', '1.png', 'c/b/e/a7c60bb020254d26a4a7ed073e81ff08.png', 'OP_USER_ATT', 2, 1, 1, NULL, NULL, 'OPERATOR', 'test-bucket', '7bc913c2554747509b46ce5122ba862e.png');
INSERT INTO `ATTACHMENT` VALUES (7, 1, '2019-07-17 16:39:26.496', '2019-07-17 16:39:26.496', 0, 'f27c0e8650d048de983572249f6d9ddf', '运营用户证件', '1.png', 'c/b/e/f27c0e8650d048de983572249f6d9ddf.png', 'OP_USER_ATT', 2, 1, 1, NULL, NULL, 'OPERATOR', 'test-bucket', '7bc913c2554747509b46ce5122ba862e.png');
INSERT INTO `ATTACHMENT` VALUES (8, 0, '2019-07-17 16:55:55.461', '2019-07-17 16:55:55.461', 0, 'd75c439223524394a65e68197b0d21ab', '运营用户证件', '1.png', 'c/b/e/d75c439223524394a65e68197b0d21ab.png', 'OP_USER_ATT', 2, 1, 1, NULL, NULL, 'OPERATOR', 'test-bucket', '7bc913c2554747509b46ce5122ba862e.png');
INSERT INTO `ATTACHMENT` VALUES (9, 0, '2019-07-18 10:31:01.696', '2019-07-18 10:31:01.696', 0, '55ba1977f19d4ce9a8a5e02741104183', 'www', 'www.png', '2/4/5/55ba1977f19d4ce9a8a5e02741104183.png', 'test', 1, 0, 0, NULL, NULL, 'OPERATOR', 'test-bucket', '7bc913c2554747509b46ce5122ba862e.png');
INSERT INTO `ATTACHMENT` VALUES (10, 0, '2019-07-18 11:12:34.488', '2019-07-18 11:12:34.488', 0, 'd753cd8bbdaa4f1bb850ff6cd8cd708d', 'www', 'www.png', '2/4/5/d753cd8bbdaa4f1bb850ff6cd8cd708d.png', 'test', 1, 0, 0, NULL, NULL, 'OPERATOR', 'test-bucket', '7bc913c2554747509b46ce5122ba862e.png');
INSERT INTO `ATTACHMENT` VALUES (11, 0, '2019-07-19 10:38:12.482', '2019-07-19 10:38:12.482', 0, 'ce72f31664ab4e779616a9906689aad0', '企业用户证件附件', '78310a55b319ebc44bceb0758f26cffc1f1716ac.jpg', 'a/6/9/ce72f31664ab4e779616a9906689aad0.jpg', 'ENT_USER_ATT', 15, 0, 0, NULL, NULL, 'OPERATOR', 'test-bucket', '7bc913c2554747509b46ce5122ba862e.png');
INSERT INTO `ATTACHMENT` VALUES (12, 1, '2019-07-19 10:38:12.512', '2019-07-19 10:38:12.512', 0, 'c1fc330fad0f4a8eaccc1778fa0a0555', '企业用户证件附件', 'u=586816607,3312322258&fm=179&app=42&f=JPG.jpeg', '1/c/3/c1fc330fad0f4a8eaccc1778fa0a0555.jpeg', 'ENT_USER_ATT', 15, 0, 0, NULL, NULL, 'OPERATOR', 'test-bucket', '7bc913c2554747509b46ce5122ba862e.png');
INSERT INTO `ATTACHMENT` VALUES (13, 0, '2019-07-19 10:43:34.569', '2019-07-19 10:43:34.569', 0, 'fbad05ab722147028084e1e9267503d4', '企业用户证件附件', '78310a55b319ebc44bceb0758f26cffc1f1716ac.jpg', 'a/6/9/fbad05ab722147028084e1e9267503d4.jpg', 'ENT_USER_ATT', 15, 0, 0, NULL, NULL, 'OPERATOR', 'test-bucket', '7bc913c2554747509b46ce5122ba862e.png');
INSERT INTO `ATTACHMENT` VALUES (14, 0, '2019-07-19 14:07:47.738', '2019-07-19 14:07:47.738', 0, 'dce5d6212bcc4464a8a9c1005947ecab', '企业账户资料附件', '78310a55b319ebc44bceb0758f26cffc1f1716ac.jpg', 'a/6/9/dce5d6212bcc4464a8a9c1005947ecab.jpg', 'ENT_BANK_ACCOUNT_ATT', 1, 0, 0, NULL, NULL, 'OPERATOR', 'test-bucket', '7bc913c2554747509b46ce5122ba862e.png');
INSERT INTO `ATTACHMENT` VALUES (15, 0, '2019-07-19 14:07:47.817', '2019-07-19 14:07:47.817', 0, '02ffcc4e887a4b5babfa2a0c921010eb', '企业账户资料附件', 'u=586816607,3312322258&fm=179&app=42&f=JPG.jpeg', '1/c/3/02ffcc4e887a4b5babfa2a0c921010eb.jpeg', 'ENT_BANK_ACCOUNT_ATT', 1, 0, 0, NULL, NULL, 'OPERATOR', 'test-bucket', '7bc913c2554747509b46ce5122ba862e.png');
INSERT INTO `ATTACHMENT` VALUES (16, 0, '2019-07-19 14:18:41.306', '2019-07-19 14:18:41.306', 0, 'c578d37ad78741a2b9dfc37f136c8f87', '企业账户资料附件', 'u=586816607,3312322258&fm=179&app=42&f=JPG.jpeg', '1/c/3/c578d37ad78741a2b9dfc37f136c8f87.jpeg', 'ENT_BANK_ACCOUNT_ATT', 2, 0, 0, NULL, NULL, 'OPERATOR', 'test-bucket', '7bc913c2554747509b46ce5122ba862e.png');
INSERT INTO `ATTACHMENT` VALUES (17, 1, '2019-07-19 14:19:31.695', '2019-07-19 14:19:31.695', 0, 'ba9f46e7ce444442a5d8575cad6ed516', '企业账户资料附件', '78310a55b319ebc44bceb0758f26cffc1f1716ac.jpg', 'a/6/9/ba9f46e7ce444442a5d8575cad6ed516.jpg', 'ENT_BANK_ACCOUNT_ATT', 2, 0, 0, NULL, NULL, 'OPERATOR', 'test-bucket', '7bc913c2554747509b46ce5122ba862e.png');
INSERT INTO `ATTACHMENT` VALUES (18, 0, '2019-07-19 14:22:02.721', '2019-07-19 14:22:02.721', 0, '0a111f8afb384ef5aeeeeec911575886', '企业账户资料附件', '78310a55b319ebc44bceb0758f26cffc1f1716ac.jpg', 'a/6/9/0a111f8afb384ef5aeeeeec911575886.jpg', 'ENT_BANK_ACCOUNT_ATT', 2, 0, 0, NULL, NULL, 'OPERATOR', 'test-bucket', '7bc913c2554747509b46ce5122ba862e.png');
INSERT INTO `ATTACHMENT` VALUES (27, 0, '2019-07-22 11:36:00.185', '2019-07-22 11:36:00.185', 0, 'eef17280456c4bc3a50ef7658238ecf1', '法人身份证反面', '1c41e1517fe3e0a18714f536ac5140ce.jpg', '2/4/d/eef17280456c4bc3a50ef7658238ecf1.jpg', 'ENT_ATT', 12, 0, 0, NULL, NULL, 'OPERATOR', 'test-bucket', '7bc913c2554747509b46ce5122ba862e.png');
INSERT INTO `ATTACHMENT` VALUES (28, 0, '2019-07-22 11:37:33.204', '2019-07-22 11:37:33.204', 0, '19da93f7562d44909688cf06edf66ff7', '法人身份证正面', '602047225183285308.jpg', '1/c/7/19da93f7562d44909688cf06edf66ff7.jpg', 'ENT_ATT', 12, 0, 0, NULL, NULL, 'OPERATOR', 'test-bucket', '7bc913c2554747509b46ce5122ba862e.png');
INSERT INTO `ATTACHMENT` VALUES (29, 0, '2019-07-22 11:53:25.430', '2019-07-22 11:53:25.430', 0, 'b3f16f83b4cd4f169a9390463a71c115', '资质证书', 'Killer专用项目-asdfdf-170946-广州测试公司-买卖合同补充协议.pdf', '8/2/8/b3f16f83b4cd4f169a9390463a71c115.pdf', 'ENT_ATT', 12, 0, 0, NULL, NULL, 'OPERATOR', 'test-bucket', '7bc913c2554747509b46ce5122ba862e.png');
INSERT INTO `ATTACHMENT` VALUES (30, 0, '2019-07-22 11:53:56.527', '2019-07-22 11:53:56.527', 0, '3ef398358e1149b1a5eb4fbc6307452e', '企业营业执照', '846738663231463417.png', '3/8/e/3ef398358e1149b1a5eb4fbc6307452e.png', 'ENT_ATT', 12, 0, 0, NULL, NULL, 'OPERATOR', 'test-bucket', '7bc913c2554747509b46ce5122ba862e.png');
INSERT INTO `ATTACHMENT` VALUES (31, 0, '2019-07-22 11:56:07.421', '2019-07-22 11:56:07.421', 0, '8ecf043811af400fac79ff024eba4f72', '管理员身份证正面', 'a18907e48c3639225f1b0c208be4256f.jpeg', 'c/7/1/8ecf043811af400fac79ff024eba4f72.jpeg', 'ENT_ADMIN_ATT', 12, 0, 0, NULL, NULL, 'OPERATOR', 'test-bucket', '7bc913c2554747509b46ce5122ba862e.png');
INSERT INTO `ATTACHMENT` VALUES (32, 0, '2019-07-22 11:57:12.259', '2019-07-22 11:57:12.259', 0, '1016eecd15134e229435b2387540b353', '管理员身份证正面', '1c41e1517fe3e0a18714f536ac5140ce.jpg', '2/4/d/1016eecd15134e229435b2387540b353.jpg', 'ENT_ADMIN_ATT', 12, 0, 0, NULL, NULL, 'OPERATOR', 'test-bucket', '7bc913c2554747509b46ce5122ba862e.png');
INSERT INTO `ATTACHMENT` VALUES (33, 0, '2019-07-22 15:46:50.988', '2019-07-22 15:46:50.988', 0, '1a3df63c50344f479bd1a2e7448ad6ed', '运营用户证件', '??1.jpg', '4/1/c/1a3df63c50344f479bd1a2e7448ad6ed.jpg', 'OP_USER_ATT', 1, 1, 1, NULL, NULL, 'OPERATOR', 'test-bucket', '7bc913c2554747509b46ce5122ba862e.png');
INSERT INTO `ATTACHMENT` VALUES (34, 0, '2019-07-22 15:55:31.908', '2019-07-22 15:55:31.908', 0, '190ddeb65d884404bba76a349d0d6735', '运营用户证件', '??2.jpg', '5/1/4/190ddeb65d884404bba76a349d0d6735.jpg', 'OP_USER_ATT', 3, 1, 1, NULL, NULL, 'OPERATOR', 'test-bucket', '7bc913c2554747509b46ce5122ba862e.png');
INSERT INTO `ATTACHMENT` VALUES (35, 0, '2019-07-22 16:02:55.099', '2019-07-22 16:02:55.099', 0, 'a8be7fadba1947299fbd5b177b16a9c5', '运营用户证件', '??3.jpg', '6/1/c/a8be7fadba1947299fbd5b177b16a9c5.jpg', 'OP_USER_ATT', 3, 1, 1, NULL, NULL, 'OPERATOR', 'test-bucket', '7bc913c2554747509b46ce5122ba862e.png');
INSERT INTO `ATTACHMENT` VALUES (36, 0, '2019-07-23 10:49:32.065', '2019-07-23 10:49:32.065', 0, '22da98cd67334c61be72cc3179f85ef2', '运营用户证件', '??1.jpg', '4/1/c/22da98cd67334c61be72cc3179f85ef2.jpg', 'OP_USER_ATT', 3, 1, 1, NULL, NULL, 'OPERATOR', 'test-bucket', '7bc913c2554747509b46ce5122ba862e.png');
INSERT INTO `ATTACHMENT` VALUES (37, 0, '2019-07-23 10:50:12.862', '2019-07-23 10:50:12.862', 0, '3d28a8facb80444ea046dfb76d2c10a1', '运营用户证件', '??2.jpg', '5/1/4/3d28a8facb80444ea046dfb76d2c10a1.jpg', 'OP_USER_ATT', 3, 1, 1, NULL, NULL, 'OPERATOR', 'test-bucket', '7bc913c2554747509b46ce5122ba862e.png');
INSERT INTO `ATTACHMENT` VALUES (38, 0, '2019-07-23 10:51:52.172', '2019-07-23 10:51:52.172', 0, '766722d8051a441293f6e6f551b3f9ae', '运营用户证件', '??2.jpg', '5/1/4/766722d8051a441293f6e6f551b3f9ae.jpg', 'OP_USER_ATT', 3, 1, 1, NULL, NULL, 'OPERATOR', 'test-bucket', '7bc913c2554747509b46ce5122ba862e.png');
INSERT INTO `ATTACHMENT` VALUES (39, 0, '2019-07-23 14:15:04.080', '2019-07-23 14:15:04.080', 0, '810c4e28328c48d184048f0650bd74c8', '运营用户证件', '??2.jpg', '5/1/4/810c4e28328c48d184048f0650bd74c8.jpg', 'OP_USER_ATT', 3, 1, 1, NULL, NULL, 'OPERATOR', 'test-bucket', '7bc913c2554747509b46ce5122ba862e.png');
INSERT INTO `ATTACHMENT` VALUES (40, 0, '2019-07-23 14:15:59.494', '2019-07-23 14:15:59.494', 0, '84363fc209db4a95a70145dfe558635a', '运营用户证件', '6.jpg', '9/a/2/84363fc209db4a95a70145dfe558635a.jpg', 'OP_USER_ATT', 3, 1, 1, NULL, NULL, 'OPERATOR', 'test-bucket', '7bc913c2554747509b46ce5122ba862e.png');
INSERT INTO `ATTACHMENT` VALUES (41, 0, '2019-07-23 14:15:59.499', '2019-07-23 14:15:59.499', 0, 'db6f5b6a13a1478ca1947475fdbba437', '运营用户证件', 'bg.png', '0/0/0/db6f5b6a13a1478ca1947475fdbba437.png', 'OP_USER_ATT', 3, 1, 1, NULL, NULL, 'OPERATOR', 'test-bucket', '7bc913c2554747509b46ce5122ba862e.png');
INSERT INTO `ATTACHMENT` VALUES (42, 0, '2019-07-23 14:15:59.504', '2019-07-23 14:15:59.504', 0, '92f1fac9a8a247509ecf3bf1794d3e53', '运营用户证件', 'com.png', 'c/f/3/92f1fac9a8a247509ecf3bf1794d3e53.png', 'OP_USER_ATT', 3, 1, 1, NULL, NULL, 'OPERATOR', 'test-bucket', '7bc913c2554747509b46ce5122ba862e.png');
INSERT INTO `ATTACHMENT` VALUES (43, 0, '2019-07-23 16:45:50.104', '2019-07-23 16:45:50.104', 0, '9b07fe5770844d7c9fc42cafa133f244', 'www', 'www.png', '2/4/5/9b07fe5770844d7c9fc42cafa133f244.png', 'test', 1, 0, 0, NULL, NULL, 'OPERATOR', 'test-bucket', '7bc913c2554747509b46ce5122ba862e.png');
INSERT INTO `ATTACHMENT` VALUES (44, 0, '2019-07-24 09:54:30.489', '2019-07-24 09:54:30.489', 0, '789f0e25c5d24c2fbc4364de7e326baa', '企业用户证件附件', 'u=586816607,3312322258&fm=179&app=42&f=JPG.jpeg', '1/c/3/789f0e25c5d24c2fbc4364de7e326baa.jpeg', 'ENT_USER_ATT', 0, 0, 0, NULL, NULL, 'OPERATOR', 'test-bucket', '7bc913c2554747509b46ce5122ba862e.png');
INSERT INTO `ATTACHMENT` VALUES (45, 0, '2019-07-24 09:56:02.942', '2019-07-24 09:56:02.942', 0, 'c763082bd250436294ed71294961223f', '企业用户证件附件', 'u=586816607,3312322258&fm=179&app=42&f=JPG.jpeg', '1/c/3/c763082bd250436294ed71294961223f.jpeg', 'ENT_USER_ATT', 20, 0, 0, NULL, NULL, 'OPERATOR', 'test-bucket', '7bc913c2554747509b46ce5122ba862e.png');
INSERT INTO `ATTACHMENT` VALUES (46, 1, '2019-07-24 14:58:33.259', '2019-07-24 14:58:33.259', 0, '65fd4abe8cf6492b997735d65d131985', '企业用户证件附件', '??2.jpg', '5/1/4/65fd4abe8cf6492b997735d65d131985.jpg', 'ENT_USER_ATT', 21, 1, 1, NULL, NULL, 'OPERATOR', 'test-bucket', '7bc913c2554747509b46ce5122ba862e.png');
INSERT INTO `ATTACHMENT` VALUES (47, 1, '2019-07-24 15:12:43.194', '2019-07-24 15:12:43.194', 0, 'f330e432ed004b21bf2f2e2d57b8355c', '企业用户证件附件', '??1.jpg', '4/1/c/f330e432ed004b21bf2f2e2d57b8355c.jpg', 'ENT_USER_ATT', 21, 1, 1, NULL, NULL, 'OPERATOR', 'test-bucket', '7bc913c2554747509b46ce5122ba862e.png');
INSERT INTO `ATTACHMENT` VALUES (48, 1, '2019-07-24 16:56:11.956', '2019-07-24 16:56:11.956', 0, '94b0c3adac21424f99ac034726878ab1', '企业用户证件附件', 'contract.pdf', '6/5/1/94b0c3adac21424f99ac034726878ab1.pdf', 'ENT_USER_ATT', 21, 1, 1, NULL, NULL, 'OPERATOR', 'test-bucket', '7bc913c2554747509b46ce5122ba862e.png');
INSERT INTO `ATTACHMENT` VALUES (49, 1, '2019-07-24 16:56:27.801', '2019-07-24 16:56:27.801', 0, '5b45c80950f642bba211bd301ab708e7', '企业用户证件附件', 'hx.png', 'b/2/4/5b45c80950f642bba211bd301ab708e7.png', 'ENT_USER_ATT', 21, 1, 1, NULL, NULL, 'OPERATOR', 'test-bucket', '7bc913c2554747509b46ce5122ba862e.png');
INSERT INTO `ATTACHMENT` VALUES (50, 1, '2019-07-24 17:11:18.893', '2019-07-24 17:11:18.893', 0, '7776fd6350094516a1eec6d5355b41fe', '企业用户证件附件', 'logo.png', '6/9/6/7776fd6350094516a1eec6d5355b41fe.png', 'ENT_USER_ATT', 21, 1, 1, NULL, NULL, 'OPERATOR', 'test-bucket', '7bc913c2554747509b46ce5122ba862e.png');
INSERT INTO `ATTACHMENT` VALUES (51, 1, '2019-07-24 17:15:35.485', '2019-07-24 17:15:35.485', 0, '3dbd4d17208a45389163b430c1c92e1e', '企业用户证件附件', 'logo.png', '6/9/6/3dbd4d17208a45389163b430c1c92e1e.png', 'ENT_USER_ATT', 21, 1, 1, NULL, NULL, 'OPERATOR', 'test-bucket', '7bc913c2554747509b46ce5122ba862e.png');
INSERT INTO `ATTACHMENT` VALUES (52, 1, '2019-07-24 17:22:41.269', '2019-07-24 17:22:41.269', 0, 'bbbe2c871e9c4661a711977268a79e35', '企业用户证件附件', 'hx.png', 'b/2/4/bbbe2c871e9c4661a711977268a79e35.png', 'ENT_USER_ATT', 21, 1, 1, NULL, NULL, 'OPERATOR', 'test-bucket', '7bc913c2554747509b46ce5122ba862e.png');
INSERT INTO `ATTACHMENT` VALUES (53, 1, '2019-07-24 17:59:13.351', '2019-07-24 17:59:13.351', 0, 'dbc70c6635254725ba8c9c83bfa75160', '企业用户证件附件', '??2.jpg', '5/1/4/dbc70c6635254725ba8c9c83bfa75160.jpg', 'ENT_USER_ATT', 1, 1, 1, NULL, NULL, 'OPERATOR', 'test-bucket', '7bc913c2554747509b46ce5122ba862e.png');
INSERT INTO `ATTACHMENT` VALUES (54, 0, '2019-07-25 16:20:58.757', '2019-07-25 16:20:58.757', 0, '5c92df7b035045caa066f74d282171fb', '企业用户证件附件', '发票1.jpg', 'd/3/4/5c92df7b035045caa066f74d282171fb.jpg', 'ENT_USER_ATT', 1, 22, 22, NULL, NULL, 'OPERATOR', 'test-bucket', '7bc913c2554747509b46ce5122ba862e.png');
INSERT INTO `ATTACHMENT` VALUES (55, 1, '2019-07-25 16:47:34.928', '2019-07-25 16:47:34.928', 0, 'df7024cddd8d4fd496cbc1438efd482d', '用户头像', 'u=586816607,3312322258&fm=179&app=42&f=JPG.jpeg', '1/c/3/df7024cddd8d4fd496cbc1438efd482d.jpeg', 'USER_HEAD_PORTRAIT', 22, 22, 22, NULL, NULL, 'OPERATOR', 'test-bucket', '7bc913c2554747509b46ce5122ba862e.png');
INSERT INTO `ATTACHMENT` VALUES (56, 1, '2019-07-25 16:47:58.011', '2019-07-25 16:47:58.011', 0, '215e544b7e634016820a9c0832a76412', '用户头像', '78310a55b319ebc44bceb0758f26cffc1f1716ac.jpg', 'a/6/9/215e544b7e634016820a9c0832a76412.jpg', 'USER_HEAD_PORTRAIT', 22, 22, 22, NULL, NULL, 'OPERATOR', 'test-bucket', '7bc913c2554747509b46ce5122ba862e.png');
INSERT INTO `ATTACHMENT` VALUES (57, 1, '2019-07-25 18:26:32.516', '2019-07-25 18:26:32.516', 0, '635f7e9f58134721bce0e5c1ba779c86', '用户头像', '??1.jpg', '4/1/c/635f7e9f58134721bce0e5c1ba779c86.jpg', 'USER_HEAD_PORTRAIT', 22, 22, 22, NULL, NULL, 'OPERATOR', 'test-bucket', '7bc913c2554747509b46ce5122ba862e.png');
INSERT INTO `ATTACHMENT` VALUES (58, 1, '2019-07-25 18:27:54.213', '2019-07-25 18:27:54.213', 0, 'cddae326de5647d4b924159f3832fc33', '用户头像', '??2.jpg', '5/1/4/cddae326de5647d4b924159f3832fc33.jpg', 'USER_HEAD_PORTRAIT', 22, 22, 22, NULL, NULL, 'OPERATOR', 'test-bucket', '7bc913c2554747509b46ce5122ba862e.png');
INSERT INTO `ATTACHMENT` VALUES (59, 1, '2019-07-25 18:33:29.564', '2019-07-25 18:33:29.564', 0, 'de04f5032ce44db48bba8bc315dc0ea2', '用户头像', '??1.jpg', '4/1/c/de04f5032ce44db48bba8bc315dc0ea2.jpg', 'USER_HEAD_PORTRAIT', 22, 22, 22, NULL, NULL, 'OPERATOR', 'test-bucket', '7bc913c2554747509b46ce5122ba862e.png');
INSERT INTO `ATTACHMENT` VALUES (60, 1, '2019-07-26 09:50:28.071', '2019-07-26 09:50:28.071', 0, 'a4a300c869d84ca99b64606d5c8e665b', '用户头像', '美女3.jpg', '1/8/2/a4a300c869d84ca99b64606d5c8e665b.jpg', 'USER_HEAD_PORTRAIT', 22, 22, 22, NULL, NULL, 'OPERATOR', 'test-bucket', '7bc913c2554747509b46ce5122ba862e.png');
INSERT INTO `ATTACHMENT` VALUES (61, 0, '2019-07-26 10:42:29.992', '2019-07-26 10:42:29.992', 0, '519413038c1349d880d3adb71346be0e', '法人身份证正面', 'www.png', '2/4/5/519413038c1349d880d3adb71346be0e.png', 'ENT_ATT', 19, 22, 22, NULL, NULL, 'OPERATOR', 'test-bucket', '7bc913c2554747509b46ce5122ba862e.png');
INSERT INTO `ATTACHMENT` VALUES (62, 0, '2019-07-26 10:44:09.231', '2019-07-26 10:44:09.231', 0, '64274d1d90bb4b3f95af39f7fc015f4b', '法人身份证背面', 'www.png', '2/4/5/64274d1d90bb4b3f95af39f7fc015f4b.png', 'ENT_ATT', 19, 22, 22, NULL, NULL, 'OPERATOR', 'test-bucket', '7bc913c2554747509b46ce5122ba862e.png');
INSERT INTO `ATTACHMENT` VALUES (63, 0, '2019-07-26 10:44:56.370', '2019-07-26 10:44:56.370', 0, '051f8ed81519447fb9baaebe105415f0', '营业执照', 'www.png', '2/4/5/051f8ed81519447fb9baaebe105415f0.png', 'ENT_ATT', 19, 22, 22, NULL, NULL, 'OPERATOR', 'test-bucket', '7bc913c2554747509b46ce5122ba862e.png');
INSERT INTO `ATTACHMENT` VALUES (64, 0, '2019-07-26 10:45:29.825', '2019-07-26 10:45:29.825', 0, '02e70aa55472423397639924ce9672f5', '资质证书', 'www.png', '2/4/5/02e70aa55472423397639924ce9672f5.png', 'ENT_ATT', 19, 22, 22, NULL, NULL, 'OPERATOR', 'test-bucket', '7bc913c2554747509b46ce5122ba862e.png');
INSERT INTO `ATTACHMENT` VALUES (65, 0, '2019-07-26 10:45:59.650', '2019-07-26 10:45:59.650', 0, '8536cbff437147a4a88ae2c1a62eeea2', '资质证书', 'www.png', '2/4/5/8536cbff437147a4a88ae2c1a62eeea2.png', 'ENT_ATT', 20, 22, 22, NULL, NULL, 'OPERATOR', 'test-bucket', '7bc913c2554747509b46ce5122ba862e.png');
INSERT INTO `ATTACHMENT` VALUES (66, 0, '2019-07-26 10:46:14.257', '2019-07-26 10:46:14.257', 0, '7ea3de47b0374776ac82496353d12858', '营业执照', 'www.png', '2/4/5/7ea3de47b0374776ac82496353d12858.png', 'ENT_ATT', 20, 22, 22, NULL, NULL, 'OPERATOR', 'test-bucket', '7bc913c2554747509b46ce5122ba862e.png');
INSERT INTO `ATTACHMENT` VALUES (67, 0, '2019-07-26 10:46:41.567', '2019-07-26 10:46:41.567', 0, 'e73101068a8644fc9f7f57e5bdc01c67', '法人身份证正面', 'www.png', '2/4/5/e73101068a8644fc9f7f57e5bdc01c67.png', 'ENT_ATT', 20, 22, 22, NULL, NULL, 'OPERATOR', 'test-bucket', '7bc913c2554747509b46ce5122ba862e.png');
INSERT INTO `ATTACHMENT` VALUES (68, 0, '2019-07-26 10:46:59.073', '2019-07-26 10:46:59.073', 0, 'e9b70e9a33dd421f99fd1241c9468e8e', '法人身份证背面', 'www.png', '2/4/5/e9b70e9a33dd421f99fd1241c9468e8e.png', 'ENT_ATT', 20, 22, 22, NULL, NULL, 'OPERATOR', 'test-bucket', '7bc913c2554747509b46ce5122ba862e.png');
INSERT INTO `ATTACHMENT` VALUES (69, 0, '2019-07-26 10:47:18.667', '2019-07-26 10:47:18.667', 0, '97f85765d2a345ba919b772bbf7348c9', '法人身份证背面', 'www.png', '2/4/5/97f85765d2a345ba919b772bbf7348c9.png', 'ENT_ATT', 21, 22, 22, NULL, NULL, 'OPERATOR', 'test-bucket', '7bc913c2554747509b46ce5122ba862e.png');
INSERT INTO `ATTACHMENT` VALUES (70, 0, '2019-07-26 10:47:38.690', '2019-07-26 10:47:38.690', 0, 'ec12ffa7bd2e43dd80fa61277834b5f1', '资质证书', 'www.png', '2/4/5/ec12ffa7bd2e43dd80fa61277834b5f1.png', 'ENT_ATT', 21, 22, 22, NULL, NULL, 'OPERATOR', 'test-bucket', '7bc913c2554747509b46ce5122ba862e.png');
INSERT INTO `ATTACHMENT` VALUES (71, 0, '2019-07-26 10:47:49.720', '2019-07-26 10:47:49.720', 0, '5362e5d6c31343f7b196a54231b5f469', '营业执照', 'www.png', '2/4/5/5362e5d6c31343f7b196a54231b5f469.png', 'ENT_ATT', 21, 22, 22, NULL, NULL, 'OPERATOR', 'test-bucket', '7bc913c2554747509b46ce5122ba862e.png');
INSERT INTO `ATTACHMENT` VALUES (72, 0, '2019-07-26 10:48:09.839', '2019-07-26 10:48:09.839', 0, 'd73a09e445cf4e3d8390dca8783e80b0', '法人身份证背面', 'www.png', '2/4/5/d73a09e445cf4e3d8390dca8783e80b0.png', 'ENT_ATT', 21, 22, 22, NULL, NULL, 'OPERATOR', 'test-bucket', '7bc913c2554747509b46ce5122ba862e.png');
INSERT INTO `ATTACHMENT` VALUES (73, 0, '2019-07-26 10:48:30.661', '2019-07-26 10:48:30.661', 0, '672f63918c014f05b98ae587b6fc75df', '法人身份证正面', 'www.png', '2/4/5/672f63918c014f05b98ae587b6fc75df.png', 'ENT_ATT', 21, 22, 22, NULL, NULL, 'OPERATOR', 'test-bucket', '7bc913c2554747509b46ce5122ba862e.png');
INSERT INTO `ATTACHMENT` VALUES (75, 0, '2019-07-26 10:51:24.676', '2019-07-26 10:51:24.676', 0, 'fb15f9f9b6de466eb13c727f333c9436', '管理员身份证正面', 'www.png', '2/4/5/fb15f9f9b6de466eb13c727f333c9436.png', 'ENT_ADMIN_ATT', 26, 22, 22, NULL, NULL, 'OPERATOR', 'test-bucket', '7bc913c2554747509b46ce5122ba862e.png');
INSERT INTO `ATTACHMENT` VALUES (76, 0, '2019-07-26 10:51:37.300', '2019-07-26 10:51:37.300', 0, '28814f7753254740a5830800e010856a', '管理员身份证背面', 'www.png', '2/4/5/28814f7753254740a5830800e010856a.png', 'ENT_ADMIN_ATT', 26, 22, 22, NULL, NULL, 'OPERATOR', 'test-bucket', '7bc913c2554747509b46ce5122ba862e.png');
INSERT INTO `ATTACHMENT` VALUES (77, 0, '2019-07-26 10:52:13.725', '2019-07-26 10:52:13.725', 0, '0ca96287eee24867a5764677ffecdb90', '管理员身份证背面', 'www.png', '2/4/5/0ca96287eee24867a5764677ffecdb90.png', 'ENT_ADMIN_ATT', 27, 22, 22, NULL, NULL, 'OPERATOR', 'test-bucket', '7bc913c2554747509b46ce5122ba862e.png');
INSERT INTO `ATTACHMENT` VALUES (78, 0, '2019-07-26 10:52:46.078', '2019-07-26 10:52:46.078', 0, 'ec11f40c30e54a5cb161e486e795a7ec', '管理员身份证正面', 'www.png', '2/4/5/ec11f40c30e54a5cb161e486e795a7ec.png', 'ENT_ADMIN_ATT', 27, 22, 22, NULL, NULL, 'OPERATOR', 'test-bucket', '7bc913c2554747509b46ce5122ba862e.png');
INSERT INTO `ATTACHMENT` VALUES (79, 0, '2019-07-26 10:53:07.182', '2019-07-26 10:53:07.182', 0, 'c2deaec14cf5475a960db790379874c8', '管理员身份证正面', 'www.png', '2/4/5/c2deaec14cf5475a960db790379874c8.png', 'ENT_ADMIN_ATT', 25, 22, 22, NULL, NULL, 'OPERATOR', 'test-bucket', '7bc913c2554747509b46ce5122ba862e.png');
INSERT INTO `ATTACHMENT` VALUES (80, 0, '2019-07-26 10:53:25.817', '2019-07-26 10:53:25.817', 0, 'b4ef76a3f8b74aebbc17f7520aa85271', '管理员身份证背面', 'www.png', '2/4/5/b4ef76a3f8b74aebbc17f7520aa85271.png', 'ENT_ADMIN_ATT', 25, 22, 22, NULL, NULL, 'OPERATOR', 'test-bucket', '7bc913c2554747509b46ce5122ba862e.png');
INSERT INTO `ATTACHMENT` VALUES (81, 1, '2019-07-26 14:52:26.750', '2019-07-26 14:52:26.750', 0, '545d86b14bb441edb5677f581d2a9f05', '用户头像', 'u=586816607,3312322258&fm=179&app=42&f=JPG.jpeg', '1/c/3/545d86b14bb441edb5677f581d2a9f05.jpeg', 'USER_HEAD_PORTRAIT', 1, 1, 1, NULL, NULL, 'OPERATOR', 'test-bucket', '7bc913c2554747509b46ce5122ba862e.png');
INSERT INTO `ATTACHMENT` VALUES (82, 1, '2019-07-26 14:53:12.094', '2019-07-26 14:53:12.094', 0, '83b450723f8846d8a9e3579cc4130cce', '用户头像', '78310a55b319ebc44bceb0758f26cffc1f1716ac.jpg', 'a/6/9/83b450723f8846d8a9e3579cc4130cce.jpg', 'USER_HEAD_PORTRAIT', 1, 1, 1, NULL, NULL, 'OPERATOR', 'test-bucket', '7bc913c2554747509b46ce5122ba862e.png');
INSERT INTO `ATTACHMENT` VALUES (83, 1, '2019-07-26 14:53:53.947', '2019-07-26 14:53:53.947', 0, 'fa1d9623710e43b49bd894e8ef3a8062', '用户头像', 'u=586816607,3312322258&fm=179&app=42&f=JPG.jpeg', '1/c/3/fa1d9623710e43b49bd894e8ef3a8062.jpeg', 'USER_HEAD_PORTRAIT', 1, 1, 1, NULL, NULL, 'OPERATOR', 'test-bucket', '7bc913c2554747509b46ce5122ba862e.png');
INSERT INTO `ATTACHMENT` VALUES (84, 1, '2019-07-26 17:42:51.342', '2019-07-26 17:42:51.342', 0, 'e98e2b2e51884076aa3c136e5b4399fa', '用户头像', 'Loma.png', '2/c/3/e98e2b2e51884076aa3c136e5b4399fa.png', 'USER_HEAD_PORTRAIT', 22, 22, 22, NULL, NULL, 'OPERATOR', 'test-bucket', '7bc913c2554747509b46ce5122ba862e.png');
INSERT INTO `ATTACHMENT` VALUES (85, 1, '2019-07-26 17:42:55.193', '2019-07-26 17:42:55.193', 0, '5da1fafb53cd4f96b0e83ca5c88960b2', '用户头像', 'Rachel.png', '6/5/5/5da1fafb53cd4f96b0e83ca5c88960b2.png', 'USER_HEAD_PORTRAIT', 22, 22, 22, NULL, NULL, 'OPERATOR', 'test-bucket', '7bc913c2554747509b46ce5122ba862e.png');
INSERT INTO `ATTACHMENT` VALUES (86, 1, '2019-07-26 17:43:08.341', '2019-07-26 17:43:08.341', 0, '1084f18f35e240129fd36c2f475e1b3c', '用户头像', 'Joe.png', 'b/6/d/1084f18f35e240129fd36c2f475e1b3c.png', 'USER_HEAD_PORTRAIT', 22, 22, 22, NULL, NULL, 'OPERATOR', 'test-bucket', '7bc913c2554747509b46ce5122ba862e.png');
INSERT INTO `ATTACHMENT` VALUES (87, 1, '2019-07-26 17:43:10.399', '2019-07-26 17:43:10.399', 0, 'fac94bbb396e40628ffe1d79b9400511', '用户头像', 'Moxx.png', 'd/f/7/fac94bbb396e40628ffe1d79b9400511.png', 'USER_HEAD_PORTRAIT', 22, 22, 22, NULL, NULL, 'OPERATOR', 'test-bucket', '7bc913c2554747509b46ce5122ba862e.png');
INSERT INTO `ATTACHMENT` VALUES (88, 1, '2019-07-26 17:57:26.189', '2019-07-26 17:57:26.189', 0, 'f123abcb0e234dbfbd0752cb44c3b235', '用户头像', '美女1.jpg', 'f/7/1/f123abcb0e234dbfbd0752cb44c3b235.jpg', 'USER_HEAD_PORTRAIT', 22, 22, 22, NULL, NULL, 'OPERATOR', 'test-bucket', '7bc913c2554747509b46ce5122ba862e.png');
INSERT INTO `ATTACHMENT` VALUES (89, 1, '2019-07-30 14:17:51.691', '2019-07-30 14:17:51.691', 0, 'ab05477b2c5d407c9d955409d8ad4d82', '用户头像', 'Moxx.png', 'd/f/7/ab05477b2c5d407c9d955409d8ad4d82.png', 'USER_HEAD_PORTRAIT', 1, 1, 1, NULL, NULL, 'OPERATOR', 'test-bucket', '7bc913c2554747509b46ce5122ba862e.png');
INSERT INTO `ATTACHMENT` VALUES (90, 1, '2019-07-30 14:18:05.014', '2019-07-30 14:18:05.014', 0, '94c6ab9d7eb1442b9182daaf61ebea29', '用户头像', 'Joe.png', 'b/6/d/94c6ab9d7eb1442b9182daaf61ebea29.png', 'USER_HEAD_PORTRAIT', 1, 1, 1, NULL, NULL, 'OPERATOR', 'test-bucket', '7bc913c2554747509b46ce5122ba862e.png');
INSERT INTO `ATTACHMENT` VALUES (91, 1, '2019-07-30 14:19:16.493', '2019-07-30 14:19:16.493', 0, 'a22a48fcb0404a79897f2160c43abd1b', '用户头像', 'www.png', '2/4/5/a22a48fcb0404a79897f2160c43abd1b.png', 'USER_HEAD_PORTRAIT', 1, 1, 1, NULL, NULL, 'OPERATOR', 'test-bucket', '7bc913c2554747509b46ce5122ba862e.png');
INSERT INTO `ATTACHMENT` VALUES (92, 1, '2019-07-30 14:19:20.690', '2019-07-30 14:19:20.690', 0, '2f5dc75dc3bc4046973d5fd4908705b1', '用户头像', 'ttt.png', 'f/b/2/2f5dc75dc3bc4046973d5fd4908705b1.png', 'USER_HEAD_PORTRAIT', 1, 1, 1, NULL, NULL, 'OPERATOR', 'test-bucket', '7bc913c2554747509b46ce5122ba862e.png');
INSERT INTO `ATTACHMENT` VALUES (93, 1, '2019-07-30 14:19:44.061', '2019-07-30 14:19:44.061', 0, '14a421a89fd44afaa3f34276e2e00e18', '用户头像', 'www.png', '2/4/5/14a421a89fd44afaa3f34276e2e00e18.png', 'USER_HEAD_PORTRAIT', 1, 1, 1, NULL, NULL, 'OPERATOR', 'test-bucket', '7bc913c2554747509b46ce5122ba862e.png');
INSERT INTO `ATTACHMENT` VALUES (94, 1, '2019-07-30 14:19:47.814', '2019-07-30 14:19:47.814', 0, 'c0ee1b30b3ca45268585eddc92daeaa8', '用户头像', 'test.png', 'd/3/c/c0ee1b30b3ca45268585eddc92daeaa8.png', 'USER_HEAD_PORTRAIT', 1, 1, 1, NULL, NULL, 'OPERATOR', 'test-bucket', '7bc913c2554747509b46ce5122ba862e.png');
INSERT INTO `ATTACHMENT` VALUES (95, 1, '2019-07-30 14:19:53.287', '2019-07-30 14:19:53.287', 0, '215fc539ec39407fb393e330a2fa604f', '用户头像', 'www.png', '2/4/5/215fc539ec39407fb393e330a2fa604f.png', 'USER_HEAD_PORTRAIT', 1, 1, 1, NULL, NULL, 'OPERATOR', 'test-bucket', '7bc913c2554747509b46ce5122ba862e.png');
INSERT INTO `ATTACHMENT` VALUES (96, 1, '2019-07-30 14:21:23.435', '2019-07-30 14:21:23.435', 0, '3bbde12d8ae74b3eb0ae909813a54807', '用户头像', '美女1.jpg', 'f/7/1/3bbde12d8ae74b3eb0ae909813a54807.jpg', 'USER_HEAD_PORTRAIT', 1, 1, 1, NULL, NULL, 'OPERATOR', 'test-bucket', '7bc913c2554747509b46ce5122ba862e.png');
INSERT INTO `ATTACHMENT` VALUES (97, 1, '2019-07-30 14:28:16.304', '2019-07-30 14:28:16.304', 0, '59120dd778ac47b58cb382b0ccafbcb1', '用户头像', '美女3.jpg', '1/8/2/59120dd778ac47b58cb382b0ccafbcb1.jpg', 'USER_HEAD_PORTRAIT', 22, 22, 22, NULL, NULL, 'OPERATOR', 'test-bucket', '7bc913c2554747509b46ce5122ba862e.png');
INSERT INTO `ATTACHMENT` VALUES (98, 0, '2019-07-30 14:30:58.074', '2019-07-30 14:30:58.074', 0, '4438a4b96e134f10b53ef59471f8fa10', '用户头像', '美女1.jpg', 'f/7/1/4438a4b96e134f10b53ef59471f8fa10.jpg', 'USER_HEAD_PORTRAIT', 22, 22, 22, NULL, NULL, 'OPERATOR', 'test-bucket', '7bc913c2554747509b46ce5122ba862e.png');
INSERT INTO `ATTACHMENT` VALUES (99, 1, '2019-07-31 08:28:38.143', '2019-07-31 08:28:38.143', 0, '9643e1cccfe8475ebb70f45cd9df02b8', '用户头像', 'banner.jpg', 'f/7/1/9643e1cccfe8475ebb70f45cd9df02b8.jpg', 'USER_HEAD_PORTRAIT', 1, 1, 1, NULL, NULL, 'OPERATOR', 'test-bucket', '7bc913c2554747509b46ce5122ba862e.png');
INSERT INTO `ATTACHMENT` VALUES (100, 1, '2019-07-31 08:29:03.253', '2019-07-31 08:29:03.253', 0, '06e4fb58e83b45d381f06b74c1718d1f', '用户头像', 'www.png', '2/4/5/06e4fb58e83b45d381f06b74c1718d1f.png', 'USER_HEAD_PORTRAIT', 1, 1, 1, NULL, NULL, 'OPERATOR', 'test-bucket', '7bc913c2554747509b46ce5122ba862e.png');
INSERT INTO `ATTACHMENT` VALUES (101, 1, '2019-07-31 08:29:44.607', '2019-07-31 08:29:44.607', 0, '1ae9c0c928e14d44ae8012da1d577217', '用户头像', 'ttt.png', 'f/b/2/1ae9c0c928e14d44ae8012da1d577217.png', 'USER_HEAD_PORTRAIT', 1, 1, 1, NULL, NULL, 'OPERATOR', 'test-bucket', '7bc913c2554747509b46ce5122ba862e.png');
INSERT INTO `ATTACHMENT` VALUES (103, 1, '2019-07-31 13:44:04.495', '2019-07-31 13:44:04.495', 0, '42b2e3cfc47f4395aed3c81c202eabdb', '合同附件', '1.png', 'c/b/e/42b2e3cfc47f4395aed3c81c202eabdb.png', 'CONTRACT_ATT', 2, 1, 1, NULL, NULL, 'OPERATOR', 'test-bucket', '7bc913c2554747509b46ce5122ba862e.png');
INSERT INTO `ATTACHMENT` VALUES (104, 1, '2019-07-31 13:44:11.512', '2019-07-31 13:44:11.512', 0, '97d1d7097d6b4ea281e1a6c4ff2ad8b3', '合同附件', '测试.jpg', 'd/7/d/97d1d7097d6b4ea281e1a6c4ff2ad8b3.jpg', 'INVOICE_ATT', 2, 1, 1, NULL, NULL, 'OPERATOR', 'test-bucket', '7bc913c2554747509b46ce5122ba862e.png');
INSERT INTO `ATTACHMENT` VALUES (105, 0, '2019-07-31 13:47:32.738', '2019-07-31 13:47:32.738', 0, '8f193b21a8714ff595393f61b3bc0b92', '合同附件', '测试.jpg', 'd/7/d/8f193b21a8714ff595393f61b3bc0b92.jpg', 'CONTRACT_ATT', 3, 1, 1, NULL, NULL, 'OPERATOR', 'test-bucket', '7bc913c2554747509b46ce5122ba862e.png');
INSERT INTO `ATTACHMENT` VALUES (106, 0, '2019-07-31 13:47:32.752', '2019-07-31 13:47:32.752', 0, '734ad8193c2d48838daa61ee7c91ad79', '合同附件', '1.png', 'c/b/e/734ad8193c2d48838daa61ee7c91ad79.png', 'INVOICE_ATT', 3, 1, 1, NULL, NULL, 'OPERATOR', 'test-bucket', '7bc913c2554747509b46ce5122ba862e.png');
INSERT INTO `ATTACHMENT` VALUES (107, 0, '2019-07-31 13:48:28.244', '2019-07-31 13:48:28.244', 0, '997133e9192749189c44f132957d7122', '合同附件', '测试.jpg', 'd/7/d/997133e9192749189c44f132957d7122.jpg', 'CONTRACT_ATT', 4, 1, 1, NULL, NULL, 'OPERATOR', 'test-bucket', '7bc913c2554747509b46ce5122ba862e.png');
INSERT INTO `ATTACHMENT` VALUES (108, 0, '2019-07-31 13:48:28.260', '2019-07-31 13:48:28.260', 0, '78b773436a1a418da534ac2c9e705325', '合同附件', '1.png', 'c/b/e/78b773436a1a418da534ac2c9e705325.png', 'INVOICE_ATT', 4, 1, 1, NULL, NULL, 'OPERATOR', 'test-bucket', '7bc913c2554747509b46ce5122ba862e.png');
INSERT INTO `ATTACHMENT` VALUES (109, 0, '2019-07-31 14:06:32.640', '2019-07-31 14:06:32.640', 0, '81ad6230c1034e4f8cb5320c35eff415', '合同附件', '测试.jpg', 'd/7/d/81ad6230c1034e4f8cb5320c35eff415.jpg', 'ACCOUNT_STATEMENT_ATT', 5, 1, 1, NULL, NULL, 'OPERATOR', 'test-bucket', '7bc913c2554747509b46ce5122ba862e.png');
INSERT INTO `ATTACHMENT` VALUES (110, 0, '2019-07-31 14:12:01.716', '2019-07-31 14:12:01.716', 0, 'ca76ed14d4704a29a5035df8a2ba6305', '合同附件', '1.png', 'c/b/e/ca76ed14d4704a29a5035df8a2ba6305.png', 'ACCOUNT_STATEMENT_ATT', 6, 1, 1, NULL, NULL, 'OPERATOR', 'test-bucket', '7bc913c2554747509b46ce5122ba862e.png');
INSERT INTO `ATTACHMENT` VALUES (111, 1, '2019-08-01 10:47:22.199', '2019-08-01 10:47:22.199', 0, '3ae8966436f34b35a7c0ac76c51c6657', '合同附件', '1.png', 'c/b/e/3ae8966436f34b35a7c0ac76c51c6657.png', 'ACCOUNT_STATEMENT_ATT', 2, 1, 1, NULL, NULL, 'OPERATOR', 'test-bucket', '7bc913c2554747509b46ce5122ba862e.png');
INSERT INTO `ATTACHMENT` VALUES (112, 1, '2019-08-01 10:48:31.099', '2019-08-01 10:48:31.099', 0, '0f85c1b9fa1242e9b18d374a4b839fd0', '合同附件', '1.png', 'c/b/e/0f85c1b9fa1242e9b18d374a4b839fd0.png', 'ACCOUNT_STATEMENT_ATT', 2, 1, 1, NULL, NULL, 'OPERATOR', 'test-bucket', '7bc913c2554747509b46ce5122ba862e.png');
INSERT INTO `ATTACHMENT` VALUES (113, 1, '2019-08-01 10:50:29.593', '2019-08-01 10:50:29.593', 0, '612b787de8a14d019514e8a456c73e8a', '合同附件', '1.png', 'c/b/e/612b787de8a14d019514e8a456c73e8a.png', 'ACCOUNT_STATEMENT_ATT', 2, 1, 1, NULL, NULL, 'OPERATOR', 'test-bucket', '7bc913c2554747509b46ce5122ba862e.png');
INSERT INTO `ATTACHMENT` VALUES (114, 1, '2019-08-01 10:53:02.736', '2019-08-01 10:53:02.736', 0, '79a77e3205bb4bf7b9f6d2ca97ef86ce', '合同附件', '1.png', 'c/b/e/79a77e3205bb4bf7b9f6d2ca97ef86ce.png', 'ACCOUNT_STATEMENT_ATT', 2, 1, 1, NULL, NULL, 'OPERATOR', 'test-bucket', '7bc913c2554747509b46ce5122ba862e.png');
INSERT INTO `ATTACHMENT` VALUES (115, 1, '2019-08-01 10:56:01.413', '2019-08-01 10:56:01.413', 0, 'cf2977b2d75b408197086ab1bc909abd', '合同附件', '1.png', 'c/b/e/cf2977b2d75b408197086ab1bc909abd.png', 'ACCOUNT_STATEMENT_ATT', 2, 1, 1, NULL, NULL, 'OPERATOR', 'test-bucket', '7bc913c2554747509b46ce5122ba862e.png');
INSERT INTO `ATTACHMENT` VALUES (116, 1, '2019-08-01 11:00:40.030', '2019-08-01 11:00:40.030', 0, '7ddf0f6332314bbd9c283565411bc663', '合同附件', '1.png', 'c/b/e/7ddf0f6332314bbd9c283565411bc663.png', 'ACCOUNT_STATEMENT_ATT', 2, 1, 1, NULL, NULL, 'OPERATOR', 'test-bucket', '7bc913c2554747509b46ce5122ba862e.png');
INSERT INTO `ATTACHMENT` VALUES (117, 0, '2019-08-01 11:16:53.465', '2019-08-01 11:16:53.465', 0, '0a6e8d73d5e941c89394d960983e8e75', '合同附件', '1.png', 'c/b/e/0a6e8d73d5e941c89394d960983e8e75.png', 'ACCOUNT_STATEMENT_ATT', 2, 1, 1, NULL, NULL, 'OPERATOR', 'test-bucket', '7bc913c2554747509b46ce5122ba862e.png');
INSERT INTO `ATTACHMENT` VALUES (118, 0, '2019-08-01 15:19:34.708', '2019-08-01 15:19:34.708', 0, 'dc4a3745c5ad402094055df2463f7403', '合同附件', '1.png', 'c/b/e/dc4a3745c5ad402094055df2463f7403.png', 'ACCOUNT_STATEMENT_ATT', 7, 1, 1, NULL, NULL, 'OPERATOR', 'test-bucket', '7bc913c2554747509b46ce5122ba862e.png');
INSERT INTO `ATTACHMENT` VALUES (119, 0, '2019-08-01 15:40:04.220', '2019-08-01 15:40:04.220', 0, 'a2077c566e2948259a5e267b2d92b862', '企业用户证件附件', '1.png', 'c/b/e/a2077c566e2948259a5e267b2d92b862.png', 'ENT_USER_ATT', 0, 1, 1, NULL, NULL, 'OPERATOR', 'test-bucket', '7bc913c2554747509b46ce5122ba862e.png');
INSERT INTO `ATTACHMENT` VALUES (120, 0, '2019-08-01 16:21:00.847', '2019-08-01 16:21:00.847', 0, '2cf0cf90882a4ceca7842b5bf98a6eef', '合同附件', '1.png', 'c/b/e/2cf0cf90882a4ceca7842b5bf98a6eef.png', 'ACCOUNT_STATEMENT_ATT', 8, 1, 1, NULL, NULL, 'OPERATOR', 'test-bucket', '7bc913c2554747509b46ce5122ba862e.png');
INSERT INTO `ATTACHMENT` VALUES (121, 0, '2019-08-01 16:25:44.285', '2019-08-01 16:25:44.285', 0, '196e28d81f2f4b5dab51e7da25a5d1c6', '合同附件', '1.png', 'c/b/e/196e28d81f2f4b5dab51e7da25a5d1c6.png', 'ACCOUNT_STATEMENT_ATT', 9, 1, 1, NULL, NULL, 'OPERATOR', 'test-bucket', '7bc913c2554747509b46ce5122ba862e.png');
INSERT INTO `ATTACHMENT` VALUES (122, 0, '2019-08-01 16:34:05.906', '2019-08-01 16:34:05.906', 0, '888fba9806a644458192c3500cdd6890', '合同附件', '1.png', 'c/b/e/888fba9806a644458192c3500cdd6890.png', 'INTERNAL_APPROVAL_ATT', 10, 1, 1, NULL, NULL, 'OPERATOR', 'test-bucket', '7bc913c2554747509b46ce5122ba862e.png');
INSERT INTO `ATTACHMENT` VALUES (123, 0, '2019-08-01 16:35:56.229', '2019-08-01 16:35:56.229', 0, 'ca0f3782d92b446cab800a2f30256038', '合同附件', '1.png', 'c/b/e/ca0f3782d92b446cab800a2f30256038.png', 'INTERNAL_APPROVAL_ATT', 11, 1, 1, NULL, NULL, 'OPERATOR', 'test-bucket', '7bc913c2554747509b46ce5122ba862e.png');
INSERT INTO `ATTACHMENT` VALUES (124, 0, '2019-08-01 17:20:56.104', '2019-08-01 17:20:56.104', 0, '6d89c08be7b140908f2e7d7ea9125825', '合同附件', '1.png', 'c/b/e/6d89c08be7b140908f2e7d7ea9125825.png', 'INTERNAL_APPROVAL_ATT', 12, 1, 1, NULL, NULL, 'OPERATOR', 'test-bucket', '7bc913c2554747509b46ce5122ba862e.png');
INSERT INTO `ATTACHMENT` VALUES (125, 0, '2019-08-02 15:35:23.674', '2019-08-02 15:35:23.674', 0, '810f229a4f204205bdacfb7a33405800', '企业其他文件附件', '1.jpg', '4/9/a/810f229a4f204205bdacfb7a33405800.jpg', 'ENT_OTHER_ATT', 18, 22, 22, NULL, NULL, 'OPERATOR', 'test-bucket', '7bc913c2554747509b46ce5122ba862e.png');
INSERT INTO `ATTACHMENT` VALUES (126, 0, '2019-08-02 15:35:23.875', '2019-08-02 15:35:23.875', 0, '10357443291d4b229b62af7eee07276f', '企业资质证书附件', '1.jpg', '4/9/a/10357443291d4b229b62af7eee07276f.jpg', 'ENT_CERT_ATT', 18, 22, 22, NULL, NULL, 'OPERATOR', 'test-bucket', '7bc913c2554747509b46ce5122ba862e.png');
INSERT INTO `ATTACHMENT` VALUES (127, 0, '2019-08-02 15:35:23.892', '2019-08-02 15:35:23.892', 0, '50c5c7b18396491f9678a5919dba4e85', '企业营业执照附件', '1.jpg', '4/9/a/50c5c7b18396491f9678a5919dba4e85.jpg', 'ENT_BUSINESS_LIC_ATT', 18, 22, 22, NULL, NULL, 'OPERATOR', 'test-bucket', '7bc913c2554747509b46ce5122ba862e.png');
INSERT INTO `ATTACHMENT` VALUES (128, 0, '2019-08-02 15:35:23.937', '2019-08-02 15:35:23.937', 0, 'e1dcc284f3da49d2bf8cadeac021bf85', '法人代表身份证附件', '1.jpg', '4/9/a/e1dcc284f3da49d2bf8cadeac021bf85.jpg', 'ENT_IDCARD_ATT', 18, 22, 22, NULL, NULL, 'OPERATOR', 'test-bucket', '7bc913c2554747509b46ce5122ba862e.png');
INSERT INTO `ATTACHMENT` VALUES (129, 0, '2019-08-02 15:36:12.454', '2019-08-02 15:36:12.454', 0, '7e1669b8f5ee4e19a24bf0f5070a5dbd', '企业其他文件附件', '1.jpg', '4/9/a/7e1669b8f5ee4e19a24bf0f5070a5dbd.jpg', 'ENT_OTHER_ATT', 18, 22, 22, NULL, NULL, 'OPERATOR', 'test-bucket', '7bc913c2554747509b46ce5122ba862e.png');
INSERT INTO `ATTACHMENT` VALUES (130, 0, '2019-08-02 15:36:12.500', '2019-08-02 15:36:12.500', 0, '0e699bd6df654c88bf3bbe11f63572a9', '企业资质证书附件', '1.jpg', '4/9/a/0e699bd6df654c88bf3bbe11f63572a9.jpg', 'ENT_CERT_ATT', 18, 22, 22, NULL, NULL, 'OPERATOR', 'test-bucket', '7bc913c2554747509b46ce5122ba862e.png');
INSERT INTO `ATTACHMENT` VALUES (131, 0, '2019-08-02 15:36:12.518', '2019-08-02 15:36:12.518', 0, '3ebb68d668fe46dcba98f24235f264c9', '企业营业执照附件', '1.jpg', '4/9/a/3ebb68d668fe46dcba98f24235f264c9.jpg', 'ENT_BUSINESS_LIC_ATT', 18, 22, 22, NULL, NULL, 'OPERATOR', 'test-bucket', '7bc913c2554747509b46ce5122ba862e.png');
INSERT INTO `ATTACHMENT` VALUES (132, 0, '2019-08-02 15:36:12.528', '2019-08-02 15:36:12.528', 0, '1890fdb7038c4b29b62e855399a8d9cc', '法人代表身份证附件', '1.jpg', '4/9/a/1890fdb7038c4b29b62e855399a8d9cc.jpg', 'ENT_IDCARD_ATT', 18, 22, 22, NULL, NULL, 'OPERATOR', 'test-bucket', '7bc913c2554747509b46ce5122ba862e.png');
INSERT INTO `ATTACHMENT` VALUES (133, 0, '2019-08-02 15:39:19.107', '2019-08-02 15:39:19.107', 0, '97fa2bbdcf77434c8ff5a60c294d7ef8', '企业其他文件附件', '1.jpg', '4/9/a/97fa2bbdcf77434c8ff5a60c294d7ef8.jpg', 'ENT_OTHER_ATT', 18, 22, 22, NULL, NULL, 'OPERATOR', 'test-bucket', '7bc913c2554747509b46ce5122ba862e.png');
INSERT INTO `ATTACHMENT` VALUES (134, 0, '2019-08-02 15:39:19.157', '2019-08-02 15:39:19.157', 0, 'a0334d420c26485cb1bb5febd866c69d', '企业资质证书附件', '1.jpg', '4/9/a/a0334d420c26485cb1bb5febd866c69d.jpg', 'ENT_CERT_ATT', 18, 22, 22, NULL, NULL, 'OPERATOR', 'test-bucket', '7bc913c2554747509b46ce5122ba862e.png');
INSERT INTO `ATTACHMENT` VALUES (135, 0, '2019-08-02 15:39:19.184', '2019-08-02 15:39:19.184', 0, 'a0815d186b41446fa038d617b03e5810', '企业营业执照附件', '1.jpg', '4/9/a/a0815d186b41446fa038d617b03e5810.jpg', 'ENT_BUSINESS_LIC_ATT', 18, 22, 22, NULL, NULL, 'OPERATOR', 'test-bucket', '7bc913c2554747509b46ce5122ba862e.png');
INSERT INTO `ATTACHMENT` VALUES (136, 0, '2019-08-02 15:39:19.197', '2019-08-02 15:39:19.197', 0, '3caab209a99c4e1a9d7c2948149ebd1d', '法人代表身份证附件', '1.jpg', '4/9/a/3caab209a99c4e1a9d7c2948149ebd1d.jpg', 'ENT_IDCARD_ATT', 18, 22, 22, NULL, NULL, 'OPERATOR', 'test-bucket', '7bc913c2554747509b46ce5122ba862e.png');
INSERT INTO `ATTACHMENT` VALUES (137, 0, '2019-08-02 16:16:11.378', '2019-08-02 16:16:11.378', 0, 'ad5672b6fbe541018161a5c4dbffbc14', '企业用户证件附件', '??2.jpg', '5/1/4/ad5672b6fbe541018161a5c4dbffbc14.jpg', 'ENT_USER_ATT', 47, 1, 1, NULL, NULL, 'OPERATOR', 'test-bucket', '7bc913c2554747509b46ce5122ba862e.png');
INSERT INTO `ATTACHMENT` VALUES (138, 0, '2019-08-02 16:25:26.324', '2019-08-02 16:25:26.324', 0, 'cea46286d60f4f348619bbe35ee3bacc', '企业用户证件附件', '发票2.jpg', 'e/3/c/cea46286d60f4f348619bbe35ee3bacc.jpg', 'ENT_USER_ATT', 0, 1, 1, NULL, NULL, 'OPERATOR', 'test-bucket', '7bc913c2554747509b46ce5122ba862e.png');
INSERT INTO `ATTACHMENT` VALUES (140, 0, '2019-08-02 17:27:05.654', '2019-08-02 17:27:05.654', 0, '8b998fd3337c45939b3a80a46fe5fd9c', '合同附件', '1.png', 'c/b/e/8b998fd3337c45939b3a80a46fe5fd9c.png', 'INTERNAL_APPROVAL_ATT', 13, 1, 1, NULL, NULL, 'OPERATOR', 'test-bucket', '7bc913c2554747509b46ce5122ba862e.png');
INSERT INTO `ATTACHMENT` VALUES (141, 1, '2019-08-02 17:46:47.888', '2019-08-02 17:46:47.888', 0, '6461bf5c079d48258d44fd6e84830947', '企业用户证件附件', 'hx.png', 'b/2/4/6461bf5c079d48258d44fd6e84830947.png', 'ENT_USER_ATT', 49, 1, 1, NULL, NULL, 'OPERATOR', 'test-bucket', '7bc913c2554747509b46ce5122ba862e.png');
INSERT INTO `ATTACHMENT` VALUES (145, 0, '2019-08-05 10:44:32.155', '2019-08-05 10:44:32.155', 0, 'af34a514c22f41f2bc0aca00c800e40d', '合同附件', 'Python入门到精通.pdf', '1/4/5/af34a514c22f41f2bc0aca00c800e40d.pdf', 'CONTRACT_ATT', 15, 1, 1, NULL, NULL, 'OPERATOR', 'test-bucket', '7bc913c2554747509b46ce5122ba862e.png');
INSERT INTO `ATTACHMENT` VALUES (146, 0, '2019-08-05 10:44:32.209', '2019-08-05 10:44:32.209', 0, '6fa09d7a6179427bb5ac4a9405b9c935', '合同附件', 'project-第四讲.docx', 'f/7/1/6fa09d7a6179427bb5ac4a9405b9c935.docx', 'CONTRACT_ATT', 15, 1, 1, NULL, NULL, 'OPERATOR', 'test-bucket', '7bc913c2554747509b46ce5122ba862e.png');
INSERT INTO `ATTACHMENT` VALUES (147, 0, '2019-08-05 10:47:02.575', '2019-08-05 10:47:02.575', 0, 'c85e48d0b98348e6912f1e8ac22dfad7', '合同附件', 'car.jpg', '7/1/c/c85e48d0b98348e6912f1e8ac22dfad7.jpg', 'CONTRACT_ATT', 19, 1, 1, NULL, NULL, 'OPERATOR', 'test-bucket', '7bc913c2554747509b46ce5122ba862e.png');
INSERT INTO `ATTACHMENT` VALUES (148, 1, '2019-08-05 10:47:02.611', '2019-08-05 10:47:02.611', 0, '4bee2d653efe4f59942d1095d18b949f', '合同附件', 'car.jpg', '7/1/c/4bee2d653efe4f59942d1095d18b949f.jpg', 'CONTRACT_ATT', 19, 1, 1, NULL, NULL, 'OPERATOR', 'test-bucket', '7bc913c2554747509b46ce5122ba862e.png');
INSERT INTO `ATTACHMENT` VALUES (152, 0, '2019-08-05 11:14:19.407', '2019-08-05 11:14:19.407', 0, '3348632b330f45bab32f475a00d9f88f', '企业账户资料附件', 'u=586816607,3312322258&fm=179&app=42&f=JPG.jpeg', '1/c/3/3348632b330f45bab32f475a00d9f88f.jpeg', 'ENT_BANK_ACCOUNT_ATT', 13, 20, 20, NULL, NULL, 'OPERATOR', 'test-bucket', '7bc913c2554747509b46ce5122ba862e.png');
INSERT INTO `ATTACHMENT` VALUES (153, 0, '2019-08-05 11:38:44.688', '2019-08-05 11:38:44.688', 0, '4187c251e8374329bb3d7075c1f8addc', '企业账户资料附件', 'u=586816607,3312322258&fm=179&app=42&f=JPG.jpeg', '1/c/3/4187c251e8374329bb3d7075c1f8addc.jpeg', 'ENT_BANK_ACCOUNT_ATT', 14, 20, 20, NULL, NULL, 'OPERATOR', 'test-bucket', '7bc913c2554747509b46ce5122ba862e.png');
INSERT INTO `ATTACHMENT` VALUES (154, 0, '2019-08-05 11:44:01.249', '2019-08-05 11:44:01.249', 0, '82f4f617af37435ca3aae4889f8e2e58', '企业账户资料附件', 'u=586816607,3312322258&fm=179&app=42&f=JPG.jpeg', '1/c/3/82f4f617af37435ca3aae4889f8e2e58.jpeg', 'ENT_BANK_ACCOUNT_ATT', 15, 20, 20, NULL, NULL, 'OPERATOR', 'test-bucket', '7bc913c2554747509b46ce5122ba862e.png');
INSERT INTO `ATTACHMENT` VALUES (155, 0, '2019-08-05 14:37:46.914', '2019-08-05 14:37:46.914', 0, 'b74478083ec14053bc3056c73e5ac64d', '企业账户资料附件', 'u=586816607,3312322258&fm=179&app=42&f=JPG.jpeg', '1/c/3/b74478083ec14053bc3056c73e5ac64d.jpeg', 'ENT_BANK_ACCOUNT_ATT', 16, 20, 20, NULL, NULL, 'OPERATOR', 'test-bucket', '7bc913c2554747509b46ce5122ba862e.png');
INSERT INTO `ATTACHMENT` VALUES (156, 0, '2019-08-05 15:10:43.325', '2019-08-05 15:10:43.325', 0, 'f5c06280e3c046ba8a4e630f900e1c98', '企业账户资料附件', 'u=586816607,3312322258&fm=179&app=42&f=JPG.jpeg', '1/c/3/f5c06280e3c046ba8a4e630f900e1c98.jpeg', 'ENT_BANK_ACCOUNT_ATT', 17, 20, 20, NULL, NULL, 'OPERATOR', 'test-bucket', '7bc913c2554747509b46ce5122ba862e.png');
INSERT INTO `ATTACHMENT` VALUES (157, 0, '2019-08-05 15:13:51.930', '2019-08-05 15:13:51.930', 0, '4893ff9d2033405f911ad82072fd72de', '企业账户资料附件', '78310a55b319ebc44bceb0758f26cffc1f1716ac.jpg', 'a/6/9/4893ff9d2033405f911ad82072fd72de.jpg', 'ENT_BANK_ACCOUNT_ATT', 17, 20, 20, NULL, NULL, 'OPERATOR', 'test-bucket', '7bc913c2554747509b46ce5122ba862e.png');
INSERT INTO `ATTACHMENT` VALUES (158, 0, '2019-08-05 15:18:44.290', '2019-08-05 15:18:44.290', 0, 'ee2af5ab1fbd4c6e88e8beb844cb0dec', '企业账户资料附件', 'u=586816607,3312322258&fm=179&app=42&f=JPG.jpeg', '1/c/3/ee2af5ab1fbd4c6e88e8beb844cb0dec.jpeg', 'ENT_BANK_ACCOUNT_ATT', 18, 20, 20, NULL, NULL, 'OPERATOR', 'test-bucket', '7bc913c2554747509b46ce5122ba862e.png');
INSERT INTO `ATTACHMENT` VALUES (159, 0, '2019-08-05 15:20:53.162', '2019-08-05 15:20:53.162', 0, '9ca6539806644e1896985d982ff6f436', '企业账户资料附件', '78310a55b319ebc44bceb0758f26cffc1f1716ac.jpg', 'a/6/9/9ca6539806644e1896985d982ff6f436.jpg', 'ENT_BANK_ACCOUNT_ATT', 18, 20, 20, NULL, NULL, 'OPERATOR', 'test-bucket', '7bc913c2554747509b46ce5122ba862e.png');
INSERT INTO `ATTACHMENT` VALUES (160, 0, '2019-08-05 17:45:57.874', '2019-08-05 17:45:57.874', 0, '833e4a4f09f04ee4987be3e60b13ea53', '企业用户证件附件', '??2.jpg', '5/1/4/833e4a4f09f04ee4987be3e60b13ea53.jpg', 'ENT_USER_ATT', 49, 1, 1, NULL, NULL, 'OPERATOR', 'test-bucket', '7bc913c2554747509b46ce5122ba862e.png');
INSERT INTO `ATTACHMENT` VALUES (161, 1, '2019-08-06 10:04:22.562', '2019-08-06 10:04:22.562', 0, '944bff3455ed4f1e8c1f0c70f470fd5f', '合同附件', '测试.jpg', 'd/7/d/944bff3455ed4f1e8c1f0c70f470fd5f.jpg', 'OTHER_ATT', 20, 1, 1, NULL, NULL, 'OPERATOR', 'test-bucket', '7bc913c2554747509b46ce5122ba862e.png');
INSERT INTO `ATTACHMENT` VALUES (162, 0, '2019-08-06 14:06:31.579', '2019-08-06 14:06:31.579', 0, '4420b7748cd9406590da67c0a1d31841', '合同附件', '??.jpg', '3/4/d/4420b7748cd9406590da67c0a1d31841.jpg', 'SEND_GOODS_ATT', 24, 1, 1, NULL, NULL, 'OPERATOR', 'test-bucket', '7bc913c2554747509b46ce5122ba862e.png');
INSERT INTO `ATTACHMENT` VALUES (163, 0, '2019-08-06 14:06:31.606', '2019-08-06 14:06:31.606', 0, '34f910700ffa4030aa1949d7563ae13b', '合同附件', '??.jpg', '3/4/d/34f910700ffa4030aa1949d7563ae13b.jpg', 'CONTRACT_ATT', 24, 1, 1, NULL, NULL, 'OPERATOR', 'test-bucket', '7bc913c2554747509b46ce5122ba862e.png');
INSERT INTO `ATTACHMENT` VALUES (164, 0, '2019-08-06 14:14:50.408', '2019-08-06 14:14:50.408', 0, '92b098b4596c412b96fa79c0c930e6cb', '合同附件', '??.png', 'b/6/1/92b098b4596c412b96fa79c0c930e6cb.png', 'INTERNAL_APPROVAL_ATT', 25, 1, 1, NULL, NULL, 'OPERATOR', 'test-bucket', '7bc913c2554747509b46ce5122ba862e.png');
INSERT INTO `ATTACHMENT` VALUES (165, 0, '2019-08-06 14:19:31.259', '2019-08-06 14:19:31.259', 0, '37dd7dc352db4b4c994e1f5fb7abe8c2', '合同附件', '??.png', 'b/6/1/37dd7dc352db4b4c994e1f5fb7abe8c2.png', 'INVOICE_ATT', 26, 1, 1, NULL, NULL, 'OPERATOR', 'test-bucket', '7bc913c2554747509b46ce5122ba862e.png');
INSERT INTO `ATTACHMENT` VALUES (166, 1, '2019-08-06 14:31:04.421', '2019-08-06 14:31:04.421', 0, '71dbfa6bd2ac49689bce5a7de863464f', '企业用户证件正面', 'u=586816607,3312322258&fm=179&app=42&f=JPG.jpeg', '1/c/3/71dbfa6bd2ac49689bce5a7de863464f.jpeg', 'ENT_USER_ATT_FRONT', 56, 34, 34, NULL, NULL, 'OPERATOR', 'test-bucket', '7bc913c2554747509b46ce5122ba862e.png');
INSERT INTO `ATTACHMENT` VALUES (167, 1, '2019-08-06 14:31:04.555', '2019-08-06 14:31:04.555', 0, '7b60a9ab039048d9a02249d79b89de0e', '企业用户证件背面', '78310a55b319ebc44bceb0758f26cffc1f1716ac.jpg', 'a/6/9/7b60a9ab039048d9a02249d79b89de0e.jpg', 'ENT_USER_ATT_BACK', 56, 34, 34, NULL, NULL, 'OPERATOR', 'test-bucket', '7bc913c2554747509b46ce5122ba862e.png');
INSERT INTO `ATTACHMENT` VALUES (168, 1, '2019-08-06 14:31:42.567', '2019-08-06 14:31:42.567', 0, 'caa91e4fa14343008b3651bb264c0094', '企业用户证件背面', 'u=586816607,3312322258&fm=179&app=42&f=JPG.jpeg', '1/c/3/caa91e4fa14343008b3651bb264c0094.jpeg', 'ENT_USER_ATT_BACK', 56, 34, 34, NULL, NULL, 'OPERATOR', 'test-bucket', '7bc913c2554747509b46ce5122ba862e.png');
INSERT INTO `ATTACHMENT` VALUES (169, 0, '2019-08-06 15:44:27.848', '2019-08-06 15:44:27.848', 0, '61dc1d66b86b4d19afb49483229cea15', '合同附件', '??.png', 'b/6/1/61dc1d66b86b4d19afb49483229cea15.png', 'INTERNAL_APPROVAL_ATT', 27, 1, 1, NULL, NULL, 'OPERATOR', 'test-bucket', '7bc913c2554747509b46ce5122ba862e.png');
INSERT INTO `ATTACHMENT` VALUES (170, 0, '2019-08-06 15:44:27.927', '2019-08-06 15:44:27.927', 0, '218c9d4bd2ec4107a2f304ed016ac372', '合同附件', '??.png', 'b/6/1/218c9d4bd2ec4107a2f304ed016ac372.png', 'ACCOUNT_STATEMENT_ATT', 27, 1, 1, NULL, NULL, 'OPERATOR', 'test-bucket', '7bc913c2554747509b46ce5122ba862e.png');
INSERT INTO `ATTACHMENT` VALUES (171, 1, '2019-08-06 15:48:28.630', '2019-08-06 15:48:28.630', 0, '20befaf340d84ef69f02428cc9cb2bfe', '合同附件', '!.jpg', '4/5/9/20befaf340d84ef69f02428cc9cb2bfe.jpg', 'INVOICE_ATT', 28, 1, 1, NULL, NULL, 'OPERATOR', 'test-bucket', '7bc913c2554747509b46ce5122ba862e.png');
INSERT INTO `ATTACHMENT` VALUES (172, 1, '2019-08-06 15:55:40.081', '2019-08-06 15:55:40.081', 0, '6e562ee3e7544eadaccab58d9337da95', '企业用户证件正面', '????2.png', 'd/b/a/6e562ee3e7544eadaccab58d9337da95.png', 'ENT_USER_ATT_FRONT', 56, 34, 34, NULL, NULL, 'OPERATOR', 'test-bucket', '7bc913c2554747509b46ce5122ba862e.png');
INSERT INTO `ATTACHMENT` VALUES (173, 1, '2019-08-06 15:55:40.106', '2019-08-06 15:55:40.106', 0, 'e99585aff05a47468ffa279d19a0f0ad', '企业用户证件背面', 'hx.png', 'b/2/4/e99585aff05a47468ffa279d19a0f0ad.png', 'ENT_USER_ATT_BACK', 56, 34, 34, NULL, NULL, 'OPERATOR', 'test-bucket', '7bc913c2554747509b46ce5122ba862e.png');
INSERT INTO `ATTACHMENT` VALUES (174, 1, '2019-08-06 16:01:40.390', '2019-08-06 16:01:40.390', 0, 'b4a45dd03fbb4e96b29d9808851759d3', '企业用户证件背面', 'logo.png', '6/9/6/b4a45dd03fbb4e96b29d9808851759d3.png', 'ENT_USER_ATT_BACK', 56, 34, 34, NULL, NULL, 'OPERATOR', 'test-bucket', '7bc913c2554747509b46ce5122ba862e.png');
INSERT INTO `ATTACHMENT` VALUES (175, 1, '2019-08-06 16:02:12.275', '2019-08-06 16:02:12.275', 0, 'f5cfde3120c54cda8a624f04fad8ef0b', '合同附件', '1.png', 'c/b/e/f5cfde3120c54cda8a624f04fad8ef0b.png', 'ACCOUNT_STATEMENT_ATT', 20, 1, 1, NULL, NULL, 'OPERATOR', 'test-bucket', '7bc913c2554747509b46ce5122ba862e.png');
INSERT INTO `ATTACHMENT` VALUES (176, 0, '2019-08-06 16:06:42.147', '2019-08-06 16:06:42.147', 0, '104b491fce3e4354ae4b9755d576f4c6', '合同附件', '??.png', 'b/6/1/104b491fce3e4354ae4b9755d576f4c6.png', 'INTERNAL_APPROVAL_ATT', 29, 1, 1, NULL, NULL, 'OPERATOR', 'test-bucket', '7bc913c2554747509b46ce5122ba862e.png');
INSERT INTO `ATTACHMENT` VALUES (177, 0, '2019-08-06 16:07:51.195', '2019-08-06 16:07:51.195', 0, 'e80d892f1f6247ef8da34e9786db48d5', '企业用户身份证正面', '发票1.jpg', 'd/3/4/e80d892f1f6247ef8da34e9786db48d5.jpg', 'ENT_USER_ATT_FRONT', 29, 1, 1, NULL, NULL, 'OPERATOR', 'test-bucket', '7bc913c2554747509b46ce5122ba862e.png');
INSERT INTO `ATTACHMENT` VALUES (178, 0, '2019-08-06 16:07:51.206', '2019-08-06 16:07:51.206', 0, 'dd38ea52e0b9438683da1b7a6556533d', '企业用户身份证背面', '发票2.jpg', 'e/3/c/dd38ea52e0b9438683da1b7a6556533d.jpg', 'ENT_USER_ATT_BACK', 29, 1, 1, NULL, NULL, 'OPERATOR', 'test-bucket', '7bc913c2554747509b46ce5122ba862e.png');
INSERT INTO `ATTACHMENT` VALUES (179, 0, '2019-08-06 16:09:58.532', '2019-08-06 16:09:58.532', 0, '3da9e3e039c84f4f8eca759931e010da', '合同附件', '??.png', 'b/6/1/3da9e3e039c84f4f8eca759931e010da.png', 'INVOICE_ATT', 28, 1, 1, NULL, NULL, 'OPERATOR', 'test-bucket', '7bc913c2554747509b46ce5122ba862e.png');
INSERT INTO `ATTACHMENT` VALUES (180, 1, '2019-08-06 18:03:50.527', '2019-08-07 10:37:16.301', 0, 'bcc15e768624400a87818961bb2d172f', '合同附件', '1.png', 'c/b/e/bcc15e768624400a87818961bb2d172f.png', 'INVOICE_ATT', 20, 1, 1, NULL, NULL, 'OPERATOR', 'test-bucket', '7bc913c2554747509b46ce5122ba862e.png');
INSERT INTO `ATTACHMENT` VALUES (181, 1, '2019-08-06 18:04:36.129', '2019-08-06 18:04:36.129', 0, '27da21e186c149d981f24eb29fb6c099', '合同附件', '1.png', 'c/b/e/27da21e186c149d981f24eb29fb6c099.png', 'CONTRACT_ATT', 20, 1, 1, NULL, NULL, 'OPERATOR', 'test-bucket', '7bc913c2554747509b46ce5122ba862e.png');
INSERT INTO `ATTACHMENT` VALUES (182, 0, '2019-08-06 19:44:48.352', '2019-08-06 19:44:48.352', 0, 'da614d2322a74c2a880c5ec0a9f89161', '合同附件', '!.jpg', '4/5/9/da614d2322a74c2a880c5ec0a9f89161.jpg', 'OTHER_ATT', 19, 1, 1, NULL, NULL, 'OPERATOR', 'test-bucket', '7bc913c2554747509b46ce5122ba862e.png');
INSERT INTO `ATTACHMENT` VALUES (183, 1, '2019-08-07 09:44:56.473', '2019-08-07 09:44:56.473', 0, '086575468c404895b908112a1c312971', '合同附件', '??.png', 'b/6/1/086575468c404895b908112a1c312971.png', 'INVOICE_ATT', 30, 34, 34, NULL, NULL, 'OPERATOR', 'test-bucket', '7bc913c2554747509b46ce5122ba862e.png');
INSERT INTO `ATTACHMENT` VALUES (184, 1, '2019-08-07 09:52:06.177', '2019-08-08 11:00:24.306', 0, 'd3c601e9296d43a7b0d80f437f7ae01b', '合同附件', '??.png', 'b/6/1/d3c601e9296d43a7b0d80f437f7ae01b.png', 'INTERNAL_APPROVAL_ATT', 30, 34, 34, NULL, NULL, 'OPERATOR', 'test-bucket', '7bc913c2554747509b46ce5122ba862e.png');
INSERT INTO `ATTACHMENT` VALUES (185, 1, '2019-08-07 10:03:54.609', '2019-08-07 10:03:54.609', 0, 'fe3bb873cd344c7ea8f74719009a7dec', '合同附件', '??.png', 'b/6/1/fe3bb873cd344c7ea8f74719009a7dec.png', 'RECEIVE_NOTE_ATT', 31, 34, 34, NULL, NULL, 'OPERATOR', 'test-bucket', '7bc913c2554747509b46ce5122ba862e.png');
INSERT INTO `ATTACHMENT` VALUES (186, 1, '2019-08-07 10:06:11.378', '2019-08-07 10:49:32.480', 0, 'f0a1f560e9c14fdba5683e95d82ff7e6', '合同附件', '??.jpg', '3/4/d/f0a1f560e9c14fdba5683e95d82ff7e6.jpg', 'CONTRACT_ATT', 32, 34, 34, NULL, NULL, 'OPERATOR', 'test-bucket', '7bc913c2554747509b46ce5122ba862e.png');
INSERT INTO `ATTACHMENT` VALUES (187, 1, '2019-08-07 10:27:45.726', '2019-08-07 10:37:21.426', 0, '006f86f3612d45ac87cf97c2f1e1b6d7', '合同附件', '1.png', 'c/b/e/006f86f3612d45ac87cf97c2f1e1b6d7.png', 'RECEIVE_NOTE_ATT', 20, 1, 1, NULL, NULL, 'OPERATOR', 'test-bucket', '7bc913c2554747509b46ce5122ba862e.png');
INSERT INTO `ATTACHMENT` VALUES (188, 1, '2019-08-07 10:29:25.445', '2019-08-07 10:37:28.101', 0, 'f0e8093f848f4edea4f29206778988b1', '合同附件', '1.png', 'c/b/e/f0e8093f848f4edea4f29206778988b1.png', 'OTHER_ATT', 20, 1, 1, NULL, NULL, 'OPERATOR', 'test-bucket', '7bc913c2554747509b46ce5122ba862e.png');
INSERT INTO `ATTACHMENT` VALUES (189, 1, '2019-08-07 10:50:11.054', '2019-08-07 10:50:11.054', 0, 'a826509a99334e11828d8935ffadd257', '合同附件', '??.png', 'b/6/1/a826509a99334e11828d8935ffadd257.png', 'INVOICE_ATT', 32, 34, 34, NULL, NULL, 'OPERATOR', 'test-bucket', '7bc913c2554747509b46ce5122ba862e.png');
INSERT INTO `ATTACHMENT` VALUES (190, 1, '2019-08-07 10:50:11.085', '2019-08-07 10:50:11.085', 0, '2c0f2401977f48e38c4bae5d145b71c5', '合同附件', '??.png', 'b/6/1/2c0f2401977f48e38c4bae5d145b71c5.png', 'RECEIVE_NOTE_ATT', 32, 34, 34, NULL, NULL, 'OPERATOR', 'test-bucket', '7bc913c2554747509b46ce5122ba862e.png');
INSERT INTO `ATTACHMENT` VALUES (191, 1, '2019-08-07 10:56:10.378', '2019-08-07 10:56:10.378', 0, 'ce069f6ab0144f7ca3f0c42a53300ceb', '合同附件', '??.png', 'b/6/1/ce069f6ab0144f7ca3f0c42a53300ceb.png', 'CONTRACT_ATT', 32, 34, 34, NULL, NULL, 'OPERATOR', 'test-bucket', '7bc913c2554747509b46ce5122ba862e.png');
INSERT INTO `ATTACHMENT` VALUES (192, 1, '2019-08-07 11:04:35.101', '2019-08-07 11:15:52.541', 0, '55f9e7fbd4384d3e8374567f7be7990c', '合同附件', '??.jpg', '3/4/d/55f9e7fbd4384d3e8374567f7be7990c.jpg', 'CONTRACT_ATT', 32, 34, 34, NULL, NULL, 'OPERATOR', 'test-bucket', '7bc913c2554747509b46ce5122ba862e.png');
INSERT INTO `ATTACHMENT` VALUES (193, 1, '2019-08-07 11:05:23.888', '2019-08-07 11:05:23.888', 0, '842e6621aa2c4b848058b9a33affed57', '合同附件', '??.png', 'b/6/1/842e6621aa2c4b848058b9a33affed57.png', 'OTHER_ATT', 32, 34, 34, NULL, NULL, 'OPERATOR', 'test-bucket', '7bc913c2554747509b46ce5122ba862e.png');
INSERT INTO `ATTACHMENT` VALUES (194, 1, '2019-08-07 11:06:41.028', '2019-08-07 11:06:41.028', 0, 'b767dfce2b11434ca364d77401efdcac', '合同附件', '??.png', 'b/6/1/b767dfce2b11434ca364d77401efdcac.png', 'INVOICE_ATT', 32, 34, 34, NULL, NULL, 'OPERATOR', 'test-bucket', '7bc913c2554747509b46ce5122ba862e.png');
INSERT INTO `ATTACHMENT` VALUES (195, 1, '2019-08-07 11:07:51.883', '2019-08-07 11:07:51.883', 0, 'db5bbf0b35ee4c6b8ca54e9c285fd9eb', '合同附件', '??.png', 'b/6/1/db5bbf0b35ee4c6b8ca54e9c285fd9eb.png', 'INVOICE_ATT', 32, 34, 34, NULL, NULL, 'OPERATOR', 'test-bucket', '7bc913c2554747509b46ce5122ba862e.png');
INSERT INTO `ATTACHMENT` VALUES (196, 1, '2019-08-07 11:11:35.407', '2019-08-07 11:11:35.407', 0, '2dab26e26ca14654b9e2ac02f95069ec', '合同附件', '??.png', 'b/6/1/2dab26e26ca14654b9e2ac02f95069ec.png', 'INVOICE_ATT', 32, 34, 34, NULL, NULL, 'OPERATOR', 'test-bucket', '7bc913c2554747509b46ce5122ba862e.png');
INSERT INTO `ATTACHMENT` VALUES (197, 1, '2019-08-07 11:14:00.314', '2019-08-07 11:15:52.535', 0, '865d9e5bbbd14cef8bc29bf14bc1ed94', '合同附件', '??.png', 'b/6/1/865d9e5bbbd14cef8bc29bf14bc1ed94.png', 'INVOICE_ATT', 32, 34, 34, NULL, NULL, 'OPERATOR', 'test-bucket', '7bc913c2554747509b46ce5122ba862e.png');
INSERT INTO `ATTACHMENT` VALUES (198, 1, '2019-08-07 11:26:29.977', '2019-08-07 11:26:29.977', 0, '99c05aa84daf43ae93b74d5726b2a38b', '合同附件', '??.png', 'b/6/1/99c05aa84daf43ae93b74d5726b2a38b.png', 'CONTRACT_ATT', 31, 34, 34, NULL, NULL, 'OPERATOR', 'test-bucket', '7bc913c2554747509b46ce5122ba862e.png');
INSERT INTO `ATTACHMENT` VALUES (199, 1, '2019-08-07 11:41:20.363', '2019-08-07 11:41:20.363', 0, '76824f0a89a946e1bd5a56a4a13fe8d4', '合同附件', '??.png', 'b/6/1/76824f0a89a946e1bd5a56a4a13fe8d4.png', 'CONTRACT_ATT', 32, 34, 34, NULL, NULL, 'OPERATOR', 'test-bucket', '7bc913c2554747509b46ce5122ba862e.png');
INSERT INTO `ATTACHMENT` VALUES (200, 1, '2019-08-07 11:41:20.393', '2019-08-07 11:42:06.195', 0, '145dde7b574544d8a77f28d3196c065f', '合同附件', '??.png', 'b/6/1/145dde7b574544d8a77f28d3196c065f.png', 'INVOICE_ATT', 32, 34, 34, NULL, NULL, 'OPERATOR', 'test-bucket', '7bc913c2554747509b46ce5122ba862e.png');
INSERT INTO `ATTACHMENT` VALUES (201, 1, '2019-08-07 11:50:22.904', '2019-08-07 11:50:22.904', 0, '1de5495b78174cd5bcc3ce2ed4c7da1d', '企业账户资料附件', '??2.jpg', '5/1/4/1de5495b78174cd5bcc3ce2ed4c7da1d.jpg', 'ENT_BANK_ACCOUNT_ATT', 19, 34, 34, NULL, NULL, 'OPERATOR', 'test-bucket', '7bc913c2554747509b46ce5122ba862e.png');
INSERT INTO `ATTACHMENT` VALUES (202, 1, '2019-08-07 11:50:33.022', '2019-08-07 11:50:33.022', 0, '7525739c63004a018d95248e58cf79d9', '合同附件', '??.png', 'b/6/1/7525739c63004a018d95248e58cf79d9.png', 'INVOICE_ATT', 32, 34, 34, NULL, NULL, 'OPERATOR', 'test-bucket', '7bc913c2554747509b46ce5122ba862e.png');
INSERT INTO `ATTACHMENT` VALUES (203, 0, '2019-08-07 11:53:21.331', '2019-08-07 11:53:21.331', 0, '877dd026d0bd4e05a04fc2e60210230b', '企业账户资料附件', '??1.jpg', '4/1/c/877dd026d0bd4e05a04fc2e60210230b.jpg', 'ENT_BANK_ACCOUNT_ATT', 20, 34, 34, NULL, NULL, 'OPERATOR', 'test-bucket', '7bc913c2554747509b46ce5122ba862e.png');
INSERT INTO `ATTACHMENT` VALUES (204, 0, '2019-08-07 11:53:21.359', '2019-08-07 11:53:21.359', 0, 'a3b5942e9f044eefa285a4e8362d30f2', '企业账户资料附件', '??2.jpg', '5/1/4/a3b5942e9f044eefa285a4e8362d30f2.jpg', 'ENT_BANK_ACCOUNT_ATT', 20, 34, 34, NULL, NULL, 'OPERATOR', 'test-bucket', '7bc913c2554747509b46ce5122ba862e.png');
INSERT INTO `ATTACHMENT` VALUES (205, 0, '2019-08-07 14:39:26.379', '2019-08-07 14:39:26.379', 0, 'cf47627ee273473e945eebb031b53b46', '企业账户资料附件', '??2.jpg', '5/1/4/cf47627ee273473e945eebb031b53b46.jpg', 'ENT_BANK_ACCOUNT_ATT', 23, 34, 34, NULL, NULL, 'OPERATOR', 'test-bucket', '7bc913c2554747509b46ce5122ba862e.png');
INSERT INTO `ATTACHMENT` VALUES (206, 0, '2019-08-07 14:39:26.421', '2019-08-07 14:39:26.421', 0, 'bec558332a104cbf8b40ca1eb5b6a8fe', '企业账户资料附件', '??1.jpg', '4/1/c/bec558332a104cbf8b40ca1eb5b6a8fe.jpg', 'ENT_BANK_ACCOUNT_ATT', 23, 34, 34, NULL, NULL, 'OPERATOR', 'test-bucket', '7bc913c2554747509b46ce5122ba862e.png');
INSERT INTO `ATTACHMENT` VALUES (207, 1, '2019-08-07 16:06:46.583', '2019-08-07 16:06:46.583', 0, '9201c31c4249402187e201ed943e3701', '企业用户证件正面', 'logo.png', '6/9/6/9201c31c4249402187e201ed943e3701.png', 'ENT_USER_ATT_FRONT', 56, 34, 34, NULL, NULL, 'OPERATOR', 'test-bucket', '7bc913c2554747509b46ce5122ba862e.png');
INSERT INTO `ATTACHMENT` VALUES (209, 0, '2019-08-07 17:14:14.024', '2019-08-07 17:14:14.024', 0, '45b767dfcb014dd9a79f06b595386eb8', '企业用户身份证正面', '1.png', 'c/b/e/45b767dfcb014dd9a79f06b595386eb8.png', 'ENT_USER_ATT_FRONT', 0, 1, 1, NULL, NULL, 'OPERATOR', 'test-bucket', '7bc913c2554747509b46ce5122ba862e.png');
INSERT INTO `ATTACHMENT` VALUES (210, 0, '2019-08-07 17:14:14.052', '2019-08-07 17:14:14.052', 0, '8ac6db1c042b495ca8a6b640e5de157b', '企业用户身份证背面', '1.png', 'c/b/e/8ac6db1c042b495ca8a6b640e5de157b.png', 'ENT_USER_ATT_BACK', 0, 1, 1, NULL, NULL, 'OPERATOR', 'test-bucket', '7bc913c2554747509b46ce5122ba862e.png');
INSERT INTO `ATTACHMENT` VALUES (211, 0, '2019-08-07 17:22:51.332', '2019-08-07 17:22:51.332', 0, '473b0418db2a48f2a48209f5fc669830', '企业用户身份证正面', '1.png', 'c/b/e/473b0418db2a48f2a48209f5fc669830.png', 'ENT_USER_ATT_FRONT', 63, 1, 1, NULL, NULL, 'OPERATOR', 'test-bucket', '7bc913c2554747509b46ce5122ba862e.png');
INSERT INTO `ATTACHMENT` VALUES (212, 0, '2019-08-07 17:22:51.335', '2019-08-07 17:22:51.335', 0, '761950560f8e4d2197048428f10c5e93', '企业用户身份证背面', '1.png', 'c/b/e/761950560f8e4d2197048428f10c5e93.png', 'ENT_USER_ATT_BACK', 63, 1, 1, NULL, NULL, 'OPERATOR', 'test-bucket', '7bc913c2554747509b46ce5122ba862e.png');
INSERT INTO `ATTACHMENT` VALUES (213, 0, '2019-08-08 09:09:36.285', '2019-08-08 09:09:36.285', 0, '8899580af051461ababd217685ce3f02', '合同附件', '1.png', 'c/b/e/8899580af051461ababd217685ce3f02.png', 'OTHER_ATT', 33, 1, 1, NULL, NULL, 'OPERATOR', 'test-bucket', '7bc913c2554747509b46ce5122ba862e.png');
INSERT INTO `ATTACHMENT` VALUES (214, 1, '2019-08-08 10:06:17.947', '2019-08-08 10:54:16.926', 0, '18ee31c436f8463285195b2e36244169', '合同附件', '??.png', 'b/6/1/18ee31c436f8463285195b2e36244169.png', 'INTERNAL_APPROVAL_ATT', 37, 64, 64, NULL, NULL, 'OPERATOR', 'test-bucket', '7bc913c2554747509b46ce5122ba862e.png');
INSERT INTO `ATTACHMENT` VALUES (222, 1, '2019-08-08 10:54:28.960', '2019-08-08 10:58:47.368', 0, '5ab740ffdbbc45b9bf36f32e7e8273ee', '合同附件', '??.png', 'b/6/1/5ab740ffdbbc45b9bf36f32e7e8273ee.png', 'INVOICE_ATT', 37, 64, 64, NULL, NULL, 'OPERATOR', 'test-bucket', '7bc913c2554747509b46ce5122ba862e.png');
INSERT INTO `ATTACHMENT` VALUES (227, 0, '2019-08-08 11:01:10.716', '2019-08-08 11:01:10.716', 0, '04cf22c5eb3943bba7921c86b097c77d', '合同附件', '丁伟.jpg', '1/c/3/04cf22c5eb3943bba7921c86b097c77d.jpg', 'INVOICE_ATT', 30, 64, 64, NULL, NULL, 'OPERATOR', 'test-bucket', '7bc913c2554747509b46ce5122ba862e.png');
INSERT INTO `ATTACHMENT` VALUES (228, 0, '2019-08-08 11:01:32.095', '2019-08-08 11:47:57.306', 0, 'f6f9df77b34942e0a2161ee231f024a0', '合同附件', '汇票.jpg', '4/d/7/f6f9df77b34942e0a2161ee231f024a0.jpg', 'CONTRACT_ATT', 37, 64, 64, NULL, NULL, 'OPERATOR', 'test-bucket', '7bc913c2554747509b46ce5122ba862e.png');
INSERT INTO `ATTACHMENT` VALUES (229, 1, '2019-08-08 11:47:46.320', '2019-08-08 11:47:46.320', 0, 'd2280be4a0ee445fa7c8480bc3dbec5f', '企业用户证件背面', 'hx.png', 'b/2/4/d2280be4a0ee445fa7c8480bc3dbec5f.png', 'ENT_USER_ATT_BACK', 56, 34, 34, NULL, NULL, 'OPERATOR', 'test-bucket', '7bc913c2554747509b46ce5122ba862e.png');
INSERT INTO `ATTACHMENT` VALUES (230, 0, '2019-08-08 13:34:11.911', '2019-08-08 14:15:02.601', 0, '20761ba4aea840acbf6b2ef95caee7a5', '合同附件', '1.png', 'c/b/e/20761ba4aea840acbf6b2ef95caee7a5.png', 'SEND_GOODS_ATT', 20, 1, 1, NULL, NULL, 'OPERATOR', 'test-bucket', '7bc913c2554747509b46ce5122ba862e.png');
INSERT INTO `ATTACHMENT` VALUES (231, 0, '2019-08-08 13:36:19.644', '2019-08-08 14:15:02.610', 0, '54b7905940184546802e03064cdbf706', '合同附件', '测试.jpg', 'd/7/d/54b7905940184546802e03064cdbf706.jpg', 'RECEIVE_NOTE_ATT', 20, 1, 1, NULL, NULL, 'OPERATOR', 'test-bucket', '7bc913c2554747509b46ce5122ba862e.png');
INSERT INTO `ATTACHMENT` VALUES (232, 1, '2019-08-08 14:13:20.755', '2019-08-08 14:13:20.755', 0, 'fc6c5497e71c4854845ab70ec60c2e05', '合同附件', '测试.jpg', 'd/7/d/fc6c5497e71c4854845ab70ec60c2e05.jpg', 'ACCOUNT_STATEMENT_ATT', 20, 1, 1, NULL, NULL, 'OPERATOR', 'test-bucket', '7bc913c2554747509b46ce5122ba862e.png');
INSERT INTO `ATTACHMENT` VALUES (233, 1, '2019-08-08 14:13:20.795', '2019-08-08 14:13:20.795', 0, 'cf8e6c32d57d40e7ac17ce2243788e44', '合同附件', '1.png', 'c/b/e/cf8e6c32d57d40e7ac17ce2243788e44.png', 'ACCOUNT_STATEMENT_ATT', 20, 1, 1, NULL, NULL, 'OPERATOR', 'test-bucket', '7bc913c2554747509b46ce5122ba862e.png');
INSERT INTO `ATTACHMENT` VALUES (234, 0, '2019-08-08 14:15:02.621', '2019-08-08 14:15:02.621', 0, 'bf5f7e2b9abc4f9b97505ff4ab73f798', '合同附件', '测试.jpg', 'd/7/d/bf5f7e2b9abc4f9b97505ff4ab73f798.jpg', 'ACCOUNT_STATEMENT_ATT', 20, 1, 1, NULL, NULL, 'OPERATOR', 'test-bucket', '7bc913c2554747509b46ce5122ba862e.png');
INSERT INTO `ATTACHMENT` VALUES (235, 0, '2019-08-08 14:15:02.723', '2019-08-08 14:15:02.723', 0, '52ab176d9b9f4b7381caeec2e270998f', '合同附件', '1.png', 'c/b/e/52ab176d9b9f4b7381caeec2e270998f.png', 'ACCOUNT_STATEMENT_ATT', 20, 1, 1, NULL, NULL, 'OPERATOR', 'test-bucket', '7bc913c2554747509b46ce5122ba862e.png');
INSERT INTO `ATTACHMENT` VALUES (236, 0, '2019-08-08 15:38:22.336', '2019-08-08 15:38:40.041', 0, '9dbe1019815b4530a84b58f28bda9804', '合同附件', '鱼丸.jpg', 'f/b/2/9dbe1019815b4530a84b58f28bda9804.jpg', 'INVOICE_ATT', 34, 64, 64, NULL, NULL, 'OPERATOR', 'test-bucket', '7bc913c2554747509b46ce5122ba862e.png');
INSERT INTO `ATTACHMENT` VALUES (237, 0, '2019-08-08 15:38:40.046', '2019-08-08 15:38:40.046', 0, 'fb292987815349d2940762c20a1fe0be', '合同附件', '汇票.jpg', '4/d/7/fb292987815349d2940762c20a1fe0be.jpg', 'INVOICE_ATT', 34, 64, 64, NULL, NULL, 'OPERATOR', 'test-bucket', '7bc913c2554747509b46ce5122ba862e.png');
INSERT INTO `ATTACHMENT` VALUES (238, 0, '2019-08-08 15:38:40.053', '2019-08-08 15:38:40.053', 0, 'fb1dcb6b751e4bb484f7818062399a97', '合同附件', '发票.png', '2/c/7/fb1dcb6b751e4bb484f7818062399a97.png', 'INVOICE_ATT', 34, 64, 64, NULL, NULL, 'OPERATOR', 'test-bucket', '7bc913c2554747509b46ce5122ba862e.png');
INSERT INTO `ATTACHMENT` VALUES (239, 1, '2019-08-08 15:40:24.235', '2019-08-08 15:40:24.235', 0, '7c9e9c2ed2a54c9b9fed0a98efd7cd7c', '合同附件', 'file-read-220.png', '5/9/a/7c9e9c2ed2a54c9b9fed0a98efd7cd7c.png', 'ACCOUNT_STATEMENT_ATT', 32, 64, 64, NULL, NULL, 'OPERATOR', 'test-bucket', '7bc913c2554747509b46ce5122ba862e.png');
INSERT INTO `ATTACHMENT` VALUES (240, 1, '2019-08-08 15:40:41.464', '2019-08-08 15:41:22.619', 0, 'a87c6fe33e574f7e8c27148cacb9bb02', '合同附件', '丁伟.jpg', '1/c/3/a87c6fe33e574f7e8c27148cacb9bb02.jpg', 'INTERNAL_APPROVAL_ATT', 32, 64, 64, NULL, NULL, 'OPERATOR', 'test-bucket', '7bc913c2554747509b46ce5122ba862e.png');
INSERT INTO `ATTACHMENT` VALUES (241, 1, '2019-08-08 15:40:41.469', '2019-08-08 15:41:22.625', 0, '93c6007876684b298752871f9d65f175', '合同附件', '蜜汁男人.jpg', 'b/e/b/93c6007876684b298752871f9d65f175.jpg', 'INVOICE_ATT', 32, 64, 64, NULL, NULL, 'OPERATOR', 'test-bucket', '7bc913c2554747509b46ce5122ba862e.png');
INSERT INTO `ATTACHMENT` VALUES (242, 1, '2019-08-08 15:41:04.560', '2019-08-08 15:41:22.631', 0, '780f96fb46954d91b741bac6f289eb33', '合同附件', '发票.png', '2/c/7/780f96fb46954d91b741bac6f289eb33.png', 'INVOICE_ATT', 32, 64, 64, NULL, NULL, 'OPERATOR', 'test-bucket', '7bc913c2554747509b46ce5122ba862e.png');
INSERT INTO `ATTACHMENT` VALUES (243, 0, '2019-08-08 15:45:44.254', '2019-08-08 15:45:44.254', 0, 'ce44ed2ce9ca49098cc83b58661be711', '合同附件', '1.png', 'c/b/e/ce44ed2ce9ca49098cc83b58661be711.png', 'OTHER_ATT', 47, 1, 1, NULL, NULL, 'OPERATOR', 'test-bucket', '7bc913c2554747509b46ce5122ba862e.png');
INSERT INTO `ATTACHMENT` VALUES (244, 0, '2019-08-08 15:48:48.498', '2019-08-08 15:48:48.498', 0, '080562234c004b138d950c25c8b3b448', '合同附件', '1.png', 'c/b/e/080562234c004b138d950c25c8b3b448.png', 'OTHER_ATT', 48, 64, 64, NULL, NULL, 'OPERATOR', 'test-bucket', '7bc913c2554747509b46ce5122ba862e.png');
INSERT INTO `ATTACHMENT` VALUES (245, 0, '2019-08-08 16:19:30.027', '2019-08-08 16:19:30.027', 0, 'ec613c558e3e459899b8e57fbc3edbdd', '合同附件', '奇异博士.jpg', 'f/7/9/ec613c558e3e459899b8e57fbc3edbdd.jpg', 'CONTRACT_ATT', 31, 64, 64, NULL, NULL, 'OPERATOR', 'test-bucket', '7bc913c2554747509b46ce5122ba862e.png');
INSERT INTO `ATTACHMENT` VALUES (246, 0, '2019-08-08 17:07:05.115', '2019-08-08 17:07:05.115', 0, '445df1b0caa74060804d3297c738cb46', '合同附件', '1.png', 'c/b/e/445df1b0caa74060804d3297c738cb46.png', 'OTHER_ATT', 52, 64, 64, NULL, NULL, 'OPERATOR', 'test-bucket', '7bc913c2554747509b46ce5122ba862e.png');
INSERT INTO `ATTACHMENT` VALUES (247, 0, '2019-08-08 17:08:38.200', '2019-08-09 14:39:22.775', 0, 'fd489532313f4c29a99da93dd57c1e11', '合同附件', '发票.png', '2/c/7/fd489532313f4c29a99da93dd57c1e11.png', 'INVOICE_ATT', 49, 64, 64, NULL, NULL, 'OPERATOR', 'test-bucket', '7bc913c2554747509b46ce5122ba862e.png');
INSERT INTO `ATTACHMENT` VALUES (248, 1, '2019-08-09 09:09:00.705', '2019-08-09 09:09:00.705', 0, '974d89867bf94488ba34ce75401809d1', '企业用户身份证背面', '1.jpg', '4/9/a/974d89867bf94488ba34ce75401809d1.jpg', 'ENT_USER_ATT_BACK', 2, 1, 1, NULL, NULL, 'OPERATOR', 'test-bucket', '7bc913c2554747509b46ce5122ba862e.png');
INSERT INTO `ATTACHMENT` VALUES (249, 0, '2019-08-09 09:11:23.989', '2019-08-09 09:11:23.989', 0, '3228938df0f640e6a024025c4420334e', '企业用户身份证背面', '8633866_210108284151_2.jpg', '2/4/9/3228938df0f640e6a024025c4420334e.jpg', 'ENT_USER_ATT_BACK', 2, 1, 1, NULL, NULL, 'OPERATOR', 'test-bucket', '7bc913c2554747509b46ce5122ba862e.png');
INSERT INTO `ATTACHMENT` VALUES (250, 0, '2019-08-09 09:17:36.447', '2019-08-09 09:17:36.447', 0, 'c9c4d82c20db4ee3922d82a2810c48e1', '用户头像', '收款凭证3.jpg', 'a/a/e/c9c4d82c20db4ee3922d82a2810c48e1.jpg', 'USER_HEAD_PORTRAIT', 0, 0, 0, NULL, NULL, 'OPERATOR', 'test-bucket', '7bc913c2554747509b46ce5122ba862e.png');
INSERT INTO `ATTACHMENT` VALUES (251, 1, '2019-08-09 09:58:29.611', '2019-08-09 09:58:29.611', 0, '217cca3a382a434a86905be4cea03ff8', '用户头像', '美女3.jpg', '1/8/2/217cca3a382a434a86905be4cea03ff8.jpg', 'USER_HEAD_PORTRAIT', 34, 34, 34, NULL, NULL, 'OPERATOR', 'test-bucket', '7bc913c2554747509b46ce5122ba862e.png');
INSERT INTO `ATTACHMENT` VALUES (252, 0, '2019-08-09 11:48:20.942', '2019-08-09 14:23:44.150', 0, 'de9d52b670e94cd5b481158bc409fff9', '合同附件', '发票.png', '2/c/7/de9d52b670e94cd5b481158bc409fff9.png', 'INVOICE_ATT', 53, 34, 34, NULL, NULL, 'OPERATOR', 'test-bucket', '7bc913c2554747509b46ce5122ba862e.png');
INSERT INTO `ATTACHMENT` VALUES (256, 0, '2019-08-09 13:33:54.386', '2019-08-09 14:39:22.763', 0, '46a784340ec7409c9ac2c9dbc9a98f97', '合同附件', '汇票.jpg', '4/d/7/46a784340ec7409c9ac2c9dbc9a98f97.jpg', 'INVOICE_ATT', 49, 34, 34, NULL, NULL, 'OPERATOR', 'test-bucket', '7bc913c2554747509b46ce5122ba862e.png');
INSERT INTO `ATTACHMENT` VALUES (257, 0, '2019-08-09 15:08:34.793', '2019-08-09 15:08:34.793', 0, 'a093cbebfc5f4d3688969c3145d7688c', '企业账户资料附件', 'hx.png', 'b/2/4/a093cbebfc5f4d3688969c3145d7688c.png', 'ENT_BANK_ACCOUNT_ATT', 19, 34, 34, NULL, NULL, 'OPERATOR', 'test-bucket', '7bc913c2554747509b46ce5122ba862e.png');
INSERT INTO `ATTACHMENT` VALUES (258, 0, '2019-08-09 15:10:26.168', '2019-08-09 15:10:26.168', 0, '562e9eec886b46c19500f53b45ab9dd2', '企业用户证件正面', 'logo.png', '6/9/6/562e9eec886b46c19500f53b45ab9dd2.png', 'ENT_USER_ATT_FRONT', 34, 34, 34, NULL, NULL, 'OPERATOR', 'test-bucket', '7bc913c2554747509b46ce5122ba862e.png');
INSERT INTO `ATTACHMENT` VALUES (259, 0, '2019-08-09 15:10:26.176', '2019-08-09 15:10:26.176', 0, 'db5beafb21574f22a344c0ff7e17e88b', '企业用户证件背面', '发票1.jpg', 'd/3/4/db5beafb21574f22a344c0ff7e17e88b.jpg', 'ENT_USER_ATT_BACK', 34, 34, 34, NULL, NULL, 'OPERATOR', 'test-bucket', '7bc913c2554747509b46ce5122ba862e.png');
INSERT INTO `ATTACHMENT` VALUES (260, 1, '2019-08-09 15:10:51.702', '2019-08-09 15:10:51.702', 0, '9819676975e14c50abd3f2461f86442b', '用户头像', '美女3.jpg', '1/8/2/9819676975e14c50abd3f2461f86442b.jpg', 'USER_HEAD_PORTRAIT', 34, 34, 34, NULL, NULL, 'OPERATOR', 'test-bucket', '7bc913c2554747509b46ce5122ba862e.png');
INSERT INTO `ATTACHMENT` VALUES (261, 1, '2019-08-09 15:11:20.808', '2019-08-09 15:11:20.808', 0, 'c2223030a508445dab865fab41984fce', '用户头像', '美女3.jpg', '1/8/2/c2223030a508445dab865fab41984fce.jpg', 'USER_HEAD_PORTRAIT', 34, 34, 34, NULL, NULL, 'OPERATOR', 'test-bucket', '7bc913c2554747509b46ce5122ba862e.png');
INSERT INTO `ATTACHMENT` VALUES (262, 0, '2019-08-09 15:58:16.531', '2019-08-09 15:58:16.531', 0, 'a97c9c60e15246b39238f6d0192eb3b1', '企业用户证件正面', '蜜汁男人.jpg', 'b/e/b/a97c9c60e15246b39238f6d0192eb3b1.jpg', 'ENT_USER_ATT_FRONT', 64, 34, 34, NULL, NULL, 'OPERATOR', 'test-bucket', '7bc913c2554747509b46ce5122ba862e.png');
INSERT INTO `ATTACHMENT` VALUES (263, 0, '2019-08-09 15:58:16.536', '2019-08-09 15:58:16.536', 0, 'd78518f19c94451ab63e6d9ea267381e', '企业用户证件背面', '鱼丸.jpg', 'f/b/2/d78518f19c94451ab63e6d9ea267381e.jpg', 'ENT_USER_ATT_BACK', 64, 34, 34, NULL, NULL, 'OPERATOR', 'test-bucket', '7bc913c2554747509b46ce5122ba862e.png');
INSERT INTO `ATTACHMENT` VALUES (264, 0, '2019-08-09 15:58:34.324', '2019-08-09 15:58:34.324', 0, 'bc0c7470d12c468bada534330c9aaef2', '企业用户证件正面', '!.jpg', '4/5/9/bc0c7470d12c468bada534330c9aaef2.jpg', 'ENT_USER_ATT_FRONT', 66, 34, 34, NULL, NULL, 'OPERATOR', 'test-bucket', '7bc913c2554747509b46ce5122ba862e.png');
INSERT INTO `ATTACHMENT` VALUES (265, 0, '2019-08-09 15:58:34.327', '2019-08-09 15:58:34.327', 0, 'c505313ae7be40eba1763a8b4b91c102', '企业用户证件背面', '可达鸭.jpg', '1/4/5/c505313ae7be40eba1763a8b4b91c102.jpg', 'ENT_USER_ATT_BACK', 66, 34, 34, NULL, NULL, 'OPERATOR', 'test-bucket', '7bc913c2554747509b46ce5122ba862e.png');
INSERT INTO `ATTACHMENT` VALUES (266, 0, '2019-08-09 18:03:49.886', '2019-08-09 18:03:49.886', 0, '04a4a643ca8a4c008fd60c616675e111', '企业用户身份证正面', '丁伟.jpg', '1/c/3/04a4a643ca8a4c008fd60c616675e111.jpg', 'ENT_USER_ATT_FRONT', 0, 1, 1, NULL, NULL, 'OPERATOR', 'test-bucket', '7bc913c2554747509b46ce5122ba862e.png');
INSERT INTO `ATTACHMENT` VALUES (267, 0, '2019-08-09 18:03:49.936', '2019-08-09 18:03:49.936', 0, '90055fc3a50d401895e8c3c72da13dcb', '企业用户身份证背面', '丁伟.jpg', '1/c/3/90055fc3a50d401895e8c3c72da13dcb.jpg', 'ENT_USER_ATT_BACK', 0, 1, 1, NULL, NULL, 'OPERATOR', 'test-bucket', '7bc913c2554747509b46ce5122ba862e.png');
INSERT INTO `ATTACHMENT` VALUES (268, 0, '2019-08-09 18:18:54.638', '2019-08-09 18:18:54.638', 0, '57daad2d07834acaafce129a7d154cb4', '合同附件', '1.png', 'c/b/e/57daad2d07834acaafce129a7d154cb4.png', 'CONTRACT_ATT', 58, 34, 34, NULL, NULL, 'OPERATOR', 'test-bucket', '7bc913c2554747509b46ce5122ba862e.png');
INSERT INTO `ATTACHMENT` VALUES (269, 1, '2019-08-12 14:46:36.449', '2019-08-12 14:46:36.449', 0, '20e6d6fc3d254ac8b6eb3be58b6a0d93', '企业用户证件背面', 'hx.png', 'b/2/4/20e6d6fc3d254ac8b6eb3be58b6a0d93.png', 'ENT_USER_ATT_BACK', 56, 34, 34, NULL, NULL, 'OPERATOR', 'test-bucket', '7bc913c2554747509b46ce5122ba862e.png');
INSERT INTO `ATTACHMENT` VALUES (270, 0, '2019-08-13 15:17:53.757', '2019-08-13 15:17:53.757', 0, '499e05f103234bb38a1c7badd902e522', '合同附件', '1.png', 'c/b/e/499e05f103234bb38a1c7badd902e522.png', 'CONTRACT_ATT', 63, 1, 1, NULL, NULL, 'OPERATOR', 'test-bucket', '7bc913c2554747509b46ce5122ba862e.png');
INSERT INTO `ATTACHMENT` VALUES (271, 1, '2019-08-13 17:50:47.146', '2019-08-13 17:50:47.146', 0, '344c8745315349df80b6b73f6a716605', '合同附件', '测试.jpg', 'd/7/d/344c8745315349df80b6b73f6a716605.jpg', 'INVOICE_ATT', 64, 1, 1, NULL, NULL, 'OPERATOR', 'test-bucket', '7bc913c2554747509b46ce5122ba862e.png');
INSERT INTO `ATTACHMENT` VALUES (272, 0, '2019-08-14 17:17:09.733', '2019-08-14 17:17:09.733', 0, 'eff295b182fd4f1ab312d6f356c5dc40', '用户头像', 'timg (2).jpg', '1/0/8/eff295b182fd4f1ab312d6f356c5dc40.jpg', 'USER_HEAD_PORTRAIT', 34, 34, 34, NULL, NULL, 'OPERATOR', 'test-bucket', '7bc913c2554747509b46ce5122ba862e.png');
INSERT INTO `ATTACHMENT` VALUES (273, 1, '2019-08-15 09:15:32.777', '2019-08-15 09:15:32.777', 0, '02df06a4b3804d9fb4863e6cc03c9350', '测试文件', 'inv.png', NULL, 'TEST_BUCKET', 1, 1, 1, NULL, NULL, 'OPERATOR', 'test-bucket', '7bc913c2554747509b46ce5122ba862e.png');
INSERT INTO `ATTACHMENT` VALUES (274, 0, '2019-08-15 09:20:44.770', '2019-08-15 09:20:44.770', 0, '7f936e2d0361429c99a72abdaa26d1ea', '测试文件', 'test4.png', NULL, 'TEST_BUCKET', 1, 1, 1, NULL, NULL, 'OPERATOR', 'test-bucket', '7bc913c2554747509b46ce5122ba862e.png');
INSERT INTO `ATTACHMENT` VALUES (275, 1, '2019-08-15 14:18:32.111', '2019-08-15 14:18:32.111', 0, 'cdcc339694ed44f7a45924ca0f3175b5', '用户头像', 'Song.png', NULL, 'USER_HEAD_PORTRAIT', 1, 1, 1, NULL, NULL, 'OPERATOR', 'user-head-portrait', '72ede39a9b744ab9813a283ae09c7c6f.png');
INSERT INTO `ATTACHMENT` VALUES (276, 0, '2019-08-16 10:13:37.828', '2019-08-16 10:13:37.828', 0, '3dcabbec0aac477aa437ffc3bca340b2', '用户头像', 'cb66d0160924ab18f8251eef3bfae6cd7b890b33.jpg', NULL, 'USER_HEAD_PORTRAIT', 34, 34, 34, NULL, NULL, 'OPERATOR', 'user-head-portrait', '71f373e017174a6788ea8db904c67c0b.jpg');
INSERT INTO `ATTACHMENT` VALUES (287, 0, '2019-08-16 16:35:40.255', '2019-08-16 16:35:40.255', 0, '83b040d7b43148f080297e354b1eb56f', '交易证明资料', '??.png', NULL, 'INVOICE_ATT', 100, 28, 28, NULL, NULL, 'OPERATOR', 'invoice-att', '75f774c11b414f9ea489ee8bba70e5c6.png');
INSERT INTO `ATTACHMENT` VALUES (288, 0, '2019-08-16 16:35:40.394', '2019-08-16 16:35:40.394', 0, '85e553c6d4124d54a3775f40eafc4306', '交易证明资料', '??.jpg', NULL, 'INVOICE_ATT', 100, 28, 28, NULL, NULL, 'OPERATOR', 'invoice-att', '7be6dff6ac584c429fcb62d6f344e62e.jpg');
INSERT INTO `ATTACHMENT` VALUES (289, 0, '2019-08-16 16:35:40.442', '2019-08-16 16:35:40.442', 0, '70e1c794091b4bc7a1a766f3370cb19c', '交易证明资料', '???.jpg', NULL, 'RECEIVE_NOTE_ATT', 100, 28, 28, NULL, NULL, 'OPERATOR', 'receive-note-att', 'd7b10cf10ba44971a8ef458f2ec20f45.jpg');
INSERT INTO `ATTACHMENT` VALUES (290, 0, '2019-08-16 16:37:50.850', '2019-08-16 16:37:50.850', 0, '9c88703aedf447f4b48159dd971d3200', '交易证明资料', '??.jpg', NULL, 'INTERNAL_APPROVAL_ATT', 101, 28, 28, NULL, NULL, 'OPERATOR', 'internal-approval-att', '6bd5697a0c6e4649a784ac0857f65680.jpg');
INSERT INTO `ATTACHMENT` VALUES (291, 0, '2019-08-16 16:37:50.938', '2019-08-16 16:37:50.938', 0, '9003c0b1028c4e608b217471aa9e4e6c', '交易证明资料', '??.png', NULL, 'INVOICE_ATT', 101, 28, 28, NULL, NULL, 'OPERATOR', 'invoice-att', '183512eea44c4a6f8b7c45da97e60d9c.png');
INSERT INTO `ATTACHMENT` VALUES (292, 0, '2019-08-16 16:37:51.012', '2019-08-16 16:37:51.012', 0, '08502c30bf63411db063db719163a69a', '交易证明资料', '??.jpg', NULL, 'INVOICE_ATT', 101, 28, 28, NULL, NULL, 'OPERATOR', 'invoice-att', '1fe03c712b714f419dcce63d67464172.jpg');
INSERT INTO `ATTACHMENT` VALUES (293, 0, '2019-08-16 16:38:27.679', '2019-08-16 16:38:27.679', 0, 'c981914b00944a1fad15882d93ff7758', '交易证明资料', '??.png', NULL, 'INVOICE_ATT', 102, 28, 28, NULL, NULL, 'OPERATOR', 'invoice-att', '80ec48dfc1854f1cbec36687dbca2978.png');
INSERT INTO `ATTACHMENT` VALUES (296, 0, '2019-08-16 16:52:35.764', '2019-08-16 16:52:35.764', 0, 'c7523f41f63347a9b9373684a6c5c17e', '交易证明资料', 'cb66d0160924ab18f8251eef3bfae6cd7b890b33.jpg', NULL, 'CONTRACT_ATT', 103, 34, 34, NULL, NULL, 'OPERATOR', 'contract-att', 'd6d6a939a0784d06af4b72c4e46b8450.jpg');
INSERT INTO `ATTACHMENT` VALUES (297, 0, '2019-08-16 16:55:36.867', '2019-08-16 16:55:36.867', 0, 'cb1aae40f93848578cda9a491c29079a', '交易证明资料', 'cb66d0160924ab18f8251eef3bfae6cd7b890b33.jpg', NULL, 'CONTRACT_ATT', 104, 34, 34, NULL, NULL, 'OPERATOR', 'contract-att', '76c85f0af0504d8a93e6cc4924f5e638.jpg');
INSERT INTO `ATTACHMENT` VALUES (298, 0, '2019-08-16 16:55:36.920', '2019-08-16 16:55:36.920', 0, '992bdfcab4604a6c851f1576f2a3b070', '交易证明资料', '78310a55b319ebc44bceb0758f26cffc1f1716ac.jpg', NULL, 'INVOICE_ATT', 104, 34, 34, NULL, NULL, 'OPERATOR', 'invoice-att', '1591d9448bdf46f793572a138bc42497.jpg');
INSERT INTO `ATTACHMENT` VALUES (299, 1, '2019-08-16 17:12:09.058', '2019-08-16 17:12:09.058', 0, 'd8256dedfe6745aeaf69c71b33d3f846', '交易证明材料', '2.jpg', NULL, 'INVOICE_ATT', 64, 65, 65, NULL, NULL, 'OPERATOR', 'invoice-att', '4d0ca6016622416da511459fb2921e98.jpg');
INSERT INTO `ATTACHMENT` VALUES (300, 1, '2019-08-16 17:14:43.047', '2019-08-16 17:14:43.047', 0, '85a7a88da4d34385adee3273fc67637e', '交易证明材料', '1.jpg', NULL, 'INVOICE_ATT', 64, 65, 65, NULL, NULL, 'OPERATOR', 'invoice-att', '766b58420813408c8e9609eed65068a0.jpg');
INSERT INTO `ATTACHMENT` VALUES (301, 1, '2019-08-16 17:15:01.655', '2019-08-16 17:15:01.655', 0, '6b944eca042749b789596ea3d81f4adf', '交易证明材料', '1.jpg', NULL, 'INVOICE_ATT', 64, 65, 65, NULL, NULL, 'OPERATOR', 'invoice-att', '6542debdc8fb4799a8f2afe8553c2c0b.jpg');
INSERT INTO `ATTACHMENT` VALUES (302, 1, '2019-08-16 17:51:37.309', '2019-08-16 17:51:37.309', 0, 'bbfc95eb45304494972a215d1a3a430a', '交易证明材料', '1.jpg', NULL, 'INVOICE_ATT', 64, 65, 65, NULL, NULL, 'OPERATOR', 'invoice-att', '3f93b9ee0ca14b1e8767033b954b6bc8.jpg');
INSERT INTO `ATTACHMENT` VALUES (303, 1, '2019-08-16 17:53:28.537', '2019-08-16 17:53:28.537', 0, '7f514d3736c54a5e8cc169685cdde5a4', '交易证明材料', '1.jpg', NULL, 'INVOICE_ATT', 64, 65, 65, NULL, NULL, 'OPERATOR', 'invoice-att', '1522be9b65464e78af82c29c16965495.jpg');
INSERT INTO `ATTACHMENT` VALUES (305, 0, '2019-08-19 13:56:59.915', '2019-08-19 13:56:59.915', 0, '91072318157b4a808900c1cfdb195364', '交易证明资料', '??.png', NULL, 'INVOICE_ATT', 116, 28, 28, NULL, NULL, 'OPERATOR', 'invoice-att', '2e205d4a816c4298acd7fca5e8f263e1.png');
INSERT INTO `ATTACHMENT` VALUES (306, 0, '2019-08-19 14:01:26.789', '2019-08-19 14:01:26.789', 0, '2f05ed2d918741b4bb44b1ae52d2a1b6', '交易证明资料', 'file-read-220.png', NULL, 'INVOICE_ATT', 117, 28, 28, NULL, NULL, 'OPERATOR', 'invoice-att', 'bdcbf657eaf048afbe1229ea32f93aa0.png');
INSERT INTO `ATTACHMENT` VALUES (307, 0, '2019-08-19 14:01:26.887', '2019-08-19 14:01:26.887', 0, '93b985d2ea1246aaa3e749126e86e5dd', '交易证明资料', '??.png', NULL, 'INVOICE_ATT', 117, 28, 28, NULL, NULL, 'OPERATOR', 'invoice-att', '3e549feb772c475cbfdbcdb9d43ad572.png');
INSERT INTO `ATTACHMENT` VALUES (308, 0, '2019-08-19 14:01:26.962', '2019-08-19 14:01:26.962', 0, '79cd92b46c614b40a28e0dba35823dbd', '交易证明资料', '??.jpg', NULL, 'INTERNAL_APPROVAL_ATT', 117, 28, 28, NULL, NULL, 'OPERATOR', 'internal-approval-att', '6d730ddc9ec74947958abca2a159f711.jpg');
INSERT INTO `ATTACHMENT` VALUES (309, 0, '2019-08-19 14:15:44.118', '2019-08-19 14:15:44.118', 0, '53a6746442b64f23995e471f2d782f6e', '交易证明资料', '??.png', NULL, 'INVOICE_ATT', 118, 28, 28, NULL, NULL, 'OPERATOR', 'invoice-att', 'be1bfbaf2ee244848928006012c6ad2e.png');
INSERT INTO `ATTACHMENT` VALUES (310, 0, '2019-08-19 14:15:44.541', '2019-08-19 14:15:44.541', 0, '6cfd05e32fc24964b3c69ddbe7ca686d', '交易证明资料', '??.jpg', NULL, 'INVOICE_ATT', 118, 28, 28, NULL, NULL, 'OPERATOR', 'invoice-att', '7692145728ae4e92adc4d53c3ce1ff9b.jpg');
INSERT INTO `ATTACHMENT` VALUES (311, 0, '2019-08-19 14:15:44.594', '2019-08-19 14:15:44.594', 0, '450ec488c5e0417ea4206418460d905e', '交易证明资料', '??.jpg', NULL, 'RECEIVE_NOTE_ATT', 118, 28, 28, NULL, NULL, 'OPERATOR', 'receive-note-att', '7dde5cece41946839d53af508ef9dde2.jpg');
INSERT INTO `ATTACHMENT` VALUES (312, 1, '2019-08-19 14:22:39.244', '2019-08-19 14:22:39.244', 0, '6d05facd53c24a58b84e553d65af896f', '用户头像', '20140404214826879.png', NULL, 'USER_HEAD_PORTRAIT', 1, 1, 1, NULL, NULL, 'OPERATOR', 'user-head-portrait', '03373eeb2bad46ff8bc4d656a6836a57.png');
INSERT INTO `ATTACHMENT` VALUES (313, 0, '2019-08-19 16:09:52.962', '2019-08-19 16:09:52.962', 0, '4fbea0172bbc406fa63bd10aa437c26f', '交易证明资料', '??.png', NULL, 'INTERNAL_APPROVAL_ATT', 121, 28, 28, NULL, NULL, 'OPERATOR', 'internal-approval-att', '45a991038e8f4762bcfd26b3bc592bd2.png');
INSERT INTO `ATTACHMENT` VALUES (314, 0, '2019-08-19 16:09:53.041', '2019-08-19 16:09:53.041', 0, '645502c13bad49c7a772802ffbf9fef6', '交易证明资料', '??.jpg', NULL, 'INTERNAL_APPROVAL_ATT', 121, 28, 28, NULL, NULL, 'OPERATOR', 'internal-approval-att', '482fb3a1e28e454b9f658296133b440c.jpg');
INSERT INTO `ATTACHMENT` VALUES (315, 0, '2019-08-19 16:09:53.108', '2019-08-19 16:09:53.108', 0, 'bc2ff594b1eb4cc78e1d9f8988e52339', '交易证明资料', '??.png', NULL, 'INVOICE_ATT', 121, 28, 28, NULL, NULL, 'OPERATOR', 'invoice-att', 'dd2fec90edc1457f92cf557d9958381f.png');
INSERT INTO `ATTACHMENT` VALUES (319, 0, '2019-08-19 16:28:53.855', '2019-08-19 16:28:53.855', 0, 'e4404d99547644b68193232d554bf48b', '用户头像', '42166d224f4a20a47c81f72192529822730ed0bd.jpg', NULL, 'USER_HEAD_PORTRAIT', 29, 29, 29, NULL, NULL, 'OPERATOR', 'user-head-portrait', '38f21218077741579c45d0785ec72c4c.jpg');
INSERT INTO `ATTACHMENT` VALUES (320, 0, '2019-08-19 16:37:50.303', '2019-08-19 16:37:50.303', 0, 'a4e0368aba094ab5a0b1d58f2eb79a10', '交易证明资料', 'redmine????.png', NULL, 'INVOICE_ATT', 126, 33, 33, NULL, NULL, 'OPERATOR', 'invoice-att', '930c8b5f063542a9a41a7da82cbca613.png');
INSERT INTO `ATTACHMENT` VALUES (321, 0, '2019-08-19 16:52:26.065', '2019-08-19 16:52:26.065', 0, 'acd561d983ee478e93d67e0a8209c531', '交易证明资料', '??.png', NULL, 'INVOICE_ATT', 127, 28, 28, NULL, NULL, 'OPERATOR', 'invoice-att', 'a327edcfc3d841d598b709af4d9f48df.png');
INSERT INTO `ATTACHMENT` VALUES (322, 0, '2019-08-19 16:58:37.624', '2019-08-19 16:58:37.624', 0, '2899691ad7024e6bbdef68193cff818a', '交易证明资料', '??.png', NULL, 'CONTRACT_ATT', 129, 28, 28, NULL, NULL, 'OPERATOR', 'contract-att', '0708ec649a81446ca77cdad6a5c11c30.png');
INSERT INTO `ATTACHMENT` VALUES (323, 0, '2019-08-19 16:58:37.712', '2019-08-19 16:58:37.712', 0, 'd1944343509640a0bf014623b8e1ecf1', '交易证明资料', '??.jpg', NULL, 'CONTRACT_ATT', 129, 28, 28, NULL, NULL, 'OPERATOR', 'contract-att', '07235ff016024226add459c4ea3232c2.jpg');
INSERT INTO `ATTACHMENT` VALUES (324, 0, '2019-08-19 17:03:17.785', '2019-08-19 17:38:59.935', 0, 'fd7ba5cd91574c60a936c499c2407dda', '交易证明资料', '??.jpg', NULL, 'INTERNAL_APPROVAL_ATT', 130, 28, 28, NULL, NULL, 'OPERATOR', 'internal-approval-att', '20ba57fe48cf483e864ae9f33c19d353.jpg');
INSERT INTO `ATTACHMENT` VALUES (325, 1, '2019-08-19 17:03:17.892', '2019-08-19 17:03:17.892', 0, 'f75d262fe12747beb404b3aceb48e594', '交易证明资料', '??.jpg', NULL, 'INTERNAL_APPROVAL_ATT', 130, 28, 28, NULL, NULL, 'OPERATOR', 'internal-approval-att', 'cc80d99e38a14ed6be67af257ab34664.jpg');
INSERT INTO `ATTACHMENT` VALUES (326, 0, '2019-08-19 18:16:15.156', '2019-08-19 18:16:15.156', 0, 'ff11c2af5a494fe58e04cd9e8bf9b8b3', '交易证明资料', '发票.png', NULL, 'INVOICE_ATT', 132, 28, 28, NULL, NULL, 'OPERATOR', 'invoice-att', '4c2145a0abd442f2897b929bf495e216.png');
INSERT INTO `ATTACHMENT` VALUES (327, 0, '2019-08-19 18:16:15.489', '2019-08-19 18:16:15.489', 0, '3eabb51ab2af4b60bd2fdcb3cf128c77', '交易证明资料', '汇票.jpg', NULL, 'SEND_GOODS_ATT', 132, 28, 28, NULL, NULL, 'OPERATOR', 'send-goods-att', 'd574ada6e3d4473caafae1fd6ddf074f.jpg');
INSERT INTO `ATTACHMENT` VALUES (329, 0, '2019-08-19 18:25:07.798', '2019-08-19 18:25:07.798', 0, '2754be38be3e4a818aaa95496c2750e2', '交易证明资料', 'cb66d0160924ab18f8251eef3bfae6cd7b890b33.jpg', NULL, 'CONTRACT_ATT', 125, 34, 34, NULL, NULL, 'OPERATOR', 'contract-att', '043c7f7c9ded492ea369105c066b3717.jpg');
INSERT INTO `ATTACHMENT` VALUES (330, 0, '2019-08-19 18:51:28.429', '2019-08-19 18:51:28.429', 0, '8f8f1ed96f494b96b99a709090c9de46', '交易证明资料', '发票.png', NULL, 'INVOICE_ATT', 134, 28, 28, NULL, NULL, 'OPERATOR', 'invoice-att', '9c6130d1629f49c7af38d2ae49009dff.png');
INSERT INTO `ATTACHMENT` VALUES (331, 0, '2019-08-19 18:51:28.488', '2019-08-19 18:51:28.488', 0, '8db6f26a54224857a87627ce1fd589dc', '交易证明资料', '蜜汁男人.jpg', NULL, 'RECEIVE_NOTE_ATT', 134, 28, 28, NULL, NULL, 'OPERATOR', 'receive-note-att', '5c8437af60124fadbdde3d9881692531.jpg');
INSERT INTO `ATTACHMENT` VALUES (332, 0, '2019-08-19 18:51:28.565', '2019-08-19 18:51:28.565', 0, 'e78cefa17012469b8c40d602269912ec', '交易证明资料', '证书.png', NULL, 'RECEIVE_NOTE_ATT', 134, 28, 28, NULL, NULL, 'OPERATOR', 'receive-note-att', '0fe0c0b5cdf340b3ba64db8392cdfeb8.png');
INSERT INTO `ATTACHMENT` VALUES (333, 0, '2019-08-20 09:26:02.239', '2019-08-20 09:26:02.239', 0, 'f4c65d81eb394e72a5bc826f6069ff66', '交易证明资料', '1.png', NULL, 'OTHER_ATT', 135, 34, 34, NULL, NULL, 'OPERATOR', 'other-att', '92e56c430d5c4a6a98a519bdc0b103f4.png');
INSERT INTO `ATTACHMENT` VALUES (334, 0, '2019-08-20 10:26:57.395', '2019-08-20 10:26:57.395', 0, '7bcc1d430dcc4cb0ab75bde7d36ec93f', '交易证明资料', 'redmine使用流程.png', NULL, 'INVOICE_ATT', 136, 1, 1, NULL, NULL, 'OPERATOR', 'invoice-att', 'd82b5cde16784fd09ce3954f918bf4b6.png');
INSERT INTO `ATTACHMENT` VALUES (335, 0, '2019-08-20 10:29:25.674', '2019-08-20 10:29:25.674', 0, 'd5d7bed693334cbd8590f482dc90fbbd', '交易证明资料', 'redmine使用流程.png', NULL, 'CONTRACT_ATT', 137, 34, 34, NULL, NULL, 'OPERATOR', 'contract-att', '2400b649f570445e9d373ac02f467d72.png');
INSERT INTO `ATTACHMENT` VALUES (336, 1, '2019-08-20 11:07:46.568', '2019-08-20 11:07:46.568', 0, 'afae31efc0764c8cb71e6a715bc81617', '用户头像', '美女1.jpg', NULL, 'USER_HEAD_PORTRAIT', 1, 1, 1, NULL, NULL, 'OPERATOR', 'user-head-portrait', '4b09d44e902c42c6af7fc41e0c24c0dd.jpg');
INSERT INTO `ATTACHMENT` VALUES (337, 0, '2019-08-20 11:31:06.437', '2019-08-20 11:31:06.437', 0, 'f623e5f0627d416693d14ac7ca5e96c5', '用户头像', '5761511298291100852.jpg', NULL, 'USER_HEAD_PORTRAIT', 80, 80, 80, NULL, NULL, 'OPERATOR', 'user-head-portrait', '40a8623807184770a54e8b6d193f6a77.jpg');
INSERT INTO `ATTACHMENT` VALUES (338, 0, '2019-08-20 11:31:11.190', '2019-08-20 11:31:11.190', 0, '062d96de5a444e64841f61a4952cbb21', '用户头像', '7430301_100825571157_2.jpg', NULL, 'USER_HEAD_PORTRAIT', 80, 80, 80, NULL, NULL, 'OPERATOR', 'user-head-portrait', '6605513a07a04f358f3e01f54ceb8f6c.jpg');
INSERT INTO `ATTACHMENT` VALUES (339, 0, '2019-08-20 11:31:13.518', '2019-08-20 11:31:13.518', 0, '2b038d46dc194a59a8fc5a0c962937c9', '用户头像', '7862248_113142019357_2.jpg', NULL, 'USER_HEAD_PORTRAIT', 80, 80, 80, NULL, NULL, 'OPERATOR', 'user-head-portrait', '94d6d2404ed142f8bc3942af7573fa6c.jpg');
INSERT INTO `ATTACHMENT` VALUES (340, 0, '2019-08-20 11:31:16.777', '2019-08-20 11:31:16.777', 0, '6e62ab7c68a145fdaa36fa1f74f96ffc', '用户头像', '20386302.jpg', NULL, 'USER_HEAD_PORTRAIT', 80, 80, 80, NULL, NULL, 'OPERATOR', 'user-head-portrait', 'cfb0a5ba10ef4532b04ae140e3994400.jpg');
INSERT INTO `ATTACHMENT` VALUES (341, 0, '2019-08-20 11:31:19.446', '2019-08-20 11:31:19.446', 0, '7f08961b9a2c4b9993816ba3af5f7e0d', '用户头像', '12970162_195127182100_2.jpg', NULL, 'USER_HEAD_PORTRAIT', 80, 80, 80, NULL, NULL, 'OPERATOR', 'user-head-portrait', 'a985e9c860dd44cda049b72a47fc0fa9.jpg');
INSERT INTO `ATTACHMENT` VALUES (342, 0, '2019-08-20 11:31:22.098', '2019-08-20 11:31:22.098', 0, 'df81218f47004f38ad331f1b5e4e1ca2', '用户头像', '5761511298291100852.jpg', NULL, 'USER_HEAD_PORTRAIT', 80, 80, 80, NULL, NULL, 'OPERATOR', 'user-head-portrait', '74d7784644854844a1cb3453f885cddd.jpg');
INSERT INTO `ATTACHMENT` VALUES (347, 0, '2019-08-20 11:58:33.016', '2019-08-20 11:58:33.016', 0, '186e5c9dca4c4f8b965997545c81fe90', '交易证明资料', 'redmine使用流程.png', NULL, 'CONTRACT_ATT', 140, 34, 34, NULL, NULL, 'OPERATOR', 'contract-att', '99827fc3b34740a28c35e9fe942a3821.png');
INSERT INTO `ATTACHMENT` VALUES (348, 0, '2019-08-20 12:04:26.037', '2019-08-20 12:04:26.037', 0, 'd6e623743eb24c549bf3a1321078c811', '平台注册协议', '注册协议-23.pdf', NULL, 'PROT_REG', 23, 28, 28, NULL, NULL, 'OPERATOR', 'prot-reg', '9851f34514d1485d855da786fba85094.pdf');
INSERT INTO `ATTACHMENT` VALUES (349, 1, '2019-08-20 13:35:44.432', '2019-08-20 13:35:44.432', 0, '909501326aa84d99896fa0c1f0e49496', '用户头像', 'Song.png', NULL, 'USER_HEAD_PORTRAIT', 1, 1, 1, NULL, NULL, 'OPERATOR', 'user-head-portrait', 'b7e813e9e8e1402f93019221994f5a54.png');
INSERT INTO `ATTACHMENT` VALUES (350, 0, '2019-08-20 14:21:54.039', '2019-08-20 14:21:54.039', 0, 'fd91cff5c3d941a8856fe76692ff5242', '交易证明资料', 'A01 《付款确认书》（碧桂园下属公司向供应商出具）-01.pdf', NULL, 'CONTRACT_ATT', 141, 34, 34, NULL, NULL, 'OPERATOR', 'contract-att', '503b2eb5efad4e498fe390312f825947.pdf');
INSERT INTO `ATTACHMENT` VALUES (351, 1, '2019-08-20 14:36:44.408', '2019-08-20 14:36:44.408', 0, 'b873402b38ad47998878084a2b984a25', '用户头像', 'a7efce1b9d16fdfa0c2b2c35ba8f8c5495ee7ba2.jpg', NULL, 'USER_HEAD_PORTRAIT', 1, 1, 1, NULL, NULL, 'OPERATOR', 'user-head-portrait', 'e7f5dddf4a4e4c77967d16748a7c7e46.jpg');
INSERT INTO `ATTACHMENT` VALUES (352, 0, '2019-08-20 14:52:20.451', '2019-08-20 14:52:20.451', 0, 'c7ef7a4bdb5a48a98fb5cf67164a149e', '企业用户身份证正面', 'a7efce1b9d16fdfa0c2b2c35ba8f8c5495ee7ba2.jpg', 'b/2/8/c7ef7a4bdb5a48a98fb5cf67164a149e.jpg', 'ENT_USER_ATT_FRONT', 73, 1, 1, NULL, NULL, 'OPERATOR', NULL, NULL);
INSERT INTO `ATTACHMENT` VALUES (353, 0, '2019-08-20 15:01:24.424', '2019-08-20 15:01:24.424', 0, '455a9cf662e845939f897e2abeb4578c', '企业用户身份证背面', 'cb66d0160924ab18f8251eef3bfae6cd7b890b33.jpg', NULL, 'ENT_USER_ATT_BACK', 17, 1, 1, NULL, NULL, 'OPERATOR', 'ent-user-att-back', '2b2b43104bd74ea583f309dc36bebf45.jpg');
INSERT INTO `ATTACHMENT` VALUES (356, 0, '2019-08-20 15:29:54.413', '2019-08-20 16:06:04.328', 0, '102516149ec342d3a5cbe48effd9207f', '交易证明资料', '1.png', NULL, 'OTHER_ATT', 143, 34, 34, NULL, NULL, 'OPERATOR', 'other-att', 'f06af8dd48b642e68339b907285d49d8.png');
INSERT INTO `ATTACHMENT` VALUES (357, 0, '2019-08-20 15:30:36.471', '2019-08-20 16:05:24.138', 0, 'bcc69ae9f83f471581aa0c7fa4ad4331', '交易证明资料', '发票.png', NULL, 'INVOICE_ATT', 144, 34, 34, NULL, NULL, 'OPERATOR', 'invoice-att', 'c2c5f479365f4af1b6c37160df52d90f.png');
INSERT INTO `ATTACHMENT` VALUES (361, 1, '2019-08-20 15:38:33.150', '2019-08-20 15:38:33.150', 0, '47420711870041c3812e996ca9bd68e3', '交易证明材料', '1.jpg', NULL, 'INVOICE_ATT', 64, 65, 65, NULL, NULL, 'OPERATOR', 'invoice-att', 'db0f2bd260584d27b50910f29f837142.jpg');
INSERT INTO `ATTACHMENT` VALUES (372, 0, '2019-08-20 16:06:04.484', '2019-08-20 16:06:04.484', 0, '7955b61fb30b414c97efd4343da67ff8', '交易证明资料', '汇票.jpg', NULL, 'INTERNAL_APPROVAL_ATT', 143, 34, 34, NULL, NULL, 'OPERATOR', 'internal-approval-att', '91c05815ab8c4a868b0871a1055b79ac.jpg');
INSERT INTO `ATTACHMENT` VALUES (373, 1, '2019-08-20 16:07:01.957', '2019-08-20 16:07:01.957', 0, '32705e923d3c4280a6fc6c6e4cc9808d', '交易证明材料', '1.jpg', NULL, 'INVOICE_ATT', 64, 65, 65, NULL, NULL, 'OPERATOR', 'invoice-att', 'b194b952b4ec4fd9b5e77e6112e13ae1.jpg');
INSERT INTO `ATTACHMENT` VALUES (374, 0, '2019-08-20 16:07:41.286', '2019-08-20 16:07:41.286', 0, '3d9e85660b30467992f8f7106ea5db35', '交易证明资料', '1.png', NULL, 'SEND_GOODS_ATT', 125, 34, 34, NULL, NULL, 'OPERATOR', 'send-goods-att', 'a58b921ad8d349d4bfc7ec49a8078f64.png');
INSERT INTO `ATTACHMENT` VALUES (375, 0, '2019-08-20 16:07:41.312', '2019-08-20 16:07:41.312', 0, '4a7532f7164c439481c44ee3d5c7d247', '交易证明资料', '1.png', NULL, 'ACCOUNT_STATEMENT_ATT', 125, 34, 34, NULL, NULL, 'OPERATOR', 'account-statement-att', '676cdab2d0ad49459f298005d09b95bf.png');
INSERT INTO `ATTACHMENT` VALUES (376, 0, '2019-08-20 16:07:42.640', '2019-08-20 16:07:42.640', 0, 'ca46e9ca0ac14411b2a3cc22059f644b', '交易证明材料', '1.jpg', NULL, 'INVOICE_ATT', 64, 65, 65, NULL, NULL, 'OPERATOR', 'invoice-att', '7c004549d0174014a9cc256def849fd6.jpg');
INSERT INTO `ATTACHMENT` VALUES (377, 1, '2019-08-20 16:09:58.093', '2019-08-20 16:09:58.093', 0, '3685fefaba404026bd4e508558c58801', '用户头像', 'Song.png', NULL, 'USER_HEAD_PORTRAIT', 1, 1, 1, NULL, NULL, 'OPERATOR', 'user-head-portrait', '2b0ae513c1da488da9c8bbb333f80ef1.png');
INSERT INTO `ATTACHMENT` VALUES (378, 0, '2019-08-20 16:10:52.350', '2019-08-20 16:10:52.350', 0, '48811e47248b42e8b2d5de702a11dd02', '开票证明文件', '1.jpg', NULL, 'CHAIN_BILLING_PROOF_ATT', 64, 65, 65, NULL, NULL, 'OPERATOR', 'chain-billing-proof-att', 'c71ba734548340dfafe12b39f348e4d2.jpg');
INSERT INTO `ATTACHMENT` VALUES (379, 0, '2019-08-20 16:12:38.935', '2019-08-20 16:12:38.935', 0, '7b10869546fa495eb8b226fb093221cc', '发票文件', '1.jpg', NULL, 'CHAIN_BILLING_ATT', 64, 65, 65, NULL, NULL, 'OPERATOR', 'chain-billing-att', '045da88d174b4365aadd08113ee260d6.jpg');
INSERT INTO `ATTACHMENT` VALUES (380, 0, '2019-08-20 16:13:17.335', '2019-08-20 16:13:17.335', 0, '4b02cfb0192f4a4995b9ba197e1bc144', '发票文件', '1.jpg', NULL, 'CHAIN_BILLING_ATT', 64, 38, 38, NULL, NULL, 'OPERATOR', 'chain-billing-att', '093b5cbd2c344d4a8230bedb27ca9d36.jpg');
INSERT INTO `ATTACHMENT` VALUES (385, 0, '2019-08-20 16:23:32.245', '2019-08-20 16:23:32.245', 0, '385ed7b71a01489ba774b01b3f2b4d7f', '开票证明文件', '1.jpg', NULL, 'CHAIN_BILLING_PROOF_ATT', 64, 65, 65, NULL, NULL, 'OPERATOR', 'chain-billing-proof-att', 'f7a19506592742c2930f855d750534b7.jpg');
INSERT INTO `ATTACHMENT` VALUES (386, 0, '2019-08-20 17:51:16.409', '2019-08-20 17:51:16.409', 0, '5a1ff6c0c689429f96df6ce12120b8e8', '企业用户证件正面', 'idCard-back.png', NULL, 'ENT_USER_ATT_FRONT', 56, 34, 34, NULL, NULL, 'OPERATOR', 'ent-user-att-front', 'fc107b67e5244458a5e821aadb4522fd.png');
INSERT INTO `ATTACHMENT` VALUES (387, 0, '2019-08-20 17:51:16.557', '2019-08-20 17:51:16.557', 0, '42b67d4433fa4eeea8b590c2f88946b4', '企业用户证件背面', 'idCard_front.jpg', NULL, 'ENT_USER_ATT_BACK', 56, 34, 34, NULL, NULL, 'OPERATOR', 'ent-user-att-back', 'c1c60ca3c72a4de9a0ca373302ee01a6.jpg');
INSERT INTO `ATTACHMENT` VALUES (388, 1, '2019-08-20 19:02:05.700', '2019-08-20 19:02:05.700', 0, 'ca99245d9378436c808be6f6cb036d18', '用户头像', 'Song.png', NULL, 'USER_HEAD_PORTRAIT', 28, 28, 28, NULL, NULL, 'OPERATOR', 'user-head-portrait', '97f63764c14648cabab3e13ef97abf98.png');
INSERT INTO `ATTACHMENT` VALUES (389, 0, '2019-08-21 11:25:40.225', '2019-08-21 11:25:40.225', 0, '4db8d39f532d45c7ad23e212766749a9', '用户头像', '美女1.jpg', NULL, 'USER_HEAD_PORTRAIT', 38, 38, 38, NULL, NULL, 'OPERATOR', 'user-head-portrait', 'ee54f3d7c21646c6a7894db919a6d663.jpg');
INSERT INTO `ATTACHMENT` VALUES (390, 0, '2019-08-21 11:27:06.266', '2019-08-21 11:27:06.266', 0, '7e848cdee80e4274809f48a0aac34a00', '用户头像', 'timg.jpeg', NULL, 'USER_HEAD_PORTRAIT', 38, 38, 38, NULL, NULL, 'OPERATOR', 'user-head-portrait', 'f439e12ab8f748b1969df60bbf9aeee5.jpeg');
INSERT INTO `ATTACHMENT` VALUES (391, 0, '2019-08-21 11:27:09.723', '2019-08-21 11:27:09.723', 0, '557d2a4dec454f0591762d10fdb91ef2', '用户头像', '美女1.jpg', NULL, 'USER_HEAD_PORTRAIT', 38, 38, 38, NULL, NULL, 'OPERATOR', 'user-head-portrait', '7ddcaa53b7b8475194a30e45682a2fca.jpg');
INSERT INTO `ATTACHMENT` VALUES (392, 0, '2019-08-21 11:27:15.293', '2019-08-21 11:27:15.293', 0, 'bc55d7fc6ab64206a348809c92dcc071', '用户头像', '发票1.jpg', NULL, 'USER_HEAD_PORTRAIT', 38, 38, 38, NULL, NULL, 'OPERATOR', 'user-head-portrait', '5a41e6aabc4747569aedc65b903cc9d3.jpg');
INSERT INTO `ATTACHMENT` VALUES (393, 0, '2019-08-21 15:56:11.820', '2019-08-21 15:56:11.820', 0, '245481353556459d88ffe00ea5c7be01', '企业账户资料附件', 'bg.png', NULL, 'ENT_BANK_ACCOUNT_ATT', 25, 34, 34, NULL, NULL, 'OPERATOR', 'ent-bank-account-att', '38f2d1c216fe40fda4c3dedfc06f016f.png');
INSERT INTO `ATTACHMENT` VALUES (398, 0, '2019-08-21 16:53:19.849', '2019-08-21 16:53:19.849', 0, '7810d02e7e674ae7a656b0238b72eefd', '企业用户身份证正面', 'a7efce1b9d16fdfa0c2b2c35ba8f8c5495ee7ba2.jpg', NULL, 'ENT_USER_ATT_FRONT', 27, 1, 1, NULL, NULL, 'OPERATOR', 'ent-user-att-front', '938b2be750b1436383b787e78b0ef720.jpg');
INSERT INTO `ATTACHMENT` VALUES (399, 0, '2019-08-21 16:53:19.907', '2019-08-21 16:53:19.907', 0, '73f772e9701f47f08045ba30269c13f1', '企业用户身份证背面', '78310a55b319ebc44bceb0758f26cffc1f1716ac.jpg', NULL, 'ENT_USER_ATT_BACK', 27, 1, 1, NULL, NULL, 'OPERATOR', 'ent-user-att-back', '683f8f9f3a2a4665a5946f26093b20c3.jpg');
INSERT INTO `ATTACHMENT` VALUES (400, 0, '2019-08-21 16:58:47.196', '2019-08-21 16:58:47.196', 0, 'a90e2d01763c4bfcbe045c64681682ef', '企业用户证件正面', 'idCard-back.png', NULL, 'ENT_USER_ATT_FRONT', 38, 38, 38, NULL, NULL, 'OPERATOR', 'ent-user-att-front', '2717df64d2c74154a5e73c03c49ad9e4.png');
INSERT INTO `ATTACHMENT` VALUES (401, 0, '2019-08-21 16:58:47.284', '2019-08-21 16:58:47.284', 0, '6c35a74fe5ef44b5ae2325da925deccf', '企业用户证件背面', 'idCard_front.jpg', NULL, 'ENT_USER_ATT_BACK', 38, 38, 38, NULL, NULL, 'OPERATOR', 'ent-user-att-back', 'a08a0258b98f49f89d0dfe62862853e9.jpg');
INSERT INTO `ATTACHMENT` VALUES (402, 1, '2019-08-21 16:59:29.503', '2019-08-21 16:59:29.503', 0, '8640abb08fb34abb9a0e38c708edef7f', '企业用户证件正面', 'a7efce1b9d16fdfa0c2b2c35ba8f8c5495ee7ba2.jpg', NULL, 'ENT_USER_ATT_FRONT', 69, 28, 28, NULL, NULL, 'OPERATOR', 'ent-user-att-front', '24ff1cb98f054016991b695e3dabc38c.jpg');
INSERT INTO `ATTACHMENT` VALUES (403, 1, '2019-08-21 16:59:29.548', '2019-08-21 16:59:29.548', 0, '1e2b9ba38baa4f338c8a91e64d9d96b6', '企业用户证件背面', '78310a55b319ebc44bceb0758f26cffc1f1716ac.jpg', NULL, 'ENT_USER_ATT_BACK', 69, 28, 28, NULL, NULL, 'OPERATOR', 'ent-user-att-back', '8e68c65be9c64a2293d2805bfe0da3bb.jpg');
INSERT INTO `ATTACHMENT` VALUES (404, 0, '2019-08-21 17:01:15.889', '2019-08-21 17:01:15.889', 0, '8f63520893fa48f9b3c59c66a0e6cb5a', '企业用户身份证背面', 'idCard_front.jpg', NULL, 'ENT_USER_ATT_BACK', 28, 1, 1, NULL, NULL, 'OPERATOR', 'ent-user-att-back', '7363bde982374ed68b5fc1eb575721b6.jpg');
INSERT INTO `ATTACHMENT` VALUES (405, 1, '2019-08-21 17:05:22.661', '2019-08-21 17:05:22.661', 0, '81ddec30463e421ab41e8c12ade48242', '企业用户身份证正面', 'a7efce1b9d16fdfa0c2b2c35ba8f8c5495ee7ba2.jpg', NULL, 'ENT_USER_ATT_FRONT', 25, 1, 1, NULL, NULL, 'OPERATOR', 'ent-user-att-front', '1752f6b665034eb3a4cddc890b1adc25.jpg');
INSERT INTO `ATTACHMENT` VALUES (406, 1, '2019-08-21 17:05:22.891', '2019-08-21 17:05:22.891', 0, 'ae6172ec62464adbb52aaad9734aee75', '企业用户身份证背面', '78310a55b319ebc44bceb0758f26cffc1f1716ac.jpg', NULL, 'ENT_USER_ATT_BACK', 25, 1, 1, NULL, NULL, 'OPERATOR', 'ent-user-att-back', '3a5bc2d962124b99a7153c6d4e6cc2eb.jpg');
INSERT INTO `ATTACHMENT` VALUES (407, 0, '2019-08-21 17:13:17.332', '2019-08-21 17:13:17.332', 0, '5ecab67b594342338ed798cfe19fb9a6', '企业用户身份证正面', 'idCard-back.png', NULL, 'ENT_USER_ATT_FRONT', 28, 1, 1, NULL, NULL, 'OPERATOR', 'ent-user-att-front', 'e6fbdbc76f364f5e99c03e1a46f53cc0.png');
INSERT INTO `ATTACHMENT` VALUES (408, 1, '2019-08-21 17:16:53.910', '2019-08-21 17:16:53.910', 0, '74a8847741704a7e9b5c8236b53b3286', '企业用户证件背面', '78310a55b319ebc44bceb0758f26cffc1f1716ac.jpg', NULL, 'ENT_USER_ATT_BACK', 69, 28, 28, NULL, NULL, 'OPERATOR', 'ent-user-att-back', '99c37635cbea4ca5914686f6e8404077.jpg');
INSERT INTO `ATTACHMENT` VALUES (409, 1, '2019-08-21 17:24:00.096', '2019-08-21 17:24:00.096', 0, '2380432c32054233bfd882a489148394', '用户头像', '78310a55b319ebc44bceb0758f26cffc1f1716ac.jpg', NULL, 'USER_HEAD_PORTRAIT', 1, 1, 1, NULL, NULL, 'OPERATOR', 'user-head-portrait', '598a2ee4bbba4ae7be08f4f07d5afd3e.jpg');
INSERT INTO `ATTACHMENT` VALUES (410, 1, '2019-08-21 17:26:21.610', '2019-08-21 17:26:21.610', 0, 'f1686a7d30694301a8113754d3f6794c', '用户头像', '78310a55b319ebc44bceb0758f26cffc1f1716ac.jpg', NULL, 'USER_HEAD_PORTRAIT', 28, 28, 28, NULL, NULL, 'OPERATOR', 'user-head-portrait', 'd9b1df9103ce4aa5b6834c38d1b54d40.jpg');
INSERT INTO `ATTACHMENT` VALUES (411, 1, '2019-08-21 17:26:34.149', '2019-08-21 17:26:34.149', 0, 'fab60157178547408f3e07a4dd516720', '企业用户证件正面', '78310a55b319ebc44bceb0758f26cffc1f1716ac.jpg', NULL, 'ENT_USER_ATT_FRONT', 69, 28, 28, NULL, NULL, 'OPERATOR', 'ent-user-att-front', '228589422f4546c7badc9acbd3007cac.jpg');
INSERT INTO `ATTACHMENT` VALUES (412, 1, '2019-08-21 17:26:34.245', '2019-08-21 17:26:34.245', 0, 'fed0a43d20fc4c3297f2b23075936ebb', '企业用户证件背面', '78310a55b319ebc44bceb0758f26cffc1f1716ac.jpg', NULL, 'ENT_USER_ATT_BACK', 69, 28, 28, NULL, NULL, 'OPERATOR', 'ent-user-att-back', '055b1f726b96406da255fcaf22fc9f63.jpg');
INSERT INTO `ATTACHMENT` VALUES (413, 1, '2019-08-21 17:27:05.862', '2019-08-21 17:27:05.862', 0, '3374ad84e90f4494866aae3ab4d61869', '企业用户身份证正面', '78310a55b319ebc44bceb0758f26cffc1f1716ac.jpg', NULL, 'ENT_USER_ATT_FRONT', 26, 1, 1, NULL, NULL, 'OPERATOR', 'ent-user-att-front', '97bd95bb99cb45d8b3a44e41340ecbac.jpg');
INSERT INTO `ATTACHMENT` VALUES (414, 1, '2019-08-21 17:27:05.914', '2019-08-21 17:27:05.914', 0, '46f7005244d74d5ab7639110f12aa2c0', '企业用户身份证背面', '78310a55b319ebc44bceb0758f26cffc1f1716ac.jpg', NULL, 'ENT_USER_ATT_BACK', 26, 1, 1, NULL, NULL, 'OPERATOR', 'ent-user-att-back', '1a4af342f33447cf82d4a70cee551bd6.jpg');
INSERT INTO `ATTACHMENT` VALUES (415, 0, '2019-08-21 18:43:13.907', '2019-08-21 18:43:13.907', 0, '4726a611db1546dfa763b4e7809f4a82', '交易证明资料', '丁伟.jpg', NULL, 'INVOICE_ATT', 146, 28, 28, NULL, NULL, 'OPERATOR', 'invoice-att', '37e97d6795be45608637eeb8470914fd.jpg');
INSERT INTO `ATTACHMENT` VALUES (418, 0, '2019-08-21 18:45:01.969', '2019-08-21 18:45:01.969', 0, '02f21ee40ed9448f9f574e1e608c9c52', '交易证明资料', '发票.png', NULL, 'INVOICE_ATT', 148, 28, 28, NULL, NULL, 'OPERATOR', 'invoice-att', 'f078c749f4804b01aa3b52a37510f838.png');
INSERT INTO `ATTACHMENT` VALUES (419, 0, '2019-08-21 18:46:08.178', '2019-08-21 18:46:08.178', 0, '80ef7fba3ce148e4a4afbfc728ef3f39', '交易证明资料', '发票.png', NULL, 'INVOICE_ATT', 149, 28, 28, NULL, NULL, 'OPERATOR', 'invoice-att', 'dd0fcf8c4ef949dcab9ee69852c40634.png');
INSERT INTO `ATTACHMENT` VALUES (420, 0, '2019-08-21 18:49:05.394', '2019-08-21 18:49:05.394', 0, '49dbce27133f46909d5efadac016a2c6', '交易证明资料', '发票.png', NULL, 'INVOICE_ATT', 150, 28, 28, NULL, NULL, 'OPERATOR', 'invoice-att', '96acc7379f124bc8a5bfebf25a0babeb.png');
INSERT INTO `ATTACHMENT` VALUES (421, 1, '2019-08-22 15:08:57.466', '2019-08-22 15:08:57.466', 0, '3711cd1cea0b4a518efd20a78abca1c2', '用户头像', 'u=3853557994,4082560102&fm=26&gp=0.jpg', NULL, 'USER_HEAD_PORTRAIT', 1, 1, 1, NULL, NULL, 'OPERATOR', 'user-head-portrait', 'a515cef73ec04fecbfd20788e8ef9702.jpg');
INSERT INTO `ATTACHMENT` VALUES (422, 1, '2019-08-22 15:29:12.653', '2019-08-22 15:29:12.653', 0, 'a6201f31d5e143e6b44ae7bff5ffbe87', '用户头像', 'timg.gif', NULL, 'USER_HEAD_PORTRAIT', 1, 1, 1, NULL, NULL, 'OPERATOR', 'user-head-portrait', 'd8bf42d0164c4c55be6842dfa6ff388a.gif');
INSERT INTO `ATTACHMENT` VALUES (423, 1, '2019-08-22 15:31:31.291', '2019-08-22 15:31:31.291', 0, 'aa598a7f525e45a48987d855e8ee318b', '用户头像', '微信截图_20190822153019.png', NULL, 'USER_HEAD_PORTRAIT', 1, 1, 1, NULL, NULL, 'OPERATOR', 'user-head-portrait', '89e7b79bb7a44ba0909ff95246b5927f.png');
INSERT INTO `ATTACHMENT` VALUES (424, 1, '2019-08-22 17:08:09.820', '2019-08-22 17:08:09.820', 0, 'b7e3eb854dab4331a3e3aa640f08fa4c', '用户头像', 'timg.gif', NULL, 'USER_HEAD_PORTRAIT', 1, 1, 1, NULL, NULL, 'OPERATOR', 'user-head-portrait', 'e0f86f38fa80433f9e114dee39187c2c.gif');
INSERT INTO `ATTACHMENT` VALUES (425, 1, '2019-08-23 08:42:22.336', '2019-08-23 08:42:22.336', 0, '644e222d4c9a46a1b4e1e687ed2579cc', '用户头像', 'ea10a6df3295225a36f563291c220b469b37d35e18b4d-i1Idzm_fw658.gif', NULL, 'USER_HEAD_PORTRAIT', 1, 1, 1, NULL, NULL, 'OPERATOR', 'user-head-portrait', '76abe8f2a2804b2d8078fb39f7d5366f.gif');
INSERT INTO `ATTACHMENT` VALUES (426, 0, '2019-08-23 09:41:27.991', '2019-08-23 09:41:27.991', 0, '144f5a9a0a1a4806939eb975a77911c2', '企业营业执照附件', '营业执照副本.png', NULL, 'ENT_BUSINESS_LIC_ATT', 60, 84, 84, NULL, NULL, 'OPERATOR', 'ent-business-lic-att', '1d97eefbb52247158dcfc0a3e3aa2fb3.png');
INSERT INTO `ATTACHMENT` VALUES (427, 0, '2019-08-23 09:41:28.063', '2019-08-23 09:41:28.063', 0, '800ee5f2c4aa4e1485eea06a60105cae', '法人代表身份证附件正面', 'idCard-front.jpg', NULL, 'ENT_IDCARD_ATT_FRONT', 60, 84, 84, NULL, NULL, 'OPERATOR', 'ent-idcard-att-front', '871f5a19edad450fadc679a9ad698bb2.jpg');
INSERT INTO `ATTACHMENT` VALUES (428, 0, '2019-08-23 09:41:28.137', '2019-08-23 09:41:28.137', 0, '4afa2d518e51458087a6a841db8009a2', '法人代表身份证附件反面', 'idCard-back.png', NULL, 'ENT_IDCARD_ATT_BACK', 60, 84, 84, NULL, NULL, 'OPERATOR', 'ent-idcard-att-back', '709a39e037c74987ac6b0c3bee53db3b.png');
INSERT INTO `ATTACHMENT` VALUES (429, 0, '2019-08-23 09:42:50.380', '2019-08-23 09:42:50.380', 0, 'faf9f2c1bea846dd91d2d17485defc98', '企业用户证件正面', 'idCard-front.jpg', NULL, 'ENT_USER_ATT_FRONT', 84, 84, 84, NULL, NULL, 'OPERATOR', 'ent-user-att-front', '505560af9e894502a01d89be1f7969c7.jpg');
INSERT INTO `ATTACHMENT` VALUES (430, 0, '2019-08-23 09:42:50.546', '2019-08-23 09:42:50.546', 0, '2e8e03e6f4c148059089b836ec231d6d', '企业用户证件背面', 'idCard-back.png', NULL, 'ENT_USER_ATT_BACK', 84, 84, 84, NULL, NULL, 'OPERATOR', 'ent-user-att-back', 'ddd2adb8c79c4dca976baa71f3ec01dd.png');
INSERT INTO `ATTACHMENT` VALUES (437, 0, '2019-08-23 11:42:59.202', '2019-08-23 11:42:59.202', 0, 'e894dc1264ac4b568212cf6c4461b879', '交易证明资料', '汇票.jpg', NULL, 'INVOICE_ATT', 154, 28, 28, NULL, NULL, 'OPERATOR', 'invoice-att', 'b96e3c3d16ca4a3ba756251e24ad5739.jpg');
INSERT INTO `ATTACHMENT` VALUES (443, 0, '2019-08-23 11:44:59.932', '2019-08-23 11:44:59.932', 0, '05cc8a99856a4a70ba4a322b13537b36', '交易证明资料', '发票.png', NULL, 'INVOICE_ATT', 157, 28, 28, NULL, NULL, 'OPERATOR', 'invoice-att', '3aaf580c8f95403583c4c262997a8684.png');
INSERT INTO `ATTACHMENT` VALUES (448, 1, '2019-08-23 12:24:08.362', '2019-08-23 12:24:08.362', 0, '4727ed9c90b44be188b98d587d657cd2', '用户头像', '微信截图_20190822153019.png', NULL, 'USER_HEAD_PORTRAIT', 1, 1, 1, NULL, NULL, 'OPERATOR', 'user-head-portrait', '96f6b954cfd84c45b37257d5773f9070.png');
INSERT INTO `ATTACHMENT` VALUES (453, 0, '2019-08-23 13:44:09.237', '2019-08-23 13:44:09.237', 0, '9c0a41004b48459f8ca6948ef80392fa', '交易证明资料', '1.png', NULL, 'CONTRACT_ATT', 167, 28, 28, NULL, NULL, 'OPERATOR', 'contract-att', '3f7752fd6a2a4b86963b287a5e503436.png');
INSERT INTO `ATTACHMENT` VALUES (454, 0, '2019-08-23 13:44:09.316', '2019-08-23 13:44:09.316', 0, '2a6a750a59e84b59815c42bbc4ded990', '交易证明资料', '1.png', NULL, 'INTERNAL_APPROVAL_ATT', 167, 28, 28, NULL, NULL, 'OPERATOR', 'internal-approval-att', '239584060598452089e4280b5b0f685b.png');
INSERT INTO `ATTACHMENT` VALUES (455, 0, '2019-08-23 14:58:08.121', '2019-08-23 14:58:08.121', 0, '5b124cfe2f354253845dd9c06417b93e', '交易证明资料', '1.png', NULL, 'INVOICE_ATT', 168, 28, 28, NULL, NULL, 'OPERATOR', 'invoice-att', '20b458cf92a2460e9181f0a3d43e8f54.png');
INSERT INTO `ATTACHMENT` VALUES (456, 0, '2019-08-23 14:58:08.369', '2019-08-23 14:58:08.369', 0, '4b7cb509364a4d93b8ad33611e49bab6', '交易证明资料', '1.png', NULL, 'INTERNAL_APPROVAL_ATT', 168, 28, 28, NULL, NULL, 'OPERATOR', 'internal-approval-att', 'c1a61d2ada6b4b189645837cf38ee5d4.png');
INSERT INTO `ATTACHMENT` VALUES (457, 0, '2019-08-23 15:50:18.998', '2019-08-23 15:50:18.998', 0, '3485c3919422499b8f0ae0eba4dafee5', '企业用户证件正面', 'idCard_front.jpg', NULL, 'ENT_USER_ATT_FRONT', 85, 85, 85, NULL, NULL, 'OPERATOR', 'ent-user-att-front', 'f8a37ec49b494c4f9901f8dbcb8be513.jpg');
INSERT INTO `ATTACHMENT` VALUES (458, 0, '2019-08-23 15:50:19.128', '2019-08-23 15:50:19.128', 0, '2f615b24e42345888f341855467016b8', '企业用户证件背面', 'idCard-back.png', NULL, 'ENT_USER_ATT_BACK', 85, 85, 85, NULL, NULL, 'OPERATOR', 'ent-user-att-back', 'd215c66b86284b34862697965b72a57f.png');
INSERT INTO `ATTACHMENT` VALUES (459, 0, '2019-08-23 15:50:28.779', '2019-08-23 15:50:28.779', 0, 'ea8fb5934dfc4d3d83056a478af2b468', '企业用户证件正面', 'idCard_front.jpg', NULL, 'ENT_USER_ATT_FRONT', 85, 85, 85, NULL, NULL, 'OPERATOR', 'ent-user-att-front', '121c37dc71fb43daa87e3a603ce9419c.jpg');
INSERT INTO `ATTACHMENT` VALUES (460, 0, '2019-08-23 15:50:28.847', '2019-08-23 15:50:28.847', 0, '1d6df39a8a4b4216a518efb2a3a9c0d9', '企业用户证件背面', 'idCard-back.png', NULL, 'ENT_USER_ATT_BACK', 85, 85, 85, NULL, NULL, 'OPERATOR', 'ent-user-att-back', 'e29f99bdf53c4b879255270641fbac59.png');
INSERT INTO `ATTACHMENT` VALUES (461, 0, '2019-08-23 17:13:26.701', '2019-08-23 17:13:26.701', 0, '3fc6a39d6cae4de1a44ab19f80c94933', '企业账户资料附件', '78310a55b319ebc44bceb0758f26cffc1f1716ac.jpg', NULL, 'ENT_BANK_ACCOUNT_ATT', 26, 28, 28, NULL, NULL, 'OPERATOR', 'ent-bank-account-att', 'de06b47236ef4ae48be1a55b0d2dbed7.jpg');
INSERT INTO `ATTACHMENT` VALUES (462, 0, '2019-08-23 17:55:34.860', '2019-08-23 17:55:34.860', 0, '2072a41caab54f41a97472a4dbc3276c', '平台注册协议', '注册协议-23.pdf', NULL, 'PROT_REG', 23, 28, 28, NULL, NULL, 'OPERATOR', 'prot-reg', 'd417ae4ce94047dd939d6cf3af9e91ab.pdf');
INSERT INTO `ATTACHMENT` VALUES (463, 0, '2019-08-26 10:12:55.090', '2019-08-26 10:12:55.090', 0, '6c2ee6824a794fce9399af4b9cf5687a', '用户头像', 'ea10a6df3295225a36f563291c220b469b37d35e18b4d-i1Idzm_fw658.gif', NULL, 'USER_HEAD_PORTRAIT', 1, 1, 1, NULL, NULL, 'OPERATOR', 'user-head-portrait', 'c8d3241ad85f4b3994de1495027dc46d.gif');
INSERT INTO `ATTACHMENT` VALUES (464, 0, '2019-08-26 10:25:39.515', '2019-08-26 10:25:39.515', 0, '6c2cbcbca9404e749903159b67d3b541', '企业营业执照附件', '1.jpg', NULL, 'ENT_BUSINESS_LIC_ATT', 58, 82, 82, NULL, NULL, 'OPERATOR', 'ent-business-lic-att', '5b5e6cb9045e4c1a8e735f6b8f097e23.jpg');
INSERT INTO `ATTACHMENT` VALUES (465, 0, '2019-08-26 10:25:39.618', '2019-08-26 10:25:39.618', 0, 'ac84bef7aa7e4d2bab70b71fb885b923', '法人代表身份证附件正面', '1.jpg', NULL, 'ENT_IDCARD_ATT_FRONT', 58, 82, 82, NULL, NULL, 'OPERATOR', 'ent-idcard-att-front', '2b5b75a7d6fe46b199a225d517713b63.jpg');
INSERT INTO `ATTACHMENT` VALUES (466, 0, '2019-08-26 10:25:39.681', '2019-08-26 10:25:39.681', 0, '1f36713179f548fc8644ba7dbcd9c7e6', '法人代表身份证附件反面', '1.png', NULL, 'ENT_IDCARD_ATT_BACK', 58, 82, 82, NULL, NULL, 'OPERATOR', 'ent-idcard-att-back', '3a1facf0c3a541a6afe97da36a2fef83.png');
INSERT INTO `ATTACHMENT` VALUES (467, 0, '2019-08-26 10:26:00.223', '2019-08-26 10:26:00.223', 0, '611ce007165b45d584dac99cdde23d8f', '企业用户证件正面', '1.jpg', NULL, 'ENT_USER_ATT_FRONT', 82, 82, 82, NULL, NULL, 'OPERATOR', 'ent-user-att-front', '24d304e1d2014aa18990e9767207cef2.jpg');
INSERT INTO `ATTACHMENT` VALUES (468, 0, '2019-08-26 10:26:00.280', '2019-08-26 10:26:00.280', 0, '7469ee7faa934b8a96429cbc654b985f', '企业用户证件背面', '1.png', NULL, 'ENT_USER_ATT_BACK', 82, 82, 82, NULL, NULL, 'OPERATOR', 'ent-user-att-back', '57bf18c7645c4719bc39f6c19a2a865d.png');
INSERT INTO `ATTACHMENT` VALUES (469, 0, '2019-08-26 11:29:43.115', '2019-08-26 11:29:43.115', 0, '4f925aaa7f1f474e9259dbe52432fbee', '企业账户资料附件', '78310a55b319ebc44bceb0758f26cffc1f1716ac.jpg', NULL, 'ENT_BANK_ACCOUNT_ATT', 27, 28, 28, NULL, NULL, 'OPERATOR', 'ent-bank-account-att', '3b2295edd29043c38af1d5b64ae04a45.jpg');
INSERT INTO `ATTACHMENT` VALUES (470, 0, '2019-08-26 11:33:55.073', '2019-08-26 11:33:55.073', 0, '0bce101c32904b52930d6f65804fee53', '企业账户资料附件', '78310a55b319ebc44bceb0758f26cffc1f1716ac.jpg', NULL, 'ENT_BANK_ACCOUNT_ATT', 28, 28, 28, NULL, NULL, 'OPERATOR', 'ent-bank-account-att', '530f54c3a5c0444d8f054ae48eedb817.jpg');
INSERT INTO `ATTACHMENT` VALUES (474, 0, '2019-08-26 14:24:26.906', '2019-08-26 14:24:26.906', 0, '0a303c7ac47a4468998e54def7ec4e76', '用户头像', '415f82b9ly1fthm96t0t8g208m07xb29.jpg', NULL, 'USER_HEAD_PORTRAIT', 28, 28, 28, NULL, NULL, 'OPERATOR', 'user-head-portrait', '2ad9311c908f4fa1aff03700f95ec2b3.jpg');
INSERT INTO `ATTACHMENT` VALUES (475, 0, '2019-08-26 14:39:29.809', '2019-08-26 14:39:29.809', 0, '1714933b692941aaafe7c874416363a8', '企业用户证件正面', 'idCard_front.jpg', NULL, 'ENT_USER_ATT_FRONT', 22, 22, 22, NULL, NULL, 'OPERATOR', 'ent-user-att-front', 'f0a28f2b862a4b33a19d5899af4127c1.jpg');
INSERT INTO `ATTACHMENT` VALUES (476, 0, '2019-08-26 14:39:29.947', '2019-08-26 14:39:29.947', 0, '24cc1af2c62f42f9a679c4342a999803', '企业用户证件背面', 'idCard-back.png', NULL, 'ENT_USER_ATT_BACK', 22, 22, 22, NULL, NULL, 'OPERATOR', 'ent-user-att-back', 'a3ea7344b3404bed86f81e505609872c.png');
INSERT INTO `ATTACHMENT` VALUES (477, 0, '2019-08-26 14:39:49.251', '2019-08-26 14:39:49.251', 0, '62b86a0c3baa487188050f26774b4f2f', '企业用户证件正面', 'idCard_front.jpg', NULL, 'ENT_USER_ATT_FRONT', 22, 22, 22, NULL, NULL, 'OPERATOR', 'ent-user-att-front', '21c414aa35e547038d67de8b4402f50e.jpg');
INSERT INTO `ATTACHMENT` VALUES (478, 0, '2019-08-26 14:39:49.321', '2019-08-26 14:39:49.321', 0, '73bbabeb1e6747fab0e75db3499a03ba', '企业用户证件背面', 'idCard-back.png', NULL, 'ENT_USER_ATT_BACK', 22, 22, 22, NULL, NULL, 'OPERATOR', 'ent-user-att-back', '696a8711f08f472fbd3170634ff36b73.png');
INSERT INTO `ATTACHMENT` VALUES (479, 0, '2019-08-26 15:54:57.444', '2019-08-26 15:54:57.444', 0, '5bdc07741f9b49b18c2804b7367a259c', '企业用户证件正面', 'idCard_front.jpg', NULL, 'ENT_USER_ATT_FRONT', 69, 69, 69, NULL, NULL, 'OPERATOR', 'ent-user-att-front', '6dfc709d4fb24a288354d0313ccdb9c9.jpg');
INSERT INTO `ATTACHMENT` VALUES (480, 0, '2019-08-26 15:54:57.586', '2019-08-26 15:54:57.586', 0, '4873c478c584444e857bdb15961a7a85', '企业用户证件背面', 'idCard-back.png', NULL, 'ENT_USER_ATT_BACK', 69, 69, 69, NULL, NULL, 'OPERATOR', 'ent-user-att-back', '2aa3483095d4473abf45fd9092a39610.png');
INSERT INTO `ATTACHMENT` VALUES (481, 0, '2019-08-27 09:20:35.639', '2019-08-27 09:20:35.639', 0, 'a12c7a49a8274e96a1baa617f1a70c9b', '企业其他文件附件', 'hx.png', NULL, 'ENT_OTHER_ATT', 63, 86, 86, NULL, NULL, 'OPERATOR', 'ent-other-att', '1dcf265839154c5ea877503fce6d9a45.png');
INSERT INTO `ATTACHMENT` VALUES (482, 0, '2019-08-27 09:20:35.793', '2019-08-27 09:20:35.793', 0, 'dae6573d8e8940f38a8358c6c4b08594', '企业资质证书附件', '合同文件.pdf', NULL, 'ENT_CERT_ATT', 63, 86, 86, NULL, NULL, 'OPERATOR', 'ent-cert-att', 'd8f6fc37641e45e59f6cdf365a1d5324.pdf');
INSERT INTO `ATTACHMENT` VALUES (483, 0, '2019-08-27 09:20:35.868', '2019-08-27 09:20:35.868', 0, '8e51aa37211f4dcd9cea2faaf7f55b03', '企业营业执照附件', '营业执照副本.png', NULL, 'ENT_BUSINESS_LIC_ATT', 63, 86, 86, NULL, NULL, 'OPERATOR', 'ent-business-lic-att', 'c8ce296c139e46c6aaf843bef987fe87.png');
INSERT INTO `ATTACHMENT` VALUES (484, 0, '2019-08-27 09:20:35.936', '2019-08-27 09:20:35.936', 0, '1c9c8a2b60274b5ea4893e20f886a7f4', '法人代表身份证附件正面', 'idCard_front.jpg', NULL, 'ENT_IDCARD_ATT_FRONT', 63, 86, 86, NULL, NULL, 'OPERATOR', 'ent-idcard-att-front', 'e41c322c8cf04e7fbfcdfac03dd2118f.jpg');
INSERT INTO `ATTACHMENT` VALUES (485, 0, '2019-08-27 09:20:36.026', '2019-08-27 09:20:36.026', 0, '958d343ab2354b41a2ac27e5dec29633', '法人代表身份证附件反面', 'idCard-back.png', NULL, 'ENT_IDCARD_ATT_BACK', 63, 86, 86, NULL, NULL, 'OPERATOR', 'ent-idcard-att-back', 'c54cecbcfba14ceba577bba5dede67af.png');
INSERT INTO `ATTACHMENT` VALUES (486, 0, '2019-08-27 09:21:06.771', '2019-08-27 09:21:06.771', 0, '3f0183acbe9d423f8cd2aa6ae8f26921', '企业用户证件正面', 'idCard_front.jpg', NULL, 'ENT_USER_ATT_FRONT', 86, 86, 86, NULL, NULL, 'OPERATOR', 'ent-user-att-front', 'ba6896d2bb984ea4bdf25d2cdb680126.jpg');
INSERT INTO `ATTACHMENT` VALUES (487, 0, '2019-08-27 09:21:06.832', '2019-08-27 09:21:06.832', 0, '0535e71cba9442fc9e5e66cfeb90a3c4', '企业用户证件背面', 'idCard-back.png', NULL, 'ENT_USER_ATT_BACK', 86, 86, 86, NULL, NULL, 'OPERATOR', 'ent-user-att-back', '1ab21fefb9f043cbb647d382febd55d1.png');
INSERT INTO `ATTACHMENT` VALUES (488, 0, '2019-08-27 09:32:58.389', '2019-08-27 09:32:58.389', 0, 'd4549c09152a48ae8def7de9ae7fda79', '企业用户证件正面', 'idCard_front.jpg', NULL, 'ENT_USER_ATT_FRONT', 87, 87, 87, NULL, NULL, 'OPERATOR', 'ent-user-att-front', '127dabf2379240e9a5c98fcb251bafac.jpg');
INSERT INTO `ATTACHMENT` VALUES (489, 0, '2019-08-27 09:32:58.490', '2019-08-27 09:32:58.490', 0, '543f987f85d44815a5a8e56b10238159', '企业用户证件背面', 'idCard-back.png', NULL, 'ENT_USER_ATT_BACK', 87, 87, 87, NULL, NULL, 'OPERATOR', 'ent-user-att-back', 'b9f542578e3945c8a48b4ae0cd8ad3a5.png');
INSERT INTO `ATTACHMENT` VALUES (490, 0, '2019-08-27 09:33:28.957', '2019-08-27 09:33:28.957', 0, 'daf4f44e4a66469f89f84c409b64d1a6', '企业用户证件正面', 'idCard_front.jpg', NULL, 'ENT_USER_ATT_FRONT', 87, 87, 87, NULL, NULL, 'OPERATOR', 'ent-user-att-front', '42845b8329834a25b391c5c338e027fd.jpg');
INSERT INTO `ATTACHMENT` VALUES (491, 0, '2019-08-27 09:33:29.030', '2019-08-27 09:33:29.030', 0, '0c890c2d9cad4971abf56ea81fb95d3e', '企业用户证件背面', 'idCard-back.png', NULL, 'ENT_USER_ATT_BACK', 87, 87, 87, NULL, NULL, 'OPERATOR', 'ent-user-att-back', '34db1b91b7354b57aa2a181f67185dd1.png');
INSERT INTO `ATTACHMENT` VALUES (492, 1, '2019-08-27 09:43:21.894', '2019-08-27 09:43:21.894', 0, '2124c3b5726d42179e04d0341f4d27bb', '企业账户资料附件', '78310a55b319ebc44bceb0758f26cffc1f1716ac.jpg', NULL, 'ENT_BANK_ACCOUNT_ATT', 29, 28, 28, NULL, NULL, 'OPERATOR', 'ent-bank-account-att', '1ba8145846f547d59b06ff7d14f0cb9c.jpg');
INSERT INTO `ATTACHMENT` VALUES (493, 0, '2019-08-27 09:45:22.425', '2019-08-27 09:45:22.425', 0, '166c37bbd89d4ce397f6d98d433eb7b8', '企业账户资料附件', 'a7efce1b9d16fdfa0c2b2c35ba8f8c5495ee7ba2.jpg', NULL, 'ENT_BANK_ACCOUNT_ATT', 29, 28, 28, NULL, NULL, 'OPERATOR', 'ent-bank-account-att', 'ba8136b97f664e01adea18d1f38f2dde.jpg');
INSERT INTO `ATTACHMENT` VALUES (494, 0, '2019-08-27 10:16:00.749', '2019-08-27 10:16:00.749', 0, '4ce9b6211a7b4819b668e690bed9cb1c', '企业用户证件正面', 'idCard_front.jpg', NULL, 'ENT_USER_ATT_FRONT', 24, 24, 24, NULL, NULL, 'OPERATOR', 'ent-user-att-front', 'c7024693e6ea412891e3e75900b2f307.jpg');
INSERT INTO `ATTACHMENT` VALUES (495, 0, '2019-08-27 10:16:00.855', '2019-08-27 10:16:00.855', 0, '899d4a4e2e6b4fbbb5f3159979e622cc', '企业用户证件背面', 'idCard-back.png', NULL, 'ENT_USER_ATT_BACK', 24, 24, 24, NULL, NULL, 'OPERATOR', 'ent-user-att-back', '637fda0f1fda4f649ce36abfc76a5dbe.png');

-- ----------------------------
-- Table structure for BANK_ACCOUNT_CHANGE_RECORD
-- ----------------------------
DROP TABLE IF EXISTS `BANK_ACCOUNT_CHANGE_RECORD`;
CREATE TABLE `BANK_ACCOUNT_CHANGE_RECORD`  (
  `ID` bigint(20) NOT NULL AUTO_INCREMENT COMMENT 'ID',
  `IS_DELETE` tinyint(1) NULL DEFAULT NULL COMMENT '是否删除',
  `CREATED_AT` timestamp(3) NULL DEFAULT NULL COMMENT '创建时间',
  `UPDATED_AT` timestamp(3) NULL DEFAULT NULL COMMENT '修改时间',
  `STATUS` int(11) NULL DEFAULT 0 COMMENT '状态',
  `ACCOUNT_ID` bigint(20) NULL DEFAULT NULL COMMENT '账户ID',
  `OLD_ACCOUNT` varchar(192) CHARACTER SET utf8 COLLATE utf8_bin NULL DEFAULT NULL COMMENT '旧账号',
  `NEW_ACCOUNT` varchar(192) CHARACTER SET utf8 COLLATE utf8_bin NULL DEFAULT NULL COMMENT '新账号',
  `OLD_BANK` varchar(192) CHARACTER SET utf8 COLLATE utf8_bin NULL DEFAULT NULL COMMENT '旧开户行',
  `NEW_BANK` varchar(192) CHARACTER SET utf8 COLLATE utf8_bin NULL DEFAULT NULL COMMENT '新开户行',
  PRIMARY KEY (`ID`) USING BTREE
) ENGINE = InnoDB AUTO_INCREMENT = 1 CHARACTER SET = utf8 COLLATE = utf8_bin COMMENT = '企业账户变更记录表' ROW_FORMAT = Dynamic;

-- ----------------------------
-- Table structure for CFCA_ACCOUNT
-- ----------------------------
DROP TABLE IF EXISTS `CFCA_ACCOUNT`;
CREATE TABLE `CFCA_ACCOUNT`  (
  `ID` bigint(20) NOT NULL AUTO_INCREMENT COMMENT 'ID',
  `IS_DELETE` tinyint(1) NULL DEFAULT 0 COMMENT '是否删除',
  `CREATED_AT` timestamp(3) NOT NULL COMMENT '创建时间',
  `UPDATED_AT` timestamp(3) NOT NULL COMMENT '修改时间',
  `STATUS` int(11) NULL DEFAULT 0 COMMENT '状态',
  `NAME` varchar(1536) CHARACTER SET utf8 COLLATE utf8_bin NOT NULL COMMENT '名称, 公章为企业名称, 私章为个人名称',
  `ENTERPRISE_ID` bigint(20) NOT NULL COMMENT '企业ID',
  `LINK_ID` bigint(20) NOT NULL COMMENT '关联企业/联系人ID, 公章为企业ID, 私章为联系人ID',
  `USER_ID` varchar(512) CHARACTER SET utf8 COLLATE utf8_bin NOT NULL COMMENT '安心签用户ID',
  `IDENT_TYPE_CODE` varchar(10) CHARACTER SET utf8 COLLATE utf8_bin NULL DEFAULT NULL COMMENT '证件类型编码',
  `IDENT_NO` varchar(512) CHARACTER SET utf8 COLLATE utf8_bin NULL DEFAULT NULL COMMENT '证件号码',
  `MOBILE_PHONE` varchar(64) CHARACTER SET utf8 COLLATE utf8_bin NULL DEFAULT NULL COMMENT '电子签章的负责人或者经办人的手机号',
  `LANDLINE_PHONE` varchar(64) CHARACTER SET utf8 COLLATE utf8_bin NULL DEFAULT NULL COMMENT '企业联系电话',
  `AUTHENTICATION_MODE` varchar(64) CHARACTER SET utf8 COLLATE utf8_bin NULL DEFAULT NULL COMMENT '客户平台与安心签协议中，明确的认证方式，例如：线下人工审核；公安部数据联网核查；绑定银行卡实名认证；其他（说明方式）',
  `AN_XIN_SIGN_MOBILE_PHONE` varchar(64) CHARACTER SET utf8 COLLATE utf8_bin NULL DEFAULT NULL COMMENT '如果用户三要素在安心签中已存在，该字段才会返回值，会隐藏中间几位',
  `AN_XIN_SIGN_EMAIL` varchar(512) CHARACTER SET utf8 COLLATE utf8_bin NULL DEFAULT NULL COMMENT '如果用户三要素在安心签中已存在，该字段才会返回值，会隐藏中间几位',
  `EMAIL` varchar(512) CHARACTER SET utf8 COLLATE utf8_bin NULL DEFAULT NULL COMMENT '邮箱',
  `TRANSACTOR_NAME` varchar(512) CHARACTER SET utf8 COLLATE utf8_bin NULL DEFAULT NULL COMMENT '经办人名称',
  `TRANSACTOR_IDENT_TYPE_CODE` varchar(10) CHARACTER SET utf8 COLLATE utf8_bin NULL DEFAULT NULL COMMENT '经办人证件类型编码',
  `TRANSACTOR_IDENT_NO` varchar(64) CHARACTER SET utf8 COLLATE utf8_bin NULL DEFAULT NULL COMMENT '经办人证件号码',
  `TRANSACTOR_ADDRESS` varchar(4000) CHARACTER SET utf8 COLLATE utf8_bin NULL DEFAULT NULL COMMENT '经办人地址',
  `ADDRESS` varchar(4000) CHARACTER SET utf8 COLLATE utf8_bin NULL DEFAULT NULL COMMENT '地址, 私章时使用',
  `TYPE` varchar(64) CHARACTER SET utf8 COLLATE utf8_bin NULL DEFAULT 'ENTERPRISE' COMMENT '账户类型',
  `SEAL_ID` varchar(1536) CHARACTER SET utf8 COLLATE utf8_bin NULL DEFAULT NULL COMMENT '印章ID',
  PRIMARY KEY (`ID`) USING BTREE,
  INDEX `IDX_CFCA_ACCOUNT_LID`(`LINK_ID`) USING BTREE
) ENGINE = InnoDB AUTO_INCREMENT = 8 CHARACTER SET = utf8 COLLATE = utf8_bin COMMENT = '安心签账户' ROW_FORMAT = Dynamic;

-- ----------------------------
-- Records of CFCA_ACCOUNT
-- ----------------------------
INSERT INTO `CFCA_ACCOUNT` VALUES (1, 0, '2019-08-05 09:59:23.745', '2019-08-05 10:00:28.833', 0, '智融云', 1, 18, '8F55BD181D1105F1E05311016B0A67DB', '0', '440221199909099999', '13533360172', NULL, '公安部', '', NULL, NULL, NULL, NULL, NULL, NULL, '', 'PERSONAL', '8F56065FFBF24927E05312016B0A7F4D');
INSERT INTO `CFCA_ACCOUNT` VALUES (2, 0, '2019-08-05 10:04:54.780', '2019-08-05 10:04:54.780', 0, '广州智融云科技有限公司', 1, 1, '8F556E0C21204DF9E05312016B0AD1A1', 'N', '440221199909099999', '13533360172', '13533360172', '公安部', '', NULL, NULL, '智融云', '0', NULL, '', NULL, 'ENTERPRISE', NULL);
INSERT INTO `CFCA_ACCOUNT` VALUES (5, 0, '2019-08-20 10:44:12.004', '2019-08-20 10:44:12.353', 0, '钟万格', 23, 8, '907086C4A8510C1CE05311016B0A4B2A', '0', '440221199909099999', '13533360172', NULL, '公安部', '', NULL, NULL, NULL, NULL, NULL, NULL, '', 'PERSONAL', '907B766EB01329BFE05312016B0AEF79');
INSERT INTO `CFCA_ACCOUNT` VALUES (6, 0, '2019-08-20 10:46:58.474', '2019-08-20 10:46:58.474', 0, '安徽万格维商贸有限公司', 23, 23, '907086C4A90A0C1CE05311016B0A4B2A', 'N', '440221199909099999', '13533360172', '13533360172', '公安部', '', NULL, NULL, '钟万格', '0', NULL, '', NULL, 'ENTERPRISE', NULL);
INSERT INTO `CFCA_ACCOUNT` VALUES (7, 0, '2019-08-20 10:46:58.474', '2019-08-20 10:46:58.474', 0, '周志人', 1, 27, '90BDB6D2CDCE0390E05311016B0A2116', '0', '440221199909099999', '13533360172', NULL, '公安部', NULL, NULL, NULL, NULL, NULL, NULL, NULL, NULL, 'MANAGER', '90B16B3652504DB1E05311016B0AC41A');

-- ----------------------------
-- Table structure for CFCA_AUTH_RECORD
-- ----------------------------
DROP TABLE IF EXISTS `CFCA_AUTH_RECORD`;
CREATE TABLE `CFCA_AUTH_RECORD`  (
  `ID` bigint(20) NOT NULL AUTO_INCREMENT COMMENT 'ID',
  `IS_DELETE` tinyint(1) NULL DEFAULT 0 COMMENT '是否删除',
  `CREATED_AT` timestamp(3) NOT NULL COMMENT '创建时间',
  `UPDATED_AT` timestamp(3) NOT NULL COMMENT '修改时间',
  `STATUS` int(11) NULL DEFAULT 0 COMMENT '状态',
  `SIGNER_ID` bigint(20) NULL DEFAULT NULL COMMENT '签署方ID',
  `PROJECT_CODE` varchar(1536) CHARACTER SET utf8 COLLATE utf8_bin NULL DEFAULT NULL COMMENT '项目编号',
  `ACCOUNT_TYPE` varchar(64) CHARACTER SET utf8 COLLATE utf8_bin NULL DEFAULT NULL COMMENT '账户类型',
  PRIMARY KEY (`ID`) USING BTREE,
  INDEX `IDX_CFCA_ATUH_REC_SID`(`SIGNER_ID`) USING BTREE
) ENGINE = InnoDB AUTO_INCREMENT = 6 CHARACTER SET = utf8 COLLATE = utf8_bin COMMENT = 'CFCA授权记录' ROW_FORMAT = Dynamic;

-- ----------------------------
-- Records of CFCA_AUTH_RECORD
-- ----------------------------
INSERT INTO `CFCA_AUTH_RECORD` VALUES (1, 0, '2019-08-19 19:28:47.534', '2019-08-19 19:28:47.534', 0, 2, 'CLI_AUTH_CODE', NULL);
INSERT INTO `CFCA_AUTH_RECORD` VALUES (2, 0, '2019-08-19 19:32:43.219', '2019-08-19 19:32:43.219', 0, 2, 'CLI_AUTH_CODE', NULL);
INSERT INTO `CFCA_AUTH_RECORD` VALUES (3, 0, '2019-08-19 19:33:55.625', '2019-08-19 19:33:55.625', 0, 2, 'CLI_AUTH_CODE', NULL);
INSERT INTO `CFCA_AUTH_RECORD` VALUES (4, 0, '2019-08-20 10:46:22.603', '2019-08-20 10:46:22.603', 0, 5, 'CLI_AUTH_CODE', NULL);
INSERT INTO `CFCA_AUTH_RECORD` VALUES (5, 0, '2019-08-20 10:47:19.722', '2019-08-20 10:47:19.722', 0, 6, 'CLI_AUTH_CODE', NULL);

-- ----------------------------
-- Table structure for CFCA_PAYMENT_RECORD
-- ----------------------------
DROP TABLE IF EXISTS `CFCA_PAYMENT_RECORD`;
CREATE TABLE `CFCA_PAYMENT_RECORD`  (
  `ID` bigint(20) NOT NULL AUTO_INCREMENT COMMENT 'ID',
  `IS_DELETE` tinyint(1) NULL DEFAULT NULL COMMENT '是否删除',
  `CREATED_AT` timestamp(3) NULL DEFAULT NULL COMMENT '创建时间',
  `UPDATED_AT` timestamp(3) NULL DEFAULT NULL COMMENT '修改时间',
  `STATUS` int(11) NULL DEFAULT 0 COMMENT '状态',
  `ACCOUNT_BANK` varchar(192) CHARACTER SET utf8 COLLATE utf8_bin NULL DEFAULT NULL COMMENT '开户银行',
  `ACCOUNT_NUMBER` varchar(192) CHARACTER SET utf8 COLLATE utf8_bin NULL DEFAULT NULL COMMENT '银行账号',
  `BANK_ID` bigint(20) NULL DEFAULT NULL COMMENT '银行账户ID',
  `TIME` timestamp(3) NULL DEFAULT NULL COMMENT '时间',
  `AMOUNT` int(11) NULL DEFAULT NULL COMMENT '金额，以分为单位',
  `TXSN` varchar(192) CHARACTER SET utf8 COLLATE utf8_bin NULL DEFAULT NULL,
  `CHECK_TIMES` int(11) NULL DEFAULT 3,
  `ACCOUNT_NAME` varchar(192) CHARACTER SET utf8 COLLATE utf8_bin NULL DEFAULT NULL COMMENT '账户名',
  PRIMARY KEY (`ID`) USING BTREE
) ENGINE = InnoDB AUTO_INCREMENT = 11 CHARACTER SET = utf8 COLLATE = utf8_bin COMMENT = 'CFCA打款记录' ROW_FORMAT = Dynamic;

-- ----------------------------
-- Records of CFCA_PAYMENT_RECORD
-- ----------------------------
INSERT INTO `CFCA_PAYMENT_RECORD` VALUES (4, 1, '2019-08-05 16:31:20.771', '2019-08-05 16:31:49.066', 0, NULL, '123', 100, '2019-08-05 16:31:20.771', 3, '201908051631204776321905032', 2, NULL);
INSERT INTO `CFCA_PAYMENT_RECORD` VALUES (5, 1, '2019-08-06 09:54:34.600', '2019-08-06 09:56:06.503', 0, NULL, '123', 100, '2019-08-06 09:54:34.600', 3, '201908060954343011778668865', 2, 'test公司');
INSERT INTO `CFCA_PAYMENT_RECORD` VALUES (6, 0, '2019-08-08 10:02:39.931', '2019-08-08 10:02:39.931', 0, NULL, '123', 100, '2019-08-08 10:02:39.931', 0, '201908081002396871008494144', 3, '思维新智科技(北京)有限公司');
INSERT INTO `CFCA_PAYMENT_RECORD` VALUES (7, 1, '2019-08-08 10:03:50.042', '2019-08-08 10:04:00.808', 0, NULL, '123444', 102, '2019-08-08 10:03:50.042', 50, '201908081003498602189339504', 2, '思维新智科技(北京)有限公司');
INSERT INTO `CFCA_PAYMENT_RECORD` VALUES (8, 1, '2019-08-23 09:44:16.389', '2019-08-23 09:44:33.262', 0, NULL, '159', 100, '2019-08-23 09:44:16.389', 5, '201908230944162103588180097', 2, '安徽玉珊瑚建筑工程有限公司');
INSERT INTO `CFCA_PAYMENT_RECORD` VALUES (9, 1, '2019-08-26 10:26:12.263', '2019-08-26 10:26:21.788', 0, NULL, '441', 105, '2019-08-26 10:26:12.263', 100, '201908261026119808312661936', 2, '和信(天津)国际商业保理有限公司');
INSERT INTO `CFCA_PAYMENT_RECORD` VALUES (10, 1, '2019-08-27 09:21:17.647', '2019-08-27 09:21:22.122', 0, NULL, '62104', 100, '2019-08-27 09:21:17.647', 10, '201908270921173662743330457', 2, '上海铁路轨道交通开发有限公司');

-- ----------------------------
-- Table structure for CHAIN
-- ----------------------------
DROP TABLE IF EXISTS `CHAIN`;
CREATE TABLE `CHAIN`  (
  `ID` bigint(20) NOT NULL AUTO_INCREMENT COMMENT 'ID',
  `IS_DELETE` tinyint(1) NULL DEFAULT NULL COMMENT '是否删除',
  `CREATED_AT` timestamp(3) NULL DEFAULT NULL COMMENT '创建时间',
  `UPDATED_AT` timestamp(3) NULL DEFAULT NULL COMMENT '修改时间',
  `STATUS` int(11) NULL DEFAULT 0 COMMENT '状态',
  `CREATOR` bigint(20) NULL DEFAULT NULL COMMENT '创建者',
  `CODE` varchar(1536) CHARACTER SET utf8 COLLATE utf8_bin NULL DEFAULT NULL COMMENT '智融链编号',
  `SUPPLIER_ID` bigint(20) NULL DEFAULT NULL COMMENT '供应商Id',
  `FACTORING_ID` bigint(20) NULL DEFAULT NULL COMMENT '保理商Id',
  `FACTORING_AMOUNT` double NULL DEFAULT NULL COMMENT '融资金额',
  `AVAILABLE_AMOUNT` double NULL DEFAULT NULL COMMENT '可用金额',
  `TYPE` int(11) NULL DEFAULT NULL COMMENT '账期类型',
  `PERIOD` int(11) NULL DEFAULT NULL COMMENT '账期',
  `ARRIVAL_DATE` date NULL DEFAULT NULL COMMENT '到账日',
  `CHECK_PASSED_TIME` timestamp(3) NULL DEFAULT NULL,
  `SIGN_TIME` timestamp(3) NULL DEFAULT NULL COMMENT '签收时间',
  `CONTRACT_NAME` varchar(1536) CHARACTER SET utf8 COLLATE utf8_bin NULL DEFAULT NULL COMMENT '合同名称',
  `CONTRACT_CODE` varchar(1536) CHARACTER SET utf8 COLLATE utf8_bin NULL DEFAULT NULL COMMENT '合同编号',
  `REMARK` varchar(1536) CHARACTER SET utf8 COLLATE utf8_bin NULL DEFAULT NULL COMMENT '备注',
  `TAG` varchar(1536) CHARACTER SET utf8 COLLATE utf8_bin NULL DEFAULT NULL COMMENT '标记',
  `PARENT_ID` bigint(20) NULL DEFAULT 0 COMMENT '智融链父Id',
  `CREATE_ENT_ID` bigint(20) NULL DEFAULT NULL COMMENT '链条创建企业ID',
  `FINANCING_RATE` double NULL DEFAULT NULL COMMENT '融资利率',
  `INVOICE_VALUE` double NULL DEFAULT NULL COMMENT '发票金额',
  `TRANSFER_AMOUNT` double NULL DEFAULT NULL COMMENT '转让金额',
  `SERVICE_TYPE` int(11) NULL DEFAULT NULL COMMENT '1:转让,2:融资',
  `FACTORING_LOAN_DATE` date NULL DEFAULT NULL COMMENT '保理商放款日期',
  `FACTORING_LOAN_AMOUNT` double NULL DEFAULT NULL COMMENT '保理商放款金额',
  `FACTORING_SIGN_DATE` date NULL DEFAULT NULL COMMENT '保理商签署日期',
  `FUND_ID` bigint(20) NULL DEFAULT NULL COMMENT '资金方ID',
  `CONTRACT_ID` bigint(20) NULL DEFAULT NULL COMMENT '合同ID',
  PRIMARY KEY (`ID`) USING BTREE
) ENGINE = InnoDB AUTO_INCREMENT = 169 CHARACTER SET = utf8 COLLATE = utf8_bin COMMENT = '智融链信息表' ROW_FORMAT = Dynamic;

-- ----------------------------
-- Records of CHAIN
-- ----------------------------
INSERT INTO `CHAIN` VALUES (7, 0, '2019-08-01 15:19:34.510', '2019-08-04 00:00:00.028', 5, 0, 'ZRL201908014244P', 1, 1, 998.8, 0, 1, 0, '2019-08-08', '2019-08-01 16:08:41.973', NULL, '时光旅行签署协议', '147258369', '想要一场穿越时空的旅行', NULL, 0, 1, NULL, NULL, NULL, 0, NULL, NULL, NULL, NULL, NULL);
INSERT INTO `CHAIN` VALUES (8, 0, '2019-08-01 16:21:00.782', '2019-08-04 00:00:00.129', 5, 0, 'ZRL201908014426P', 1, 1, 998998, 0, 1, 0, '2019-08-08', '2019-08-01 16:23:53.985', NULL, '巴黎条约协议', '7894753', '巴黎条约', NULL, 0, 1, NULL, NULL, NULL, 0, NULL, NULL, NULL, NULL, NULL);
INSERT INTO `CHAIN` VALUES (9, 0, '2019-08-01 16:25:44.257', '2019-08-04 00:00:00.145', 5, 0, 'ZRL201908011238P', 1, 1, 9527, 0, 1, 0, '2019-08-08', '2019-08-01 16:29:33.217', NULL, '嘻嘻嘻', '9527', '哈哈哈', NULL, 0, 1, NULL, NULL, NULL, 0, NULL, NULL, NULL, NULL, NULL);
INSERT INTO `CHAIN` VALUES (10, 0, '2019-08-01 16:34:05.813', '2019-08-04 00:00:00.157', 5, 0, 'ZRL201908014910P', 1, 1, 95279527.88, 0, 1, 0, '2019-08-08', '2019-08-01 16:34:30.255', NULL, '嘻嘻嘻', '9527123', '哈哈哈', NULL, 0, 1, NULL, NULL, NULL, 0, NULL, NULL, NULL, NULL, NULL);
INSERT INTO `CHAIN` VALUES (11, 0, '2019-08-01 16:35:56.208', '2019-08-01 17:18:59.142', 7, 0, 'ZRL201908013340P', 1, 1, 8899, 0, 1, 0, '2019-08-08', NULL, NULL, '嘻嘻嘻', '5555', '哈哈哈', NULL, 0, 1, NULL, NULL, NULL, 0, NULL, NULL, NULL, NULL, NULL);
INSERT INTO `CHAIN` VALUES (12, 0, '2019-08-01 17:20:56.071', '2019-08-01 17:20:56.071', 4, 0, 'ZRL201908011660P', 1, 1, 9988, 0, 1, 0, '2019-08-10', NULL, NULL, '基础交易合同', '9856', '这是一个记录', NULL, 0, 1, NULL, NULL, NULL, 0, NULL, NULL, NULL, NULL, NULL);
INSERT INTO `CHAIN` VALUES (13, 0, '2019-08-02 17:27:05.552', '2019-08-02 17:27:05.552', 1, 0, 'ZRL201908024414P', 1, 1, 8877, 0, 1, 0, '2019-08-10', NULL, NULL, '基础合同', '9856', '今天有下午茶', NULL, 0, 1, NULL, NULL, NULL, 0, NULL, NULL, NULL, NULL, NULL);
INSERT INTO `CHAIN` VALUES (15, 0, '2019-08-05 10:44:32.047', '2019-08-05 18:28:33.505', 7, 0, 'ZRL201908054366P', 1, 1, 60000, 0, 0, 30, NULL, '2019-08-05 18:28:27.778', NULL, NULL, '1', NULL, NULL, 0, 1, NULL, NULL, NULL, 0, NULL, NULL, NULL, NULL, NULL);
INSERT INTO `CHAIN` VALUES (19, 0, '2019-08-05 10:47:02.535', '2019-08-06 19:44:48.364', 1, 0, 'ZRL201908052477P', 3, 1, 60000, 0, 0, 30, NULL, '2019-08-05 18:28:19.751', NULL, '111', '1', NULL, NULL, 0, 1, NULL, NULL, NULL, 0, NULL, NULL, NULL, NULL, NULL);
INSERT INTO `CHAIN` VALUES (20, 0, '2019-08-06 10:04:22.444', '2019-08-08 14:15:02.730', 1, 0, 'ZRL201908069678P', 1, 1, 66666, 0, 1, 360, '2019-08-01', '2019-08-06 10:05:56.371', NULL, '长江集团合同', '7531598426', '这是一条测试链条', NULL, 0, 1, NULL, NULL, NULL, 0, NULL, NULL, NULL, NULL, NULL);
INSERT INTO `CHAIN` VALUES (21, 0, '2019-08-06 12:02:53.539', '2019-08-06 12:02:53.539', 1, 1, 'ZRL201908068887P', 1, 1, 600, 0, 0, 1, NULL, NULL, NULL, 'w', '11', NULL, NULL, 0, 1, NULL, NULL, NULL, 0, NULL, NULL, NULL, NULL, NULL);
INSERT INTO `CHAIN` VALUES (22, 0, '2019-08-06 12:36:01.723', '2019-08-06 12:36:01.723', 1, 1, 'ZRL201908064012P', 1, 1, 600, 0, 0, 1, NULL, NULL, NULL, 'w', '111', NULL, NULL, 0, 1, NULL, NULL, NULL, 0, NULL, NULL, NULL, NULL, NULL);
INSERT INTO `CHAIN` VALUES (23, 0, '2019-08-06 14:01:38.668', '2019-08-06 14:01:38.668', 1, 1, 'ZRL201908067304P', 1, 1, 600, 0, 0, 3, NULL, NULL, NULL, 'w', '1', NULL, NULL, 0, 1, NULL, NULL, NULL, 0, NULL, NULL, NULL, NULL, NULL);
INSERT INTO `CHAIN` VALUES (24, 0, '2019-08-06 14:06:31.539', '2019-08-06 14:06:31.539', 1, 1, 'ZRL201908064907P', 1, 1, 600, 0, 0, 1, NULL, NULL, NULL, 'w', '1', NULL, NULL, 0, 1, NULL, NULL, NULL, 0, NULL, NULL, NULL, NULL, NULL);
INSERT INTO `CHAIN` VALUES (25, 0, '2019-08-06 14:14:50.376', '2019-08-06 14:14:50.376', 1, 1, 'ZRL201908069603P', 1, 1, 600, 0, 0, 1, NULL, NULL, NULL, 'w', '1', NULL, NULL, 0, 1, NULL, NULL, NULL, 0, NULL, NULL, NULL, NULL, NULL);
INSERT INTO `CHAIN` VALUES (26, 0, '2019-08-06 14:19:31.229', '2019-08-06 14:19:31.229', 1, 1, 'ZRL201908068263P', 1, 1, 600, 0, 1, 0, NULL, NULL, NULL, 'w', '1', NULL, NULL, 0, 1, NULL, NULL, NULL, 0, NULL, NULL, NULL, NULL, NULL);
INSERT INTO `CHAIN` VALUES (27, 0, '2019-08-06 15:44:27.756', '2019-08-06 15:44:27.756', 1, 1, 'ZRL201908066537P', 1, 1, 600, 0, 1, 2, NULL, NULL, NULL, 'w', '1123', NULL, NULL, 0, 1, NULL, NULL, NULL, 0, NULL, NULL, NULL, NULL, NULL);
INSERT INTO `CHAIN` VALUES (28, 0, '2019-08-06 15:48:28.598', '2019-08-06 16:09:58.536', 1, 1, 'ZRL201908069493P', 1, 1, 600, 0, 0, 1, NULL, NULL, NULL, 'w', '1', NULL, NULL, 0, 1, NULL, NULL, NULL, 0, NULL, NULL, NULL, NULL, NULL);
INSERT INTO `CHAIN` VALUES (29, 0, '2019-08-06 15:54:43.436', '2019-08-06 16:06:42.231', 1, 1, 'ZRL201908062807P', 1, 1, 600, 0, 0, 1, NULL, NULL, NULL, '222', '11', NULL, NULL, 0, 1, NULL, NULL, NULL, 0, NULL, NULL, NULL, NULL, NULL);
INSERT INTO `CHAIN` VALUES (30, 0, '2019-08-07 09:44:56.439', '2019-08-08 11:01:10.743', 1, 34, 'ZRL201908075944P', 1, 1, 600, 0, 0, 11, '2019-08-19', '2019-08-08 10:18:02.977', NULL, 'w', '11', NULL, NULL, 0, 29, NULL, NULL, NULL, 0, NULL, NULL, NULL, NULL, NULL);
INSERT INTO `CHAIN` VALUES (31, 0, '2019-08-07 10:03:54.545', '2019-08-08 16:19:30.119', 1, 34, 'ZRL201908078962P', 1, 1, 600, 0, 1, 0, '2019-08-09', NULL, NULL, '合同', '11', NULL, NULL, 0, 29, NULL, NULL, NULL, 0, NULL, NULL, NULL, NULL, NULL);
INSERT INTO `CHAIN` VALUES (32, 0, '2019-08-07 10:06:11.344', '2019-08-08 15:56:09.601', 1, 34, 'ZRL201908076988P', 1, 1, 600.888, 0, 1, 0, '2019-08-10', '2019-08-08 09:16:17.101', NULL, '合同', '123', NULL, NULL, 0, 29, NULL, NULL, NULL, 0, NULL, NULL, NULL, NULL, NULL);
INSERT INTO `CHAIN` VALUES (33, 0, '2019-08-08 09:09:36.120', '2019-08-11 00:00:00.151', 5, 1, 'ZRL201908089184P', 1, 1, 779988, 0, 0, 360, '2020-08-02', '2019-08-08 09:09:50.800', NULL, '基础合同', '9856', '这个星期好热呀', NULL, 0, 1, NULL, NULL, NULL, 0, NULL, NULL, NULL, NULL, NULL);
INSERT INTO `CHAIN` VALUES (34, 0, '2019-08-08 09:20:18.418', '2019-08-08 15:38:40.057', 1, 34, 'ZRL201908087718P', 1, 1, 600, 0, 0, 1, '2019-08-09', '2019-08-08 10:09:31.516', NULL, 'w', '11', NULL, NULL, 0, 29, NULL, NULL, NULL, 0, NULL, NULL, NULL, NULL, NULL);
INSERT INTO `CHAIN` VALUES (35, 0, '2019-08-08 09:37:54.928', '2019-08-08 09:37:54.928', 4, 64, 'ZRL201908081419P', 1, 1, 600, 0, 0, 1, NULL, NULL, NULL, 'w', '1', NULL, NULL, 0, 29, NULL, NULL, NULL, 0, NULL, NULL, NULL, NULL, NULL);
INSERT INTO `CHAIN` VALUES (36, 0, '2019-08-08 09:41:25.365', '2019-08-08 09:41:25.365', 4, 34, 'ZRL201908083139P', 1, 1, 555, 0, 0, 1, NULL, NULL, NULL, 'w', '1', NULL, NULL, 0, 29, NULL, NULL, NULL, 0, NULL, NULL, NULL, NULL, NULL);
INSERT INTO `CHAIN` VALUES (37, 0, '2019-08-08 10:06:17.922', '2019-08-08 11:47:57.309', 1, 64, 'ZRL201908083323P', 1, 1, 600, 0, 0, 1, '2019-08-09', '2019-08-08 10:16:21.225', NULL, '测试流程', '1', NULL, NULL, 0, 29, NULL, NULL, NULL, 0, NULL, NULL, NULL, NULL, NULL);
INSERT INTO `CHAIN` VALUES (47, 0, '2019-08-08 15:45:44.047', '2019-08-08 15:45:44.047', 1, 1, 'ZRL201908086052P', 29, 1, 779988, 0, 0, 360, NULL, NULL, NULL, '基础合同', '9856', '这个星期好热呀', NULL, 0, 1, NULL, NULL, NULL, 0, NULL, NULL, NULL, NULL, NULL);
INSERT INTO `CHAIN` VALUES (48, 0, '2019-08-08 15:48:48.450', '2019-08-11 00:00:00.064', 5, 64, 'ZRL201908082848P', 29, 1, 779988, 0, 0, 360, '2020-08-02', '2019-08-08 16:00:54.241', NULL, '基础合同', '9856', '这个星期好热呀', NULL, 0, 29, NULL, NULL, NULL, 0, NULL, NULL, NULL, NULL, NULL);
INSERT INTO `CHAIN` VALUES (49, 0, '2019-08-08 16:20:54.397', '2019-08-09 16:47:44.680', 7, 64, 'ZRL201908089111P', 1, 1, 600, 0, 0, 1, NULL, NULL, NULL, 'w', '1', '滴滴滴滴', NULL, 0, 29, NULL, NULL, NULL, 0, NULL, NULL, NULL, NULL, NULL);
INSERT INTO `CHAIN` VALUES (50, 0, '2019-08-08 16:21:15.119', '2019-08-11 00:00:00.170', 5, 64, 'ZRL201908088448P', 1, 1, 600, 0, 0, 1, '2019-08-09', '2019-08-08 16:46:30.782', NULL, 'w', '1', NULL, NULL, 0, 29, NULL, NULL, NULL, 0, NULL, NULL, NULL, NULL, NULL);
INSERT INTO `CHAIN` VALUES (52, 0, '2019-08-08 17:07:05.061', '2019-08-11 00:00:00.184', 5, 64, 'ZRL201908087611P', 29, 1, 779988, 0, 0, 360, '2020-08-02', '2019-08-08 17:07:25.523', NULL, '基础合同', '9856', '这个星期好热呀', NULL, 0, 29, NULL, NULL, NULL, 0, NULL, NULL, NULL, NULL, NULL);
INSERT INTO `CHAIN` VALUES (53, 0, '2019-08-09 11:48:20.910', '2019-08-09 16:00:06.607', 7, 34, 'ZRL201908094656P', 39, 1, 600, 0, 0, 1, NULL, NULL, NULL, 'w\'q', '1', '联电通话中；后客户回电已为客户解释签署的是无追索权保理合同，我司受让的是整笔应收账款，也不会影响其与包钢新业务的付款，如有其他疑问，可邮件整理后发给我，客户表示与其他同事商量以后，如无问题明天寄出；通话中；后客户回电已为客户解释签署的是无追索权保理合同，我司受让的是整笔应收账款，也不会影响其与包钢新业务的付款，如有其他疑问，可邮件整理后发给我，客户表示与其他同事商量以后，如无问题明天寄', NULL, 0, 29, NULL, NULL, NULL, 0, NULL, NULL, NULL, NULL, NULL);
INSERT INTO `CHAIN` VALUES (56, 0, '2019-08-09 16:57:02.816', '2019-08-09 16:57:02.816', 3, 64, 'ZRL201908095999P', 29, 1, 779988, 0, 0, 360, NULL, NULL, NULL, '基础合同', '9856', '这个星期好热呀', NULL, 0, 29, NULL, NULL, NULL, 0, NULL, NULL, NULL, NULL, NULL);
INSERT INTO `CHAIN` VALUES (57, 0, '2019-08-09 16:58:09.896', '2019-08-21 10:16:24.703', 7, 34, 'ZRL201908097950P', 23, 33, 779988, 776388, 1, 0, '2019-08-17', '2019-08-13 09:55:37.196', '2019-08-13 14:04:05.946', '基础合同', '9856', '这个星期好热呀', NULL, 0, 29, 0, 0, 0, 0, NULL, 0, NULL, 0, NULL);
INSERT INTO `CHAIN` VALUES (58, 0, '2019-08-09 17:20:29.927', '2019-08-09 18:18:54.709', 3, 64, 'ZRL201908097353P', 29, 1, 779988, 0, 0, 360, NULL, NULL, NULL, '基础合同', '9856', 'HHHH', NULL, 0, 29, NULL, NULL, NULL, 0, NULL, NULL, NULL, NULL, NULL);
INSERT INTO `CHAIN` VALUES (59, 0, '2019-08-13 09:54:07.007', '2019-08-20 16:07:42.649', 6, 64, 'ZRL201908134113P', 46, 1, 779988, 759012, 0, 360, '2020-08-07', '2019-08-13 09:55:37.196', '2019-08-13 14:04:05.946', '基础合同', '9856', '这个星期好热呀', NULL, 0, 29, 0, 0, 0, 0, NULL, 0, NULL, 0, NULL);
INSERT INTO `CHAIN` VALUES (60, 0, '2019-08-13 09:54:21.956', '2019-08-13 14:10:18.892', 6, 64, 'ZRL201908138941P', 46, 1, 779988, 779988, 0, 360, '2020-08-07', '2019-08-13 09:55:51.089', '2019-08-13 14:10:03.132', '基础合同', '9856', 'xixixi', NULL, 0, 29, 0, 0, 0, 0, NULL, NULL, NULL, NULL, NULL);
INSERT INTO `CHAIN` VALUES (61, 0, '2019-08-13 10:22:26.113', '2019-08-21 00:00:00.658', 5, 64, 'ZRL201908135125P', 32, 1, 779988, 0, 0, 360, '2019-08-14', '2019-08-13 10:23:53.197', NULL, '基础合同', '9856', 'xixixi', NULL, 0, 29, 0, 0, 0, 0, NULL, 0, NULL, 0, NULL);
INSERT INTO `CHAIN` VALUES (62, 0, '2019-08-13 10:22:42.523', '2019-08-16 11:06:46.944', 7, 64, 'ZRL201908132390P', 32, 1, 779988, 779988, 0, 360, '2020-08-07', '2019-08-13 10:24:01.904', '2019-08-16 11:06:46.944', '基础合同', '9856', 'hhh', NULL, 0, 29, 0, 0, 0, 0, NULL, 0, NULL, NULL, NULL);
INSERT INTO `CHAIN` VALUES (63, 0, '2019-08-13 15:17:47.107', '2019-08-14 10:24:17.353', 1, 1, 'ZRL201908134740S', 32, 0, 9988, 9488, 0, 0, '2020-08-07', NULL, NULL, '实业集团', '9527', NULL, NULL, 59, 46, 0, 0, 9988, 1, NULL, NULL, NULL, NULL, NULL);
INSERT INTO `CHAIN` VALUES (64, 0, '2019-08-13 17:50:07.468', '2019-08-23 15:50:04.767', 2, 1, 'ZRL201908136368R', 46, 1, 1010, 0, 0, 0, '2020-08-07', NULL, NULL, '实业集团', '9527', NULL, NULL, 59, 1, 60, 50010, 0, 2, '2019-08-17', 100, '2019-08-20', 32, NULL);
INSERT INTO `CHAIN` VALUES (65, 0, '2019-08-14 10:24:17.382', '2019-08-14 10:24:17.382', 0, 37, 'ZRL201908141796S', 46, 0, 500, 0, 0, 0, '2020-08-07', NULL, NULL, '实业集团', '9527', NULL, NULL, 63, 32, 0, 0, 500, 1, NULL, NULL, NULL, NULL, NULL);
INSERT INTO `CHAIN` VALUES (85, 0, '2019-08-16 13:59:22.100', '2019-08-21 00:00:01.354', -4, 28, 'ZRL201908163533S', 23, 33, 100, 0, 0, 0, '2019-08-17', NULL, '2019-08-16 15:08:42.389', 'testcontractName1', 'testcontractCode1', NULL, NULL, 57, 23, 0, 0, 100, 1, NULL, 0, NULL, 0, NULL);
INSERT INTO `CHAIN` VALUES (86, 0, '2019-08-16 14:25:19.200', '2019-08-21 00:00:00.118', 5, 34, 'ZRL201908163016P', 39, 1, 1000, 0, 1, 0, '2019-08-24', '2019-08-16 14:36:58.454', NULL, 'test', '9527', NULL, NULL, 0, 29, 0, 0, 0, 0, NULL, 0, NULL, 0, NULL);
INSERT INTO `CHAIN` VALUES (88, 0, '2019-08-16 15:24:07.184', '2019-08-19 13:56:59.664', 9, 28, 'ZRL201908166562S', 23, 33, 200, 0, 0, 0, '2019-08-17', NULL, NULL, 'testcontractName2', 'testcontractCode2', NULL, NULL, 57, 23, 0, 0, 200, 1, NULL, 0, NULL, NULL, NULL);
INSERT INTO `CHAIN` VALUES (89, 0, '2019-08-16 15:27:19.469', '2019-08-19 16:09:52.686', 7, 34, 'ZRL201908169636P', 23, 33, 100, 100, 1, 0, '2019-08-10', '2019-08-16 15:28:54.772', '2019-08-16 15:38:15.354', '9527', '9856', 'test', NULL, 0, 29, 0, 0, 0, 0, NULL, 0, NULL, NULL, NULL);
INSERT INTO `CHAIN` VALUES (90, 0, '2019-08-16 15:41:03.474', '2019-08-19 16:22:22.451', 7, 34, 'ZRL201908167645P', 23, 33, 100, 100, 1, 0, '2019-08-10', '2019-08-16 16:10:37.461', '2019-08-19 16:22:22.451', '9527', '9856', 'test', NULL, 0, 29, 0, 0, 0, 0, NULL, 0, NULL, NULL, NULL);
INSERT INTO `CHAIN` VALUES (91, 0, '2019-08-16 15:59:01.777', '2019-08-16 15:59:01.777', -2, 34, 'ZRL201908163264P', 23, 33, 100, 0, 1, 0, '2019-08-10', NULL, NULL, '9527', '9856', 'test', NULL, 0, 29, 0, 0, 0, 0, NULL, 0, NULL, NULL, NULL);
INSERT INTO `CHAIN` VALUES (92, 0, '2019-08-16 16:01:06.138', '2019-08-16 16:01:06.138', 1, 34, 'ZRL201908161488P', 23, 33, 100, 0, 1, 0, '2019-08-10', NULL, NULL, '9527', '9856', 'test', NULL, 0, 29, 0, 0, 0, 0, NULL, 0, NULL, NULL, NULL);
INSERT INTO `CHAIN` VALUES (93, 0, '2019-08-16 16:01:14.177', '2019-08-16 16:01:14.177', 1, 34, 'ZRL201908169976P', 23, 33, 1000, 0, 1, 0, '2019-08-10', NULL, NULL, '9527', '9856', 'test', NULL, 0, 29, 0, 0, 0, 0, NULL, 0, NULL, NULL, NULL);
INSERT INTO `CHAIN` VALUES (94, 0, '2019-08-16 16:01:18.663', '2019-08-16 16:01:18.663', 1, 34, 'ZRL201908161379P', 23, 33, 10000, 0, 1, 0, '2019-08-10', NULL, NULL, '9527', '9856', 'test', NULL, 0, 29, 0, 0, 0, 0, NULL, 0, NULL, NULL, NULL);
INSERT INTO `CHAIN` VALUES (95, 0, '2019-08-16 16:33:18.623', '2019-08-19 16:06:59.699', 6, 34, 'ZRL201908168214P', 23, 33, 10000, 10000, 1, 0, '2019-09-20', '2019-08-16 16:33:58.818', '2019-08-19 16:06:59.699', '9527', '9856', 'test', NULL, 0, 29, 0, 0, 0, 0, NULL, 0, NULL, NULL, NULL);
INSERT INTO `CHAIN` VALUES (96, 0, '2019-08-16 16:33:24.170', '2019-08-19 14:15:43.647', 7, 34, 'ZRL201908164051P', 23, 33, 100000, 200, 1, 0, '2019-09-20', '2019-08-16 16:33:48.633', '2019-08-16 16:34:25.847', '9527', '9856', 'test', NULL, 0, 29, 0, 0, 0, 0, NULL, 0, NULL, NULL, NULL);
INSERT INTO `CHAIN` VALUES (97, 0, '2019-08-16 16:34:43.943', '2019-08-16 16:34:43.943', -2, 34, 'ZRL201908162681P', 23, 33, 1000, 0, 1, 0, '2019-09-20', NULL, NULL, '9527', '9856', 'test', NULL, 0, 29, 0, 0, 0, 0, NULL, 0, NULL, NULL, NULL);
INSERT INTO `CHAIN` VALUES (98, 0, '2019-08-16 16:34:44.986', '2019-08-16 16:34:44.986', -1, 34, 'ZRL201908166208P', 23, 33, 1000, 0, 1, 0, '2019-09-20', NULL, NULL, '9527', '9856', 'test', NULL, 0, 29, 0, 0, 0, 0, NULL, 0, NULL, NULL, NULL);
INSERT INTO `CHAIN` VALUES (99, 0, '2019-08-16 16:34:46.278', '2019-08-16 16:34:46.278', -1, 34, 'ZRL201908168342P', 23, 33, 1000, 0, 1, 0, '2019-09-20', NULL, NULL, '9527', '9856', 'test', NULL, 0, 29, 0, 0, 0, 0, NULL, 0, NULL, NULL, NULL);
INSERT INTO `CHAIN` VALUES (100, 0, '2019-08-16 16:35:39.934', '2019-08-20 15:08:54.512', 0, 28, 'ZRL201908167352R', 23, 0, 600, 0, 0, 0, '2019-09-20', NULL, NULL, 'hetong', '789', NULL, NULL, 96, 23, 40, 789, 0, 2, '2019-08-17', 34, NULL, 0, NULL);
INSERT INTO `CHAIN` VALUES (101, 0, '2019-08-16 16:37:50.750', '2019-08-19 18:09:59.507', 3, 28, 'ZRL201908161354R', 23, 0, 600, 0, 0, 0, '2019-09-20', NULL, NULL, 'hetong', '122', NULL, NULL, 96, 23, 10, 1212, 0, 2, NULL, 0, NULL, 32, NULL);
INSERT INTO `CHAIN` VALUES (102, 0, '2019-08-16 16:38:27.604', '2019-08-16 16:38:27.831', 2, 28, 'ZRL201908167282R', 23, 0, 600, 0, 0, 0, '2019-09-20', NULL, NULL, 'wrw', 'werw', NULL, NULL, 96, 23, 10, 111, 0, 2, NULL, 0, NULL, NULL, NULL);
INSERT INTO `CHAIN` VALUES (103, 0, '2019-08-16 16:52:35.708', '2019-08-16 16:52:35.708', -1, 34, 'ZRL201908167573P', 39, 1, 1000, 0, 0, 10, NULL, NULL, NULL, 'testname1', 'testcontract1', NULL, NULL, 0, 29, 0, 0, 0, 0, NULL, 0, NULL, NULL, NULL);
INSERT INTO `CHAIN` VALUES (104, 0, '2019-08-16 16:55:36.813', '2019-08-22 00:00:00.077', 5, 34, 'ZRL201908163097P', 39, 1, 1000, 0, 0, 10, '2019-08-29', '2019-08-19 16:10:32.089', NULL, 'testname1', 'testcontract1', NULL, NULL, 0, 29, 0, 0, 0, 0, NULL, 0, NULL, 0, NULL);
INSERT INTO `CHAIN` VALUES (105, 0, '2019-08-16 17:59:54.090', '2019-08-16 18:00:21.267', 1, 28, 'ZRL201908168029S', 23, 33, 300, 0, 0, 0, '2019-08-17', NULL, NULL, 'testcontractName3', 'testcontractCode3', NULL, NULL, 57, 23, 0, 0, 300, 1, NULL, 0, NULL, NULL, NULL);
INSERT INTO `CHAIN` VALUES (106, 0, '2019-08-16 18:04:38.857', '2019-08-16 18:05:24.940', 3, 34, 'ZRL201908167349P', 23, 1, 1000, 0, 1, 0, '2019-09-20', NULL, NULL, '1', '9856', 'test', NULL, 0, 29, 0, 0, 0, 0, NULL, 0, NULL, NULL, NULL);
INSERT INTO `CHAIN` VALUES (107, 0, '2019-08-16 19:10:19.310', '2019-08-16 19:11:35.355', 3, 28, 'ZRL201908168127S', 23, 33, 300, 0, 0, 0, '2019-08-17', NULL, NULL, 'testcontractName4', 'testcontractCode4', NULL, NULL, 57, 23, 0, 0, 500, 1, NULL, 0, NULL, NULL, NULL);
INSERT INTO `CHAIN` VALUES (108, 0, '2019-08-16 19:15:20.497', '2019-08-16 19:15:59.072', 3, 28, 'ZRL201908162445S', 23, 33, 300, 0, 0, 0, '2019-08-17', NULL, NULL, 'testcontractName4', 'testcontractCode4', NULL, NULL, 57, 23, 0, 0, 500, 1, NULL, 0, NULL, NULL, NULL);
INSERT INTO `CHAIN` VALUES (109, 0, '2019-08-16 19:19:44.227', '2019-08-16 19:21:13.194', 3, 28, 'ZRL201908162637S', 23, 33, 300, 0, 0, 0, '2019-08-17', NULL, NULL, 'testcontractName4', 'testcontractCode4', NULL, NULL, 57, 23, 0, 0, 500, 1, NULL, 0, NULL, NULL, NULL);
INSERT INTO `CHAIN` VALUES (110, 0, '2019-08-16 19:27:50.123', '2019-08-16 19:30:01.955', -1, 28, 'ZRL201908164591S', 23, 33, 300, 0, 0, 0, '2019-08-17', NULL, NULL, 'testcontractName4', 'testcontractCode4', NULL, NULL, 57, 23, 0, 0, 500, 1, NULL, 0, NULL, NULL, NULL);
INSERT INTO `CHAIN` VALUES (111, 0, '2019-08-16 19:30:37.093', '2019-08-21 00:00:01.346', -4, 28, 'ZRL201908165823S', 23, 33, 300, 300, 0, 0, '2019-08-17', '2019-08-16 19:33:50.191', '2019-08-16 19:34:15.568', 'testcontractName4', 'testcontractCode4', NULL, NULL, 57, 23, 0, 0, 300, 1, NULL, 0, NULL, 0, NULL);
INSERT INTO `CHAIN` VALUES (112, 0, '2019-08-16 19:37:50.830', '2019-08-16 19:37:50.830', 0, 28, 'ZRL201908169908S', 23, 33, 300, 0, 0, 0, '2019-08-17', NULL, NULL, 'testcontractName4', 'testcontractCode4', NULL, NULL, 57, 23, 0, 0, 300, 1, NULL, 0, NULL, NULL, NULL);
INSERT INTO `CHAIN` VALUES (113, 0, '2019-08-16 19:40:25.505', '2019-08-19 10:43:41.338', 5, 28, 'ZRL201908161931S', 23, 33, 300, 0, 0, 0, '2019-08-17', '2019-08-16 19:42:21.622', NULL, 'testcontractName4', 'testcontractCode4', NULL, NULL, 57, 23, 0, 0, 300, 1, NULL, 0, NULL, NULL, NULL);
INSERT INTO `CHAIN` VALUES (114, 0, '2019-08-19 10:36:11.529', '2019-08-21 18:49:05.233', 7, 34, 'ZRL201908196345P', 23, 33, 1000, 999, 1, 0, '2019-09-20', '2019-08-19 10:46:14.738', '2019-08-19 16:06:02.053', '9527', '9856', 'test', NULL, 0, 29, 0, 0, 0, 0, NULL, 0, NULL, 0, NULL);
INSERT INTO `CHAIN` VALUES (115, 0, '2019-08-19 11:39:48.234', '2019-08-21 00:00:01.336', -4, 28, 'ZRL201908194399S', 23, 33, 300, 0, 0, 0, '2019-08-17', '2019-08-19 16:47:12.211', NULL, 'testcontractName4', 'testcontractCode4', NULL, NULL, 57, 23, 0, 0, 300, 1, NULL, 0, NULL, 0, NULL);
INSERT INTO `CHAIN` VALUES (116, 0, '2019-08-19 13:56:59.675', '2019-08-19 13:57:00.592', 3, 28, 'ZRL201908191684S', 23, 33, 0, 0, 0, 0, '2019-08-17', NULL, NULL, 'testcontractName2', 'testcontractCode2', NULL, NULL, 88, 23, 0, 0, 0, 1, NULL, 0, NULL, NULL, NULL);
INSERT INTO `CHAIN` VALUES (117, 0, '2019-08-19 14:01:26.625', '2019-08-19 14:01:27.207', 2, 28, 'ZRL201908192634R', 23, 33, 18000, 0, 0, 0, '2019-09-20', NULL, NULL, 'ht', '1234', NULL, NULL, 96, 23, 10, 500, 0, 2, NULL, 0, NULL, NULL, NULL);
INSERT INTO `CHAIN` VALUES (118, 0, '2019-08-19 14:15:43.721', '2019-08-19 14:15:45.380', 3, 28, 'ZRL201908194463S', 23, 33, 80000, 0, 0, 0, '2019-09-20', NULL, NULL, 'hetong', '239283', NULL, NULL, 96, 23, 0, 0, 80000, 1, NULL, 0, NULL, NULL, NULL);
INSERT INTO `CHAIN` VALUES (119, 0, '2019-08-19 14:45:46.912', '2019-08-19 16:53:14.722', 1, 28, 'ZRL201908196934S', 23, 33, 300, 0, 0, 0, '2019-08-17', NULL, NULL, 'testcontractName4', 'testcontractCode4', NULL, NULL, 57, 23, 0, 0, 300, 1, NULL, 0, NULL, NULL, NULL);
INSERT INTO `CHAIN` VALUES (120, 0, '2019-08-19 15:41:47.251', '2019-08-19 16:37:50.203', 7, 34, 'ZRL201908196314P', 28, 33, 56000, 4000, 0, 60, '2019-10-18', '2019-08-19 16:02:48.138', '2019-08-19 16:25:53.325', 'sfafsdfasdf', 'asdfadsf', 'asdfsdf', NULL, 0, 29, 0, 0, 0, 0, NULL, 0, NULL, NULL, NULL);
INSERT INTO `CHAIN` VALUES (121, 0, '2019-08-19 16:09:52.715', '2019-08-19 16:52:25.798', 9, 28, 'ZRL201908193041S', 23, 33, 0, 0, 0, 0, '2019-08-10', NULL, NULL, 'hetong', '789', NULL, NULL, 89, 23, 0, 0, 0, 1, NULL, 0, NULL, NULL, NULL);
INSERT INTO `CHAIN` VALUES (122, 0, '2019-08-19 16:23:19.656', '2019-08-22 11:58:51.676', 7, 34, 'ZRL201908195833P', 23, 33, 1000, 399, 1, 0, '2019-09-20', NULL, '2019-08-19 16:27:33.266', '9527', '9856', 'test', NULL, 0, 29, 0, 0, 0, 0, NULL, 0, NULL, 0, NULL);
INSERT INTO `CHAIN` VALUES (124, 0, '2019-08-19 16:31:01.953', '2019-08-19 16:31:01.953', -2, 34, 'ZRL201908196705P', 23, 33, 1000, 0, 1, 0, '2019-09-20', NULL, NULL, '9527', '9856', 'test', NULL, 0, 29, 0, 0, 0, 0, NULL, 0, NULL, NULL, NULL);
INSERT INTO `CHAIN` VALUES (125, 0, '2019-08-19 16:32:10.134', '2019-08-20 16:07:41.317', 1, 34, 'ZRL201908199649P', 23, 33, 66666, 0, 1, 0, '2019-09-20', NULL, NULL, '长江集团合同', '7531598426', '这是一条测试链条', NULL, 0, 29, 0, 0, 0, 0, NULL, 0, NULL, 0, NULL);
INSERT INTO `CHAIN` VALUES (126, 0, '2019-08-19 16:37:50.229', '2019-08-19 16:37:50.587', 3, 33, 'ZRL201908199252S', 48, 33, 52000, 0, 0, 60, '2019-10-18', NULL, '2019-08-20 09:37:50.229', 'asdfsdfsdf', 'asdfsdf', NULL, NULL, 120, 28, 0, 0, 52000, 1, NULL, 0, NULL, NULL, NULL);
INSERT INTO `CHAIN` VALUES (127, 0, '2019-08-19 16:52:25.805', '2019-08-19 16:52:26.693', 3, 28, 'ZRL201908197494S', 23, 33, 0, 0, 0, 0, '2019-08-10', NULL, NULL, 'hetong', '789', NULL, NULL, 121, 23, 0, 0, 0, 1, NULL, 0, NULL, NULL, NULL);
INSERT INTO `CHAIN` VALUES (128, 0, '2019-08-19 16:54:25.910', '2019-08-21 18:45:01.820', 7, 34, 'ZRL201908198123P', 23, 33, 1000, 200, 1, 0, '2019-09-20', '2019-08-19 16:54:44.356', '2019-08-19 16:57:12.931', '9527', '9856', 'test', NULL, 0, 29, 0, 0, 0, 0, NULL, 0, NULL, 0, NULL);
INSERT INTO `CHAIN` VALUES (129, 0, '2019-08-19 16:58:37.535', '2019-08-19 18:11:19.189', 1, 28, 'ZRL201908191957S', 23, 33, 0, 0, 0, 0, '2019-09-20', NULL, NULL, 'w', '1', NULL, NULL, 128, 23, 0, 0, 0, 1, NULL, 0, NULL, 0, NULL);
INSERT INTO `CHAIN` VALUES (130, 0, '2019-08-19 17:03:17.704', '2019-08-19 17:38:59.413', 1, 28, NULL, 23, 33, 78979, 0, 0, 0, '2019-09-20', NULL, NULL, 'hetong', '789798', NULL, NULL, 128, 23, 10, 789, 0, 2, NULL, 0, NULL, 0, NULL);
INSERT INTO `CHAIN` VALUES (131, 0, '2019-08-19 17:10:52.995', '2019-08-23 14:58:07.805', 7, 34, 'ZRL201908198672P', 23, 33, 1000, 2, 1, 0, '2019-09-20', '2019-08-19 17:15:26.585', '2019-08-19 17:15:45.471', '9527', '9856', 'test', NULL, 0, 29, 0, 0, 0, 0, NULL, 0, NULL, 0, NULL);
INSERT INTO `CHAIN` VALUES (132, 0, '2019-08-19 18:16:14.867', '2019-08-26 16:35:41.294', 2, 28, 'ZRL201908194231S', 23, 33, 0, 0, 0, 0, '2019-09-20', '2019-08-26 16:35:41.294', NULL, 'qqq', '2323', NULL, NULL, 114, 23, 0, 0, 0, 1, NULL, 0, NULL, 0, NULL);
INSERT INTO `CHAIN` VALUES (133, 0, '2019-08-19 18:49:15.097', '2019-08-21 10:16:24.564', -3, 28, 'ZRL201908197177S', 23, 33, 0, 0, 0, 0, '2019-08-17', '2019-08-16 18:50:35.724', NULL, 'testcontractName4', 'testcontractCode4', NULL, NULL, 57, 23, 0, 0, 300, 1, NULL, 0, NULL, 0, NULL);
INSERT INTO `CHAIN` VALUES (134, 0, '2019-08-19 18:51:27.943', '2019-08-19 18:51:38.410', 1, 28, 'ZRL201908195492S', 23, 33, 0, 0, 0, 0, '2019-09-20', NULL, NULL, 'qwe', '1212', NULL, NULL, 131, 23, 0, 0, 0, 1, NULL, 0, NULL, 0, NULL);
INSERT INTO `CHAIN` VALUES (135, 0, '2019-08-20 09:26:01.792', '2019-08-20 15:13:49.938', 2, 34, 'ZRL201908203355P', 23, 33, 1000, 0, 1, 0, '2019-09-20', '2019-08-20 15:13:49.938', NULL, '9527', '9856', 'test', NULL, 0, 29, 0, 0, 0, 0, NULL, 0, NULL, 0, NULL);
INSERT INTO `CHAIN` VALUES (136, 0, '2019-08-20 10:26:57.048', '2019-08-20 10:26:57.048', 1, 1, 'ZRL201908202920P', 28, 1, 100000, 0, 1, 0, '2019-08-16', NULL, NULL, 'asdfasdf', 'asdfsdaf', 'asdfasdf', NULL, 0, 1, 0, 0, 0, 0, NULL, 0, NULL, 0, NULL);
INSERT INTO `CHAIN` VALUES (137, 0, '2019-08-20 10:29:25.100', '2019-08-20 10:30:00.256', 7, 34, 'ZRL201908208399P', 28, 1, 100000, 100000, 1, 50, '2019-08-23', '2019-08-20 10:29:37.291', '2019-08-20 10:30:00.256', 'sdfasdfsfds', 'asfa', 'asdfsdf', NULL, 0, 29, 0, 0, 0, 0, NULL, 0, NULL, 0, NULL);
INSERT INTO `CHAIN` VALUES (140, 0, '2019-08-20 11:58:32.749', '2019-08-20 11:58:32.749', 1, 34, 'ZRL201908204468P', 28, 1, 78000, 0, 1, 0, '2019-08-17', NULL, NULL, 'sfafsdfasdf', 'asdfadsf', 'sdfsdf', NULL, 0, 29, 0, 0, 0, 0, NULL, 0, NULL, 0, NULL);
INSERT INTO `CHAIN` VALUES (141, 0, '2019-08-20 14:21:53.833', '2019-08-20 14:22:09.585', 2, 34, 'ZRL201908208915P', 28, 1, 50000000, 0, 1, 360, '2019-08-21', '2019-08-20 14:22:09.585', NULL, '测试合同001', 'CSHT001', NULL, NULL, 0, 29, 0, 0, 0, 0, NULL, 0, NULL, 0, NULL);
INSERT INTO `CHAIN` VALUES (143, 0, '2019-08-20 15:29:54.006', '2019-08-20 16:06:04.490', 1, 34, 'ZRL201908202645P', 23, 1, 1000, 0, 1, 0, '2019-09-20', NULL, NULL, '9527', '9856', 'test', NULL, 0, 29, 0, 0, 0, 0, NULL, 0, NULL, 0, NULL);
INSERT INTO `CHAIN` VALUES (144, 0, '2019-08-20 15:30:36.351', '2019-08-20 16:05:24.149', 1, 34, 'ZRL201908209492P', 28, 1, 600, 0, 1, 898, '2019-08-06', NULL, NULL, 'w', '1', NULL, NULL, 0, 29, 0, 0, 0, 0, NULL, 0, NULL, 0, NULL);
INSERT INTO `CHAIN` VALUES (146, 0, '2019-08-21 18:43:13.648', '2019-08-21 18:43:14.529', 3, 28, 'ZRL201908215778R', 33, 33, 989, 0, 0, 0, '2019-09-20', NULL, NULL, '合同名称', '1234', NULL, NULL, 131, 23, 50, 7897044, 0, 2, NULL, 0, NULL, 0, NULL);
INSERT INTO `CHAIN` VALUES (148, 0, '2019-08-21 18:45:01.850', '2019-08-21 18:45:02.226', 3, 28, 'ZRL201908213863R', 33, 33, 800, 0, 0, 0, '2019-09-20', NULL, NULL, 'hetong', 'bianhao', NULL, NULL, 128, 23, 50, 87899, 0, 2, NULL, 0, NULL, 0, NULL);
INSERT INTO `CHAIN` VALUES (149, 0, '2019-08-21 18:46:08.100', '2019-08-22 10:27:40.835', 4, 28, 'ZRL201908211417R', 33, 33, 600, 0, 0, 0, '2019-09-20', NULL, NULL, 'ht', '2323', NULL, NULL, 122, 23, 50, 789, 0, 2, NULL, 0, NULL, 0, NULL);
INSERT INTO `CHAIN` VALUES (150, 0, '2019-08-21 18:49:05.272', '2019-08-23 11:09:43.884', 9, 28, 'ZRL201908218071R', 33, 33, 1, 0, 0, 0, '2019-09-20', NULL, NULL, 'ht', '1', NULL, NULL, 114, 23, 50, 789, 0, 2, '2019-08-24', 1, NULL, 32, NULL);
INSERT INTO `CHAIN` VALUES (151, 0, '2019-08-22 11:58:51.776', '2019-08-22 11:58:52.414', 3, 28, 'ZRL201908228991R', 33, 33, 1, 0, 0, 0, '2019-09-20', NULL, NULL, 'test', '9527', '１', NULL, 122, 23, 10, 1, 0, 2, NULL, 0, NULL, 0, NULL);
INSERT INTO `CHAIN` VALUES (154, 0, '2019-08-23 11:42:59.139', '2019-08-23 11:42:59.867', 3, 28, 'ZRL201908238383R', 23, 33, 1, 0, 0, 0, '2019-09-20', NULL, NULL, 'w', 'ee', NULL, NULL, 131, 23, 50, 789, 0, 2, NULL, 0, NULL, 0, NULL);
INSERT INTO `CHAIN` VALUES (157, 0, '2019-08-23 11:44:59.855', '2019-08-23 11:45:00.242', 3, 28, 'ZRL201908236120R', 23, 33, 1, 0, 0, 0, '2019-09-20', NULL, NULL, '我是合同名称下面是合同编号', '404', '测一下融资balabala', NULL, 131, 23, 50, 9999, 0, 2, NULL, 0, NULL, 0, NULL);
INSERT INTO `CHAIN` VALUES (160, 0, '2019-08-23 11:57:05.085', '2019-08-23 11:57:31.061', 3, 28, 'ZRL201908239709R', 23, 33, 1, 0, 0, 0, '2019-09-20', NULL, NULL, '实业集团', '9527', NULL, NULL, 131, 23, 50, 50000, 0, 2, NULL, 0, NULL, 0, NULL);
INSERT INTO `CHAIN` VALUES (161, 0, '2019-08-23 11:59:49.179', '2019-08-27 09:45:12.471', -1, 28, 'ZRL201908234966R', 23, 33, 1, 0, 0, 0, '2019-09-20', NULL, NULL, '实业集团', '9527', NULL, NULL, 131, 23, 50, 50000, 0, 2, NULL, 0, NULL, 0, NULL);
INSERT INTO `CHAIN` VALUES (162, 0, '2019-08-23 12:00:41.796', '2019-08-26 17:33:10.484', 4, 28, 'ZRL201908232990R', 23, 33, 1, 0, 0, 0, '2019-09-20', NULL, NULL, '实业集团', '9527', NULL, NULL, 131, 23, 50, 50000, 0, 2, NULL, 0, NULL, 0, NULL);
INSERT INTO `CHAIN` VALUES (163, 0, '2019-08-23 12:37:02.162', '2019-08-26 17:32:53.564', 4, 28, 'ZRL201908233663R', 23, 33, 1, 0, 0, 0, '2019-09-20', NULL, NULL, '实业集团', '9527', NULL, NULL, 131, 23, 50, 50000, 0, 2, NULL, 0, NULL, 0, NULL);
INSERT INTO `CHAIN` VALUES (164, 0, '2019-08-23 12:41:27.053', '2019-08-26 11:22:33.438', 2, 28, 'ZRL201908235929R', 23, 33, 1, 0, 0, 0, '2019-09-20', NULL, NULL, '实业集团', '9527', NULL, NULL, 131, 23, 50, 50000, 0, 2, '2019-08-09', 0.058333333333333334, NULL, 32, NULL);
INSERT INTO `CHAIN` VALUES (167, 0, '2019-08-23 13:44:09.071', '2019-08-23 15:08:03.235', 5, 28, 'ZRL201908234565R', 23, 33, 1, 0, 0, 0, '2019-09-20', NULL, NULL, 'test', '9527', '1', NULL, 131, 23, 50, 1, 0, 2, NULL, 0, NULL, 32, NULL);
INSERT INTO `CHAIN` VALUES (168, 0, '2019-08-23 14:58:07.875', '2019-08-26 16:29:05.316', 2, 28, 'ZRL201908235998R', 23, 33, 1, 0, 0, 0, '2019-09-20', NULL, NULL, '实业集团', '9527', NULL, NULL, 131, 23, 50, 50000, 0, 2, '2019-08-04', 0.07, NULL, 32, 1);

-- ----------------------------
-- Table structure for CHAIN_BILLING_APPLICATION
-- ----------------------------
DROP TABLE IF EXISTS `CHAIN_BILLING_APPLICATION`;
CREATE TABLE `CHAIN_BILLING_APPLICATION`  (
  `ID` bigint(20) NOT NULL AUTO_INCREMENT COMMENT 'ID',
  `IS_DELETE` tinyint(1) NULL DEFAULT NULL COMMENT '是否删除',
  `CREATED_AT` timestamp(3) NULL DEFAULT NULL COMMENT '创建时间',
  `UPDATED_AT` timestamp(3) NULL DEFAULT NULL COMMENT '修改时间',
  `STATUS` int(11) NULL DEFAULT 0 COMMENT '状态',
  `CHAIN_ID` bigint(20) NULL DEFAULT NULL COMMENT '链条ID',
  `ENTERPRISE_ID` bigint(20) NULL DEFAULT NULL COMMENT '申请开票公司ID',
  `ADDRESS` varchar(192) CHARACTER SET utf8 COLLATE utf8_bin NULL DEFAULT NULL COMMENT '地址',
  `ACCOUNT_NUMBER` varchar(192) CHARACTER SET utf8 COLLATE utf8_bin NULL DEFAULT NULL COMMENT '账号',
  `ACCOUNT_BANK` varchar(192) CHARACTER SET utf8 COLLATE utf8_bin NULL DEFAULT NULL COMMENT '开户行',
  `PHONE` varchar(192) CHARACTER SET utf8 COLLATE utf8_bin NULL DEFAULT NULL COMMENT '电话',
  PRIMARY KEY (`ID`) USING BTREE
) ENGINE = InnoDB AUTO_INCREMENT = 3 CHARACTER SET = utf8 COLLATE = utf8_bin COMMENT = '开票申请' ROW_FORMAT = Dynamic;

-- ----------------------------
-- Records of CHAIN_BILLING_APPLICATION
-- ----------------------------
INSERT INTO `CHAIN_BILLING_APPLICATION` VALUES (2, 0, NULL, NULL, 0, 64, 46, '天上人间', '1122587469', '中国银行', '13798802654');

-- ----------------------------
-- Table structure for CHAIN_INVOICE
-- ----------------------------
DROP TABLE IF EXISTS `CHAIN_INVOICE`;
CREATE TABLE `CHAIN_INVOICE`  (
  `ID` bigint(20) NOT NULL AUTO_INCREMENT COMMENT 'ID',
  `IS_DELETE` tinyint(1) NULL DEFAULT NULL COMMENT '是否删除',
  `CREATED_AT` timestamp(3) NULL DEFAULT NULL COMMENT '创建时间',
  `UPDATED_AT` timestamp(3) NULL DEFAULT NULL COMMENT '修改时间',
  `STATUS` int(11) NULL DEFAULT 0 COMMENT '状态',
  `SERIAL_NUMBER` varchar(1536) CHARACTER SET utf8 COLLATE utf8_bin NULL DEFAULT NULL COMMENT '发票编号',
  `CHAIN_ID` bigint(20) NULL DEFAULT NULL COMMENT '链条Id',
  PRIMARY KEY (`ID`) USING BTREE,
  INDEX `IDX_CHAIN_INVOICE_CID`(`CHAIN_ID`) USING BTREE
) ENGINE = InnoDB AUTO_INCREMENT = 55 CHARACTER SET = utf8 COLLATE = utf8_bin COMMENT = '链条-发票表' ROW_FORMAT = Dynamic;

-- ----------------------------
-- Records of CHAIN_INVOICE
-- ----------------------------
INSERT INTO `CHAIN_INVOICE` VALUES (1, 1, '2019-08-13 17:50:21.883', '2019-08-13 17:50:22.415', 0, '12345678', 64);
INSERT INTO `CHAIN_INVOICE` VALUES (2, 1, '2019-08-13 17:50:26.164', '2019-08-13 17:50:26.588', 0, '87654321', 64);
INSERT INTO `CHAIN_INVOICE` VALUES (5, 0, '2019-08-16 16:35:39.939', '2019-08-16 16:35:39.939', 0, '7878', 100);
INSERT INTO `CHAIN_INVOICE` VALUES (6, 0, '2019-08-16 16:35:39.942', '2019-08-16 16:35:39.942', 0, '999', 100);
INSERT INTO `CHAIN_INVOICE` VALUES (7, 0, '2019-08-16 16:37:50.755', '2019-08-16 16:37:50.755', 0, 'aaa111', 101);
INSERT INTO `CHAIN_INVOICE` VALUES (8, 0, '2019-08-16 16:38:27.607', '2019-08-16 16:38:27.607', 0, '222', 102);
INSERT INTO `CHAIN_INVOICE` VALUES (9, 0, '2019-08-16 17:12:08.846', '2019-08-16 17:12:08.846', 0, '12345666', 64);
INSERT INTO `CHAIN_INVOICE` VALUES (10, 0, '2019-08-16 17:12:08.849', '2019-08-16 17:12:08.849', 0, '87654211', 64);
INSERT INTO `CHAIN_INVOICE` VALUES (11, 0, '2019-08-19 14:01:26.643', '2019-08-19 14:01:26.643', 0, '15866', 117);
INSERT INTO `CHAIN_INVOICE` VALUES (12, 0, '2019-08-19 17:03:17.721', '2019-08-19 17:03:17.721', 0, '789798', 130);
INSERT INTO `CHAIN_INVOICE` VALUES (15, 0, '2019-08-21 18:43:13.665', '2019-08-21 18:43:13.665', 0, '87797', 146);
INSERT INTO `CHAIN_INVOICE` VALUES (16, 0, '2019-08-21 18:43:13.685', '2019-08-21 18:43:13.685', 0, '38383', 146);
INSERT INTO `CHAIN_INVOICE` VALUES (19, 0, '2019-08-21 18:45:01.858', '2019-08-21 18:45:01.858', 0, '78979', 148);
INSERT INTO `CHAIN_INVOICE` VALUES (20, 0, '2019-08-21 18:45:01.868', '2019-08-21 18:45:01.868', 0, '3434', 148);
INSERT INTO `CHAIN_INVOICE` VALUES (21, 0, '2019-08-21 18:46:08.104', '2019-08-21 18:46:08.104', 0, '100', 149);
INSERT INTO `CHAIN_INVOICE` VALUES (22, 0, '2019-08-21 18:46:08.107', '2019-08-21 18:46:08.107', 0, '999', 149);
INSERT INTO `CHAIN_INVOICE` VALUES (23, 0, '2019-08-21 18:49:05.276', '2019-08-21 18:49:05.276', 0, '789', 150);
INSERT INTO `CHAIN_INVOICE` VALUES (24, 0, '2019-08-21 18:49:05.286', '2019-08-21 18:49:05.286', 0, '444', 150);
INSERT INTO `CHAIN_INVOICE` VALUES (25, 0, '2019-08-22 11:58:51.786', '2019-08-22 11:58:51.786', 0, '12345678', 151);
INSERT INTO `CHAIN_INVOICE` VALUES (30, 0, '2019-08-23 11:42:59.148', '2019-08-23 11:42:59.148', 0, 'aaa111', 154);
INSERT INTO `CHAIN_INVOICE` VALUES (35, 0, '2019-08-23 11:44:59.859', '2019-08-23 11:44:59.859', 0, '500', 157);
INSERT INTO `CHAIN_INVOICE` VALUES (36, 0, '2019-08-23 11:44:59.862', '2019-08-23 11:44:59.862', 0, '789456', 157);
INSERT INTO `CHAIN_INVOICE` VALUES (39, 0, '2019-08-23 11:57:05.092', '2019-08-23 11:57:05.092', 0, '12345678', 160);
INSERT INTO `CHAIN_INVOICE` VALUES (40, 0, '2019-08-23 11:57:05.098', '2019-08-23 11:57:05.098', 0, '87654321', 160);
INSERT INTO `CHAIN_INVOICE` VALUES (41, 0, '2019-08-23 11:59:49.183', '2019-08-23 11:59:49.183', 0, '12345678', 161);
INSERT INTO `CHAIN_INVOICE` VALUES (42, 0, '2019-08-23 11:59:49.187', '2019-08-23 11:59:49.187', 0, '87654321', 161);
INSERT INTO `CHAIN_INVOICE` VALUES (43, 0, '2019-08-23 12:00:41.801', '2019-08-23 12:00:41.801', 0, '12345678', 162);
INSERT INTO `CHAIN_INVOICE` VALUES (44, 0, '2019-08-23 12:00:41.805', '2019-08-23 12:00:41.805', 0, '87654321', 162);
INSERT INTO `CHAIN_INVOICE` VALUES (45, 0, '2019-08-23 12:37:02.165', '2019-08-23 12:37:02.165', 0, '12345678', 163);
INSERT INTO `CHAIN_INVOICE` VALUES (46, 0, '2019-08-23 12:37:02.168', '2019-08-23 12:37:02.168', 0, '87654321', 163);
INSERT INTO `CHAIN_INVOICE` VALUES (47, 0, '2019-08-23 12:41:27.058', '2019-08-23 12:41:27.058', 0, '12345678', 164);
INSERT INTO `CHAIN_INVOICE` VALUES (48, 0, '2019-08-23 12:41:27.061', '2019-08-23 12:41:27.061', 0, '87654321', 164);
INSERT INTO `CHAIN_INVOICE` VALUES (52, 0, '2019-08-23 13:44:09.079', '2019-08-23 13:44:09.079', 0, '12345678', 167);
INSERT INTO `CHAIN_INVOICE` VALUES (53, 0, '2019-08-23 14:58:07.882', '2019-08-23 14:58:07.882', 0, '123123', 168);
INSERT INTO `CHAIN_INVOICE` VALUES (54, 0, '2019-08-23 14:58:07.907', '2019-08-23 14:58:07.907', 0, '87654321', 168);

-- ----------------------------
-- Table structure for CHAIN_TRADE_RECODE
-- ----------------------------
DROP TABLE IF EXISTS `CHAIN_TRADE_RECODE`;
CREATE TABLE `CHAIN_TRADE_RECODE`  (
  `ID` bigint(20) NOT NULL AUTO_INCREMENT COMMENT 'ID',
  `IS_DELETE` tinyint(1) NULL DEFAULT NULL COMMENT '是否删除',
  `CREATED_AT` timestamp(3) NULL DEFAULT NULL COMMENT '创建时间',
  `UPDATED_AT` timestamp(3) NULL DEFAULT NULL COMMENT '修改时间',
  `STATUS` int(11) NULL DEFAULT 0 COMMENT '状态',
  `ENTERPRISE_NAME` varchar(192) CHARACTER SET utf8 COLLATE utf8_bin NULL DEFAULT NULL COMMENT '操作企业名称',
  `ENTERPRISE_ID` bigint(20) NULL DEFAULT 0 COMMENT '操作企业ID',
  `USER_NAME` varchar(192) CHARACTER SET utf8 COLLATE utf8_bin NULL DEFAULT NULL COMMENT '操作人',
  `CONTENT` varchar(512) CHARACTER SET utf8 COLLATE utf8_bin NULL DEFAULT NULL,
  `CHAIN_ID` bigint(20) NULL DEFAULT NULL COMMENT '智融链Id',
  `REMARK` varchar(1536) CHARACTER SET utf8 COLLATE utf8_bin NULL DEFAULT NULL COMMENT '备注',
  `TAG` varchar(1536) CHARACTER SET utf8 COLLATE utf8_bin NULL DEFAULT NULL COMMENT '标记',
  PRIMARY KEY (`ID`) USING BTREE
) ENGINE = InnoDB AUTO_INCREMENT = 505 CHARACTER SET = utf8 COLLATE = utf8_bin COMMENT = '智融链交易记录表' ROW_FORMAT = Dynamic;

-- ----------------------------
-- Records of CHAIN_TRADE_RECODE
-- ----------------------------
INSERT INTO `CHAIN_TRADE_RECODE` VALUES (1, 0, '2019-07-31 13:44:32.824', '2019-07-31 13:44:33.695', 0, '广州智融云科技有限公司', 1, 'admin', '创建', 2, '测试链条', NULL);
INSERT INTO `CHAIN_TRADE_RECODE` VALUES (2, 0, '2019-07-31 13:47:32.765', '2019-07-31 13:47:32.765', 0, '广州智融云科技有限公司', 1, 'admin', '创建', 3, '测试链条2', NULL);
INSERT INTO `CHAIN_TRADE_RECODE` VALUES (3, 0, '2019-07-31 13:48:28.282', '2019-07-31 13:48:28.282', 0, '广州智融云科技有限公司', 1, 'admin', '创建', 4, '测试链条3', NULL);
INSERT INTO `CHAIN_TRADE_RECODE` VALUES (4, 0, '2019-07-31 14:06:32.675', '2019-07-31 14:06:32.675', 0, '广州智融云科技有限公司', 1, 'admin', '创建', 5, '测试链条4', NULL);
INSERT INTO `CHAIN_TRADE_RECODE` VALUES (6, 0, '2019-07-31 14:12:01.730', '2019-07-31 14:12:01.730', 0, '广州智融云科技有限公司', 1, 'admin', '创建', 6, '测试链条5', NULL);
INSERT INTO `CHAIN_TRADE_RECODE` VALUES (7, 0, '2019-08-01 11:16:53.548', '2019-08-01 11:16:53.548', 0, '广州智融云科技有限公司', 1, 'admin', '修改', 2, '这是一条测试链条', NULL);
INSERT INTO `CHAIN_TRADE_RECODE` VALUES (8, 0, '2019-08-01 15:19:34.804', '2019-08-01 15:19:34.804', 0, '广州智融云科技有限公司', 1, 'admin', '创建', 7, '想要一场穿越时空的旅行', NULL);
INSERT INTO `CHAIN_TRADE_RECODE` VALUES (9, 0, '2019-08-01 16:08:41.983', '2019-08-01 16:08:41.983', 0, '广州智融云科技有限公司', 1, 'admin', '复核通过', 7, '通过', NULL);
INSERT INTO `CHAIN_TRADE_RECODE` VALUES (10, 0, '2019-08-01 16:21:00.910', '2019-08-01 16:21:00.910', 0, '广州智融云科技有限公司', 1, 'admin', '创建', 8, '巴黎条约', NULL);
INSERT INTO `CHAIN_TRADE_RECODE` VALUES (11, 0, '2019-08-01 16:23:53.995', '2019-08-01 16:23:53.995', 0, '广州智融云科技有限公司', 1, 'admin', '复核通过', 8, '', NULL);
INSERT INTO `CHAIN_TRADE_RECODE` VALUES (12, 0, '2019-08-01 16:25:44.319', '2019-08-01 16:25:44.319', 0, '广州智融云科技有限公司', 1, 'admin', '创建', 9, '哈哈哈', NULL);
INSERT INTO `CHAIN_TRADE_RECODE` VALUES (13, 0, '2019-08-01 16:29:33.996', '2019-08-01 16:29:33.996', 0, '广州智融云科技有限公司', 1, 'admin', '复核通过', 9, '', NULL);
INSERT INTO `CHAIN_TRADE_RECODE` VALUES (14, 0, '2019-08-01 16:34:05.980', '2019-08-01 16:34:05.980', 0, '广州智融云科技有限公司', 1, 'admin', '创建', 10, '哈哈哈', NULL);
INSERT INTO `CHAIN_TRADE_RECODE` VALUES (15, 0, '2019-08-01 16:34:34.991', '2019-08-01 16:34:34.991', 0, '广州智融云科技有限公司', 1, 'admin', '复核通过', 10, '', NULL);
INSERT INTO `CHAIN_TRADE_RECODE` VALUES (16, 0, '2019-08-01 16:35:56.238', '2019-08-01 16:35:56.238', 0, '广州智融云科技有限公司', 1, 'admin', '创建', 11, '哈哈哈', NULL);
INSERT INTO `CHAIN_TRADE_RECODE` VALUES (17, 0, '2019-08-01 16:41:06.571', '2019-08-01 16:41:06.571', 0, '广州智融云科技有限公司', 1, 'admin', '复核退回修改', 11, '链条合同名称存在问题', NULL);
INSERT INTO `CHAIN_TRADE_RECODE` VALUES (18, 0, '2019-08-01 17:18:59.165', '2019-08-01 17:18:59.165', 0, '广州智融云科技有限公司', 1, 'admin', '撤回', 11, '', NULL);
INSERT INTO `CHAIN_TRADE_RECODE` VALUES (19, 0, '2019-08-01 17:20:56.151', '2019-08-01 17:20:56.151', 0, '广州智融云科技有限公司', 1, 'admin', '创建', 12, '这是一个记录', NULL);
INSERT INTO `CHAIN_TRADE_RECODE` VALUES (20, 0, '2019-08-01 17:21:39.223', '2019-08-01 17:21:39.223', 0, '广州智融云科技有限公司', 1, 'admin', '复核不通过', 12, '链条信息错误', NULL);
INSERT INTO `CHAIN_TRADE_RECODE` VALUES (21, 0, '2019-08-02 17:27:05.809', '2019-08-02 17:27:05.809', 0, '广州智融云科技有限公司', 1, 'admin', '创建', 13, '今天有下午茶', NULL);
INSERT INTO `CHAIN_TRADE_RECODE` VALUES (22, 0, '2019-08-05 10:44:32.230', '2019-08-05 10:44:32.230', 0, '广州智融云科技有限公司', 1, 'admin', '创建', 15, NULL, NULL);
INSERT INTO `CHAIN_TRADE_RECODE` VALUES (23, 0, '2019-08-05 10:47:02.629', '2019-08-05 10:47:02.629', 0, '广州智融云科技有限公司', 1, 'admin', '创建', 19, NULL, NULL);
INSERT INTO `CHAIN_TRADE_RECODE` VALUES (24, 0, '2019-08-05 18:28:14.085', '2019-08-05 18:28:14.085', 0, '广州智融云科技有限公司', 1, 'admin', '撤回', 19, '', NULL);
INSERT INTO `CHAIN_TRADE_RECODE` VALUES (25, 0, '2019-08-05 18:28:19.744', '2019-08-05 18:28:19.744', 0, '广州智融云科技有限公司', 1, 'admin', '再次发送', 19, '', NULL);
INSERT INTO `CHAIN_TRADE_RECODE` VALUES (26, 0, '2019-08-05 18:28:27.773', '2019-08-05 18:28:27.773', 0, '广州智融云科技有限公司', 1, 'admin', '再次发送', 15, '', NULL);
INSERT INTO `CHAIN_TRADE_RECODE` VALUES (27, 0, '2019-08-05 18:28:33.501', '2019-08-05 18:28:33.501', 0, '广州智融云科技有限公司', 1, 'admin', '撤回', 15, '', NULL);
INSERT INTO `CHAIN_TRADE_RECODE` VALUES (28, 0, '2019-08-06 10:04:22.751', '2019-08-06 10:04:22.751', 0, '广州智融云科技有限公司', 1, 'admin', '创建', 20, '这个星期好热呀', NULL);
INSERT INTO `CHAIN_TRADE_RECODE` VALUES (29, 0, '2019-08-06 10:05:56.388', '2019-08-06 10:05:56.388', 0, '广州智融云科技有限公司', 1, 'admin', '复核通过', 20, '测试到期日', NULL);
INSERT INTO `CHAIN_TRADE_RECODE` VALUES (30, 0, '2019-08-06 12:02:53.629', '2019-08-06 12:02:53.629', 0, '广州智融云科技有限公司', 1, 'admin', '创建', 21, NULL, NULL);
INSERT INTO `CHAIN_TRADE_RECODE` VALUES (31, 0, '2019-08-06 12:36:01.759', '2019-08-06 12:36:01.759', 0, '广州智融云科技有限公司', 1, 'admin', '创建', 22, NULL, NULL);
INSERT INTO `CHAIN_TRADE_RECODE` VALUES (32, 0, '2019-08-06 14:01:38.744', '2019-08-06 14:01:38.744', 0, '广州智融云科技有限公司', 1, 'admin', '创建', 23, NULL, NULL);
INSERT INTO `CHAIN_TRADE_RECODE` VALUES (33, 0, '2019-08-06 14:06:31.654', '2019-08-06 14:06:31.654', 0, '广州智融云科技有限公司', 1, 'admin', '创建', 24, NULL, NULL);
INSERT INTO `CHAIN_TRADE_RECODE` VALUES (34, 0, '2019-08-06 14:14:50.441', '2019-08-06 14:14:50.441', 0, '广州智融云科技有限公司', 1, 'admin', '创建', 25, NULL, NULL);
INSERT INTO `CHAIN_TRADE_RECODE` VALUES (35, 0, '2019-08-06 14:19:31.306', '2019-08-06 14:19:31.306', 0, '广州智融云科技有限公司', 1, 'admin', '创建', 26, NULL, NULL);
INSERT INTO `CHAIN_TRADE_RECODE` VALUES (36, 0, '2019-08-06 15:44:27.992', '2019-08-06 15:44:27.992', 0, '广州智融云科技有限公司', 1, 'admin', '创建', 27, NULL, NULL);
INSERT INTO `CHAIN_TRADE_RECODE` VALUES (37, 0, '2019-08-06 15:48:28.700', '2019-08-06 15:48:28.700', 0, '广州智融云科技有限公司', 1, 'admin', '创建', 28, NULL, NULL);
INSERT INTO `CHAIN_TRADE_RECODE` VALUES (38, 0, '2019-08-06 15:54:43.473', '2019-08-06 15:54:43.473', 0, '广州智融云科技有限公司', 1, 'admin', '创建', 29, NULL, NULL);
INSERT INTO `CHAIN_TRADE_RECODE` VALUES (39, 0, '2019-08-06 16:02:21.138', '2019-08-06 16:02:21.138', 0, '广州智融云科技有限公司', 1, 'admin', '修改', 20, '这是一条测试链条', NULL);
INSERT INTO `CHAIN_TRADE_RECODE` VALUES (40, 0, '2019-08-06 16:06:42.272', '2019-08-06 16:06:42.272', 0, '广州智融云科技有限公司', 1, 'admin', '修改', 29, NULL, NULL);
INSERT INTO `CHAIN_TRADE_RECODE` VALUES (41, 0, '2019-08-06 16:09:58.572', '2019-08-06 16:09:58.572', 0, '广州智融云科技有限公司', 1, 'admin', '修改', 28, NULL, NULL);
INSERT INTO `CHAIN_TRADE_RECODE` VALUES (42, 0, '2019-08-06 16:15:20.810', '2019-08-06 16:15:20.810', 0, '广州智融云科技有限公司', 1, 'admin', '修改', 20, '这是一条测试链条', NULL);
INSERT INTO `CHAIN_TRADE_RECODE` VALUES (43, 0, '2019-08-06 18:03:50.760', '2019-08-06 18:03:50.760', 0, '广州智融云科技有限公司', 1, 'admin', '修改', 20, '这是一条测试链条', NULL);
INSERT INTO `CHAIN_TRADE_RECODE` VALUES (44, 0, '2019-08-06 18:04:36.168', '2019-08-06 18:04:36.168', 0, '广州智融云科技有限公司', 1, 'admin', '修改', 20, '这是一条测试链条', NULL);
INSERT INTO `CHAIN_TRADE_RECODE` VALUES (45, 0, '2019-08-06 18:05:25.451', '2019-08-06 18:05:25.451', 0, '广州智融云科技有限公司', 1, 'admin', '修改', 20, '这是一条测试链条', NULL);
INSERT INTO `CHAIN_TRADE_RECODE` VALUES (46, 0, '2019-08-06 19:44:48.397', '2019-08-06 19:44:48.397', 0, '广州智融云科技有限公司', 1, 'admin', '修改', 19, NULL, NULL);
INSERT INTO `CHAIN_TRADE_RECODE` VALUES (47, 0, '2019-08-07 09:44:56.555', '2019-08-07 09:44:56.555', 0, '中国建设银行股份有限公司', 34, '测试管理员', '创建', 30, NULL, NULL);
INSERT INTO `CHAIN_TRADE_RECODE` VALUES (48, 0, '2019-08-07 09:45:54.339', '2019-08-07 09:45:54.339', 0, '中国建设银行股份有限公司', 34, '测试管理员', '修改', 30, NULL, NULL);
INSERT INTO `CHAIN_TRADE_RECODE` VALUES (49, 0, '2019-08-07 09:46:38.133', '2019-08-07 09:46:38.133', 0, '中国建设银行股份有限公司', 34, '测试管理员', '修改', 30, NULL, NULL);
INSERT INTO `CHAIN_TRADE_RECODE` VALUES (50, 0, '2019-08-07 09:52:06.208', '2019-08-07 09:52:06.208', 0, '中国建设银行股份有限公司', 34, '测试管理员', '修改', 30, NULL, NULL);
INSERT INTO `CHAIN_TRADE_RECODE` VALUES (51, 0, '2019-08-07 10:03:54.678', '2019-08-07 10:03:54.678', 0, '中国建设银行股份有限公司', 34, '测试管理员', '创建', 31, NULL, NULL);
INSERT INTO `CHAIN_TRADE_RECODE` VALUES (52, 0, '2019-08-07 10:06:11.411', '2019-08-07 10:06:11.411', 0, '中国建设银行股份有限公司', 34, '测试管理员', '创建', 32, NULL, NULL);
INSERT INTO `CHAIN_TRADE_RECODE` VALUES (53, 0, '2019-08-07 10:09:13.739', '2019-08-07 10:09:13.739', 0, '中国建设银行股份有限公司', 34, '测试管理员', '修改', 32, NULL, NULL);
INSERT INTO `CHAIN_TRADE_RECODE` VALUES (54, 0, '2019-08-07 10:10:28.965', '2019-08-07 10:10:28.965', 0, '中国建设银行股份有限公司', 34, '测试管理员', '修改', 32, NULL, NULL);
INSERT INTO `CHAIN_TRADE_RECODE` VALUES (55, 0, '2019-08-07 10:10:36.275', '2019-08-07 10:10:36.275', 0, '中国建设银行股份有限公司', 34, '测试管理员', '修改', 32, NULL, NULL);
INSERT INTO `CHAIN_TRADE_RECODE` VALUES (56, 0, '2019-08-07 10:10:54.185', '2019-08-07 10:10:54.185', 0, '中国建设银行股份有限公司', 34, '测试管理员', '修改', 32, NULL, NULL);
INSERT INTO `CHAIN_TRADE_RECODE` VALUES (57, 0, '2019-08-07 10:11:30.141', '2019-08-07 10:11:30.141', 0, '中国建设银行股份有限公司', 34, '测试管理员', '修改', 32, NULL, NULL);
INSERT INTO `CHAIN_TRADE_RECODE` VALUES (58, 0, '2019-08-07 10:27:48.032', '2019-08-07 10:27:48.032', 0, '广州智融云科技有限公司', 1, 'admin', '修改', 20, '这是一条测试链条', NULL);
INSERT INTO `CHAIN_TRADE_RECODE` VALUES (59, 0, '2019-08-07 10:29:25.494', '2019-08-07 10:29:25.494', 0, '广州智融云科技有限公司', 1, 'admin', '修改', 20, '这是一条测试链条', NULL);
INSERT INTO `CHAIN_TRADE_RECODE` VALUES (60, 0, '2019-08-07 10:31:17.476', '2019-08-07 10:31:17.476', 0, '广州智融云科技有限公司', 1, 'admin', '修改', 20, '这是一条测试链条', NULL);
INSERT INTO `CHAIN_TRADE_RECODE` VALUES (61, 0, '2019-08-07 10:33:03.662', '2019-08-07 10:33:03.662', 0, '广州智融云科技有限公司', 1, 'admin', '修改', 20, '这是一条测试链条', NULL);
INSERT INTO `CHAIN_TRADE_RECODE` VALUES (62, 0, '2019-08-07 10:36:03.633', '2019-08-07 10:36:03.633', 0, '广州智融云科技有限公司', 1, 'admin', '修改', 20, '这是一条测试链条', NULL);
INSERT INTO `CHAIN_TRADE_RECODE` VALUES (63, 0, '2019-08-07 10:36:57.099', '2019-08-07 10:36:57.099', 0, '广州智融云科技有限公司', 1, 'admin', '修改', 20, '这是一条测试链条', NULL);
INSERT INTO `CHAIN_TRADE_RECODE` VALUES (64, 0, '2019-08-07 10:37:28.167', '2019-08-07 10:37:28.167', 0, '广州智融云科技有限公司', 1, 'admin', '修改', 20, '这是一条测试链条', NULL);
INSERT INTO `CHAIN_TRADE_RECODE` VALUES (65, 0, '2019-08-07 10:41:32.899', '2019-08-07 10:41:32.899', 0, '中国建设银行股份有限公司', 34, '测试管理员', '修改', 32, NULL, NULL);
INSERT INTO `CHAIN_TRADE_RECODE` VALUES (66, 0, '2019-08-07 10:41:45.347', '2019-08-07 10:41:45.347', 0, '中国建设银行股份有限公司', 34, '测试管理员', '修改', 32, NULL, NULL);
INSERT INTO `CHAIN_TRADE_RECODE` VALUES (67, 0, '2019-08-07 10:49:32.552', '2019-08-07 10:49:32.552', 0, '中国建设银行股份有限公司', 34, '测试管理员', '修改', 32, NULL, NULL);
INSERT INTO `CHAIN_TRADE_RECODE` VALUES (68, 0, '2019-08-07 10:50:11.122', '2019-08-07 10:50:11.122', 0, '中国建设银行股份有限公司', 34, '测试管理员', '修改', 32, NULL, NULL);
INSERT INTO `CHAIN_TRADE_RECODE` VALUES (69, 0, '2019-08-07 10:56:10.438', '2019-08-07 10:56:10.438', 0, '中国建设银行股份有限公司', 34, '测试管理员', '修改', 32, NULL, NULL);
INSERT INTO `CHAIN_TRADE_RECODE` VALUES (70, 0, '2019-08-07 10:59:58.463', '2019-08-07 10:59:58.463', 0, '广州智融云科技有限公司', 1, 'admin', '修改', 20, '这是一条测试链条', NULL);
INSERT INTO `CHAIN_TRADE_RECODE` VALUES (71, 0, '2019-08-07 11:04:35.148', '2019-08-07 11:04:35.148', 0, '中国建设银行股份有限公司', 34, '测试管理员', '修改', 32, NULL, NULL);
INSERT INTO `CHAIN_TRADE_RECODE` VALUES (72, 0, '2019-08-07 11:05:01.116', '2019-08-07 11:05:01.116', 0, '中国建设银行股份有限公司', 34, '测试管理员', '修改', 32, NULL, NULL);
INSERT INTO `CHAIN_TRADE_RECODE` VALUES (73, 0, '2019-08-07 11:05:23.930', '2019-08-07 11:05:23.930', 0, '中国建设银行股份有限公司', 34, '测试管理员', '修改', 32, NULL, NULL);
INSERT INTO `CHAIN_TRADE_RECODE` VALUES (74, 0, '2019-08-07 11:06:14.803', '2019-08-07 11:06:14.803', 0, '中国建设银行股份有限公司', 34, '测试管理员', '修改', 32, NULL, NULL);
INSERT INTO `CHAIN_TRADE_RECODE` VALUES (75, 0, '2019-08-07 11:06:41.063', '2019-08-07 11:06:41.063', 0, '中国建设银行股份有限公司', 34, '测试管理员', '修改', 32, NULL, NULL);
INSERT INTO `CHAIN_TRADE_RECODE` VALUES (76, 0, '2019-08-07 11:06:53.630', '2019-08-07 11:06:53.630', 0, '中国建设银行股份有限公司', 34, '测试管理员', '修改', 32, NULL, NULL);
INSERT INTO `CHAIN_TRADE_RECODE` VALUES (77, 0, '2019-08-07 11:07:51.917', '2019-08-07 11:07:51.917', 0, '中国建设银行股份有限公司', 34, '测试管理员', '修改', 32, NULL, NULL);
INSERT INTO `CHAIN_TRADE_RECODE` VALUES (78, 0, '2019-08-07 11:08:15.468', '2019-08-07 11:08:15.468', 0, '中国建设银行股份有限公司', 34, '测试管理员', '修改', 32, NULL, NULL);
INSERT INTO `CHAIN_TRADE_RECODE` VALUES (79, 0, '2019-08-07 11:11:35.454', '2019-08-07 11:11:35.454', 0, '中国建设银行股份有限公司', 34, '测试管理员', '修改', 32, NULL, NULL);
INSERT INTO `CHAIN_TRADE_RECODE` VALUES (80, 0, '2019-08-07 11:12:42.726', '2019-08-07 11:12:42.726', 0, '中国建设银行股份有限公司', 34, '测试管理员', '修改', 32, NULL, NULL);
INSERT INTO `CHAIN_TRADE_RECODE` VALUES (81, 0, '2019-08-07 11:14:00.354', '2019-08-07 11:14:00.354', 0, '中国建设银行股份有限公司', 34, '测试管理员', '修改', 32, NULL, NULL);
INSERT INTO `CHAIN_TRADE_RECODE` VALUES (82, 0, '2019-08-07 11:15:52.572', '2019-08-07 11:15:52.572', 0, '中国建设银行股份有限公司', 34, '测试管理员', '修改', 32, NULL, NULL);
INSERT INTO `CHAIN_TRADE_RECODE` VALUES (83, 0, '2019-08-07 11:19:53.346', '2019-08-07 11:19:53.347', 0, '中国建设银行股份有限公司', 34, '测试管理员', '修改', 32, NULL, NULL);
INSERT INTO `CHAIN_TRADE_RECODE` VALUES (84, 0, '2019-08-07 11:20:39.712', '2019-08-07 11:20:39.712', 0, '中国建设银行股份有限公司', 34, '测试管理员', '修改', 32, NULL, NULL);
INSERT INTO `CHAIN_TRADE_RECODE` VALUES (85, 0, '2019-08-07 11:20:53.443', '2019-08-07 11:20:53.443', 0, '中国建设银行股份有限公司', 34, '测试管理员', '修改', 32, NULL, NULL);
INSERT INTO `CHAIN_TRADE_RECODE` VALUES (86, 0, '2019-08-07 11:24:24.625', '2019-08-07 11:24:24.625', 0, '中国建设银行股份有限公司', 34, '测试管理员', '修改', 31, NULL, NULL);
INSERT INTO `CHAIN_TRADE_RECODE` VALUES (87, 0, '2019-08-07 11:26:30.034', '2019-08-07 11:26:30.034', 0, '中国建设银行股份有限公司', 34, '测试管理员', '修改', 31, NULL, NULL);
INSERT INTO `CHAIN_TRADE_RECODE` VALUES (88, 0, '2019-08-07 11:26:40.078', '2019-08-07 11:26:40.078', 0, '中国建设银行股份有限公司', 34, '测试管理员', '修改', 31, NULL, NULL);
INSERT INTO `CHAIN_TRADE_RECODE` VALUES (89, 0, '2019-08-07 11:34:36.418', '2019-08-07 11:34:36.418', 0, '中国建设银行股份有限公司', 34, '测试管理员', '修改', 31, NULL, NULL);
INSERT INTO `CHAIN_TRADE_RECODE` VALUES (90, 0, '2019-08-07 11:34:42.470', '2019-08-07 11:34:42.470', 0, '中国建设银行股份有限公司', 34, '测试管理员', '修改', 32, NULL, NULL);
INSERT INTO `CHAIN_TRADE_RECODE` VALUES (91, 0, '2019-08-07 11:37:21.377', '2019-08-07 11:37:21.377', 0, '中国建设银行股份有限公司', 34, '测试管理员', '修改', 32, NULL, NULL);
INSERT INTO `CHAIN_TRADE_RECODE` VALUES (92, 0, '2019-08-07 11:39:39.210', '2019-08-07 11:39:39.210', 0, '中国建设银行股份有限公司', 34, '测试管理员', '修改', 32, NULL, NULL);
INSERT INTO `CHAIN_TRADE_RECODE` VALUES (93, 0, '2019-08-07 11:40:41.252', '2019-08-07 11:40:41.252', 0, '中国建设银行股份有限公司', 34, '测试管理员', '修改', 32, NULL, NULL);
INSERT INTO `CHAIN_TRADE_RECODE` VALUES (94, 0, '2019-08-07 11:41:20.423', '2019-08-07 11:41:20.423', 0, '中国建设银行股份有限公司', 34, '测试管理员', '修改', 32, NULL, NULL);
INSERT INTO `CHAIN_TRADE_RECODE` VALUES (95, 0, '2019-08-07 11:42:06.225', '2019-08-07 11:42:06.225', 0, '中国建设银行股份有限公司', 34, '测试管理员', '修改', 32, NULL, NULL);
INSERT INTO `CHAIN_TRADE_RECODE` VALUES (96, 0, '2019-08-07 11:44:08.089', '2019-08-07 11:44:08.089', 0, '中国建设银行股份有限公司', 34, '测试管理员', '修改', 32, NULL, NULL);
INSERT INTO `CHAIN_TRADE_RECODE` VALUES (97, 0, '2019-08-07 11:45:02.104', '2019-08-07 11:45:02.104', 0, '中国建设银行股份有限公司', 34, '测试管理员', '修改', 32, NULL, NULL);
INSERT INTO `CHAIN_TRADE_RECODE` VALUES (98, 0, '2019-08-07 11:46:12.133', '2019-08-07 11:46:12.133', 0, '中国建设银行股份有限公司', 34, '测试管理员', '修改', 32, NULL, NULL);
INSERT INTO `CHAIN_TRADE_RECODE` VALUES (99, 0, '2019-08-07 11:50:09.763', '2019-08-07 11:50:09.763', 0, '中国建设银行股份有限公司', 34, '测试管理员', '修改', 32, NULL, NULL);
INSERT INTO `CHAIN_TRADE_RECODE` VALUES (100, 0, '2019-08-07 11:50:33.083', '2019-08-07 11:50:33.083', 0, '中国建设银行股份有限公司', 34, '测试管理员', '修改', 32, NULL, NULL);
INSERT INTO `CHAIN_TRADE_RECODE` VALUES (101, 0, '2019-08-07 11:54:55.934', '2019-08-07 11:54:55.934', 0, '中国建设银行股份有限公司', 34, '测试管理员', '修改', 32, NULL, NULL);
INSERT INTO `CHAIN_TRADE_RECODE` VALUES (102, 0, '2019-08-07 11:55:00.493', '2019-08-07 11:55:00.493', 0, '中国建设银行股份有限公司', 34, '测试管理员', '修改', 32, NULL, NULL);
INSERT INTO `CHAIN_TRADE_RECODE` VALUES (103, 0, '2019-08-08 09:09:36.440', '2019-08-08 09:09:36.440', 0, '广州智融云科技有限公司', 1, 'admin', '创建', 33, '这个星期好热呀', NULL);
INSERT INTO `CHAIN_TRADE_RECODE` VALUES (104, 0, '2019-08-08 09:09:50.822', '2019-08-08 09:09:50.822', 0, '广州智融云科技有限公司', 1, 'admin', '复核通过', 33, '测试到期日', NULL);
INSERT INTO `CHAIN_TRADE_RECODE` VALUES (105, 0, '2019-08-08 09:16:17.129', '2019-08-08 09:16:17.129', 0, '广州智融云科技有限公司', 1, 'admin', '复核通过', 32, '测试到期日', NULL);
INSERT INTO `CHAIN_TRADE_RECODE` VALUES (106, 0, '2019-08-08 09:20:18.719', '2019-08-08 09:20:18.719', 0, '中国建设银行股份有限公司', 34, '测试管理员', '创建', 34, NULL, NULL);
INSERT INTO `CHAIN_TRADE_RECODE` VALUES (107, 0, '2019-08-08 09:37:55.220', '2019-08-08 09:37:55.220', 0, '中国建设银行股份有限公司', 64, '经办', '创建', 35, NULL, NULL);
INSERT INTO `CHAIN_TRADE_RECODE` VALUES (108, 0, '2019-08-08 09:41:25.412', '2019-08-08 09:41:25.412', 0, '中国建设银行股份有限公司', 34, '测试管理员', '创建', 36, NULL, NULL);
INSERT INTO `CHAIN_TRADE_RECODE` VALUES (109, 0, '2019-08-08 10:06:18.113', '2019-08-08 10:06:18.113', 0, '中国建设银行股份有限公司', 64, '经办', '创建', 37, NULL, NULL);
INSERT INTO `CHAIN_TRADE_RECODE` VALUES (110, 0, '2019-08-08 10:06:21.295', '2019-08-08 10:06:21.295', 0, '中国建设银行股份有限公司', 34, '测试管理员', '复核退回修改', 34, '', NULL);
INSERT INTO `CHAIN_TRADE_RECODE` VALUES (111, 0, '2019-08-08 10:07:34.043', '2019-08-08 10:07:34.043', 0, '中国建设银行股份有限公司', 34, '测试管理员', '复核退回修改', 34, '', NULL);
INSERT INTO `CHAIN_TRADE_RECODE` VALUES (112, 0, '2019-08-08 10:08:22.476', '2019-08-08 10:08:22.476', 0, '中国建设银行股份有限公司', 34, '测试管理员', '复核退回修改', 34, '', NULL);
INSERT INTO `CHAIN_TRADE_RECODE` VALUES (113, 0, '2019-08-08 10:09:31.533', '2019-08-08 10:09:31.533', 0, '中国建设银行股份有限公司', 34, '测试管理员', '复核通过', 34, '', NULL);
INSERT INTO `CHAIN_TRADE_RECODE` VALUES (114, 0, '2019-08-08 10:16:21.250', '2019-08-08 10:16:21.250', 0, '中国建设银行股份有限公司', 66, '复核', '复核通过', 37, '', NULL);
INSERT INTO `CHAIN_TRADE_RECODE` VALUES (115, 0, '2019-08-08 10:17:17.470', '2019-08-08 10:17:17.470', 0, '中国建设银行股份有限公司', 66, '复核', '复核不通过', 36, '', NULL);
INSERT INTO `CHAIN_TRADE_RECODE` VALUES (116, 0, '2019-08-08 10:17:26.190', '2019-08-08 10:17:26.190', 0, '中国建设银行股份有限公司', 66, '复核', '复核不通过', 35, '', NULL);
INSERT INTO `CHAIN_TRADE_RECODE` VALUES (117, 0, '2019-08-08 10:18:02.987', '2019-08-08 10:18:02.987', 0, '中国建设银行股份有限公司', 66, '复核', '复核通过', 30, '', NULL);
INSERT INTO `CHAIN_TRADE_RECODE` VALUES (122, 0, '2019-08-08 10:54:16.959', '2019-08-08 10:54:16.959', 0, '中国建设银行股份有限公司', 64, '经办', '修改', 37, NULL, NULL);
INSERT INTO `CHAIN_TRADE_RECODE` VALUES (123, 0, '2019-08-08 10:54:28.992', '2019-08-08 10:54:28.992', 0, '中国建设银行股份有限公司', 64, '经办', '修改', 37, NULL, NULL);
INSERT INTO `CHAIN_TRADE_RECODE` VALUES (124, 0, '2019-08-08 10:54:41.305', '2019-08-08 10:54:41.305', 0, '中国建设银行股份有限公司', 64, '经办', '修改', 37, NULL, NULL);
INSERT INTO `CHAIN_TRADE_RECODE` VALUES (129, 0, '2019-08-08 10:58:26.689', '2019-08-08 10:58:26.689', 0, '中国建设银行股份有限公司', 64, '经办', '修改', 37, NULL, NULL);
INSERT INTO `CHAIN_TRADE_RECODE` VALUES (130, 0, '2019-08-08 10:58:47.401', '2019-08-08 10:58:47.401', 0, '中国建设银行股份有限公司', 64, '经办', '修改', 37, NULL, NULL);
INSERT INTO `CHAIN_TRADE_RECODE` VALUES (131, 0, '2019-08-08 11:00:24.337', '2019-08-08 11:00:24.337', 0, '中国建设银行股份有限公司', 64, '经办', '修改', 30, NULL, NULL);
INSERT INTO `CHAIN_TRADE_RECODE` VALUES (132, 0, '2019-08-08 11:00:32.775', '2019-08-08 11:00:32.775', 0, '中国建设银行股份有限公司', 64, '经办', '修改', 30, NULL, NULL);
INSERT INTO `CHAIN_TRADE_RECODE` VALUES (133, 0, '2019-08-08 11:01:10.771', '2019-08-08 11:01:10.771', 0, '中国建设银行股份有限公司', 64, '经办', '修改', 30, NULL, NULL);
INSERT INTO `CHAIN_TRADE_RECODE` VALUES (134, 0, '2019-08-08 11:01:32.134', '2019-08-08 11:01:32.134', 0, '中国建设银行股份有限公司', 64, '经办', '修改', 37, NULL, NULL);
INSERT INTO `CHAIN_TRADE_RECODE` VALUES (135, 0, '2019-08-08 11:01:40.347', '2019-08-08 11:01:40.347', 0, '中国建设银行股份有限公司', 64, '经办', '修改', 37, NULL, NULL);
INSERT INTO `CHAIN_TRADE_RECODE` VALUES (136, 0, '2019-08-08 11:47:52.344', '2019-08-08 11:47:52.344', 0, '中国建设银行股份有限公司', 64, '经办', '修改', 37, NULL, NULL);
INSERT INTO `CHAIN_TRADE_RECODE` VALUES (137, 0, '2019-08-08 11:47:57.340', '2019-08-08 11:47:57.340', 0, '中国建设银行股份有限公司', 64, '经办', '修改', 37, NULL, NULL);
INSERT INTO `CHAIN_TRADE_RECODE` VALUES (138, 0, '2019-08-08 13:34:12.022', '2019-08-08 13:34:12.022', 0, '广州智融云科技有限公司', 1, 'admin', '修改', 20, '这是一条测试链条', NULL);
INSERT INTO `CHAIN_TRADE_RECODE` VALUES (139, 0, '2019-08-08 13:36:26.075', '2019-08-08 13:36:26.075', 0, '广州智融云科技有限公司', 1, 'admin', '修改', 20, '这是一条测试链条', NULL);
INSERT INTO `CHAIN_TRADE_RECODE` VALUES (140, 0, '2019-08-08 13:37:22.790', '2019-08-08 13:37:22.790', 0, '广州智融云科技有限公司', 1, 'admin', '修改', 20, '这是一条测试链条', NULL);
INSERT INTO `CHAIN_TRADE_RECODE` VALUES (141, 0, '2019-08-08 14:13:20.854', '2019-08-08 14:13:20.854', 0, '广州智融云科技有限公司', 1, 'admin', '修改', 20, '这是一条测试链条', NULL);
INSERT INTO `CHAIN_TRADE_RECODE` VALUES (142, 0, '2019-08-08 14:15:02.782', '2019-08-08 14:15:02.782', 0, '广州智融云科技有限公司', 1, 'admin', '修改', 20, '这是一条测试链条', NULL);
INSERT INTO `CHAIN_TRADE_RECODE` VALUES (143, 0, '2019-08-08 15:38:22.403', '2019-08-08 15:38:22.403', 0, '中国建设银行股份有限公司', 64, '经办', '修改', 34, NULL, NULL);
INSERT INTO `CHAIN_TRADE_RECODE` VALUES (144, 0, '2019-08-08 15:38:40.090', '2019-08-08 15:38:40.090', 0, '中国建设银行股份有限公司', 64, '经办', '修改', 34, NULL, NULL);
INSERT INTO `CHAIN_TRADE_RECODE` VALUES (145, 0, '2019-08-08 15:40:24.304', '2019-08-08 15:40:24.304', 0, '中国建设银行股份有限公司', 64, '经办', '修改', 32, NULL, NULL);
INSERT INTO `CHAIN_TRADE_RECODE` VALUES (146, 0, '2019-08-08 15:40:41.501', '2019-08-08 15:40:41.501', 0, '中国建设银行股份有限公司', 64, '经办', '修改', 32, NULL, NULL);
INSERT INTO `CHAIN_TRADE_RECODE` VALUES (147, 0, '2019-08-08 15:40:56.830', '2019-08-08 15:40:56.830', 0, '中国建设银行股份有限公司', 64, '经办', '修改', 32, NULL, NULL);
INSERT INTO `CHAIN_TRADE_RECODE` VALUES (148, 0, '2019-08-08 15:41:04.591', '2019-08-08 15:41:04.591', 0, '中国建设银行股份有限公司', 64, '经办', '修改', 32, NULL, NULL);
INSERT INTO `CHAIN_TRADE_RECODE` VALUES (149, 0, '2019-08-08 15:41:22.662', '2019-08-08 15:41:22.662', 0, '中国建设银行股份有限公司', 64, '经办', '修改', 32, NULL, NULL);
INSERT INTO `CHAIN_TRADE_RECODE` VALUES (150, 0, '2019-08-08 15:45:44.366', '2019-08-08 15:45:44.366', 0, '广州智融云科技有限公司', 1, 'admin', '创建', 47, '这个星期好热呀', NULL);
INSERT INTO `CHAIN_TRADE_RECODE` VALUES (151, 0, '2019-08-08 15:48:48.533', '2019-08-08 15:48:48.533', 0, '中国建设银行股份有限公司', 64, '经办', '创建', 48, '这个星期好热呀', NULL);
INSERT INTO `CHAIN_TRADE_RECODE` VALUES (152, 0, '2019-08-08 15:56:09.645', '2019-08-08 15:56:09.645', 0, '中国建设银行股份有限公司', 64, '经办', '修改', 32, NULL, NULL);
INSERT INTO `CHAIN_TRADE_RECODE` VALUES (153, 0, '2019-08-08 16:00:54.259', '2019-08-08 16:00:54.259', 0, '中国建设银行股份有限公司', 66, '复核', '复核通过', 48, '', NULL);
INSERT INTO `CHAIN_TRADE_RECODE` VALUES (154, 0, '2019-08-08 16:03:34.295', '2019-08-08 16:03:34.295', 0, '中国建设银行股份有限公司', 66, '复核', '复核退回修改', 31, '', NULL);
INSERT INTO `CHAIN_TRADE_RECODE` VALUES (155, 0, '2019-08-08 16:19:30.153', '2019-08-08 16:19:30.153', 0, '中国建设银行股份有限公司', 64, '经办', '修改', 31, NULL, NULL);
INSERT INTO `CHAIN_TRADE_RECODE` VALUES (156, 0, '2019-08-08 16:20:54.435', '2019-08-08 16:20:54.435', 0, '中国建设银行股份有限公司', 64, '经办', '创建', 49, NULL, NULL);
INSERT INTO `CHAIN_TRADE_RECODE` VALUES (157, 0, '2019-08-08 16:21:15.152', '2019-08-08 16:21:15.152', 0, '中国建设银行股份有限公司', 64, '经办', '创建', 50, NULL, NULL);
INSERT INTO `CHAIN_TRADE_RECODE` VALUES (158, 0, '2019-08-08 16:21:37.057', '2019-08-08 16:21:37.057', 0, '中国建设银行股份有限公司', 66, '复核', '复核退回修改', 49, '', NULL);
INSERT INTO `CHAIN_TRADE_RECODE` VALUES (159, 0, '2019-08-08 16:46:30.800', '2019-08-08 16:46:30.800', 0, '中国建设银行股份有限公司', 66, '复核', '复核通过', 50, '', NULL);
INSERT INTO `CHAIN_TRADE_RECODE` VALUES (160, 0, '2019-08-08 17:07:05.167', '2019-08-08 17:07:05.167', 0, '中国建设银行股份有限公司', 64, '经办', '创建', 52, '这个星期好热呀', NULL);
INSERT INTO `CHAIN_TRADE_RECODE` VALUES (161, 0, '2019-08-08 17:07:25.564', '2019-08-08 17:07:25.564', 0, '中国建设银行股份有限公司', 66, '复核', '复核通过', 52, '', NULL);
INSERT INTO `CHAIN_TRADE_RECODE` VALUES (162, 0, '2019-08-08 17:08:38.420', '2019-08-08 17:08:38.420', 0, '中国建设银行股份有限公司', 64, '经办', '修改', 49, NULL, NULL);
INSERT INTO `CHAIN_TRADE_RECODE` VALUES (163, 0, '2019-08-08 17:09:04.832', '2019-08-08 17:09:04.832', 0, '中国建设银行股份有限公司', 66, '复核', '复核退回修改', 49, '1', NULL);
INSERT INTO `CHAIN_TRADE_RECODE` VALUES (164, 0, '2019-08-09 11:48:21.025', '2019-08-09 11:48:21.025', 0, '中国建设银行股份有限公司', 34, '测试管理员', '创建', 53, NULL, NULL);
INSERT INTO `CHAIN_TRADE_RECODE` VALUES (165, 0, '2019-08-09 13:33:54.537', '2019-08-09 13:33:54.537', 0, '中国建设银行股份有限公司', 34, '测试管理员', '修改', 49, NULL, NULL);
INSERT INTO `CHAIN_TRADE_RECODE` VALUES (166, 0, '2019-08-09 13:49:09.932', '2019-08-09 13:49:09.932', 0, '中国建设银行股份有限公司', 34, '测试管理员', '复核退回修改', 53, '联电通话中；后客户回电已为客户解释签署的是无追索权保理合同，我司受让的是整笔应收账款，也不会影响其与包钢新业务的付款，如有其他疑问，可邮件整理后发给我，客户表示与其他同事商量以后，如无问题明天寄出；', NULL);
INSERT INTO `CHAIN_TRADE_RECODE` VALUES (167, 0, '2019-08-09 13:49:18.847', '2019-08-09 13:49:18.847', 0, '中国建设银行股份有限公司', 34, '测试管理员', '复核退回修改', 49, '联电通话中；后客户回电已为客户解释签署的是无追索权保理合同，我司受让的是整笔应收账款，也不会影响其与包钢新业务的付款，如有其他疑问，可邮件整理后发给我，客户表示与其他同事商量以后，如无问题明天寄出；', NULL);
INSERT INTO `CHAIN_TRADE_RECODE` VALUES (168, 0, '2019-08-09 14:23:44.556', '2019-08-09 14:23:44.556', 0, '中国建设银行股份有限公司', 34, '测试管理员', '修改', 53, '联电通话中；后客户回电已为客户解释签署的是无追索权保理合同，我司受让的是整笔应收账款，也不会影响其与包钢新业务的付款，如有其他疑问，可邮件整理后发给我，客户表示与其他同事商量以后，如无问题明天寄出；通话中；后客户回电已为客户解释签署的是无追索权保理合同，我司受让的是整笔应收账款，也不会影响其与包钢新业务的付款，如有其他疑问，可邮件整理后发给我，客户表示与其他同事商量以后，如无问题明天寄', NULL);
INSERT INTO `CHAIN_TRADE_RECODE` VALUES (169, 0, '2019-08-09 14:39:23.004', '2019-08-09 14:39:23.004', 0, '中国建设银行股份有限公司', 34, '测试管理员', '修改', 49, '滴滴滴滴', NULL);
INSERT INTO `CHAIN_TRADE_RECODE` VALUES (170, 0, '2019-08-09 15:59:50.491', '2019-08-09 15:59:50.491', 0, '中国建设银行股份有限公司', 34, '测试管理员', '复核退回修改', 53, '联电通话中；后客户回电已为客户解释签署的是无追索权保理合同，我司受让的是整笔应收账款，也不会影响其与包钢新业务的付款，如有其他疑问，可邮件整理后发给我，客户表示与其他同事商量以后，如无问题明天寄出；', NULL);
INSERT INTO `CHAIN_TRADE_RECODE` VALUES (171, 0, '2019-08-09 16:00:06.604', '2019-08-09 16:00:06.604', 0, '中国建设银行股份有限公司', 34, '测试管理员', '撤回', 53, '', NULL);
INSERT INTO `CHAIN_TRADE_RECODE` VALUES (172, 0, '2019-08-09 16:43:26.807', '2019-08-09 16:43:26.807', 0, '中国建设银行股份有限公司', 34, '测试管理员', '复核退回修改', 49, '联电通话中；后客户回电已为客户解释签署的是无追索权保理合同，我司受让的是整笔应收账款，也不会影响其与包钢新业务的付款，如有其他疑问，可邮件整理后发给我，客户表示与其他同事商量以后，如无问题明天寄出；', NULL);
INSERT INTO `CHAIN_TRADE_RECODE` VALUES (173, 0, '2019-08-09 16:47:44.676', '2019-08-09 16:47:44.676', 0, '中国建设银行股份有限公司', 34, '测试管理员', '撤回', 49, '', NULL);
INSERT INTO `CHAIN_TRADE_RECODE` VALUES (174, 0, '2019-08-09 16:57:02.895', '2019-08-09 16:57:02.895', 0, '中国建设银行股份有限公司', 64, '经办', '创建', 56, '这个星期好热呀', NULL);
INSERT INTO `CHAIN_TRADE_RECODE` VALUES (175, 0, '2019-08-09 16:57:21.285', '2019-08-09 16:57:21.285', 0, '中国建设银行股份有限公司', 34, '测试管理员', '复核退回修改', 56, '', NULL);
INSERT INTO `CHAIN_TRADE_RECODE` VALUES (176, 0, '2019-08-09 16:58:09.940', '2019-08-09 16:58:09.940', 0, '中国建设银行股份有限公司', 64, '经办', '创建', 57, '这个星期好热呀', NULL);
INSERT INTO `CHAIN_TRADE_RECODE` VALUES (177, 0, '2019-08-09 16:58:43.926', '2019-08-09 16:58:43.926', 0, '中国建设银行股份有限公司', 34, '测试管理员', '复核退回修改', 57, '', NULL);
INSERT INTO `CHAIN_TRADE_RECODE` VALUES (178, 0, '2019-08-09 17:20:29.964', '2019-08-09 17:20:29.964', 0, '中国建设银行股份有限公司', 64, '经办', '创建', 58, '这个星期好热呀', NULL);
INSERT INTO `CHAIN_TRADE_RECODE` VALUES (179, 0, '2019-08-09 17:49:57.875', '2019-08-09 17:49:57.875', 0, '中国建设银行股份有限公司', 34, '测试管理员', '复核退回修改', 58, '', NULL);
INSERT INTO `CHAIN_TRADE_RECODE` VALUES (180, 0, '2019-08-09 18:18:54.940', '2019-08-09 18:18:54.940', 0, '中国建设银行股份有限公司', 34, '测试管理员', '修改', 58, 'HHHH', NULL);
INSERT INTO `CHAIN_TRADE_RECODE` VALUES (181, 0, '2019-08-09 18:21:32.541', '2019-08-09 18:21:32.541', 0, '中国建设银行股份有限公司', 34, '测试管理员', '复核退回修改', 58, '', NULL);
INSERT INTO `CHAIN_TRADE_RECODE` VALUES (182, 0, '2019-08-13 09:54:07.118', '2019-08-13 09:54:07.118', 0, '中国建设银行股份有限公司', 64, '经办', '创建', 59, '这个星期好热呀', NULL);
INSERT INTO `CHAIN_TRADE_RECODE` VALUES (183, 0, '2019-08-13 09:54:21.965', '2019-08-13 09:54:21.965', 0, '中国建设银行股份有限公司', 64, '经办', '创建', 60, 'xixixi', NULL);
INSERT INTO `CHAIN_TRADE_RECODE` VALUES (184, 0, '2019-08-13 09:55:37.220', '2019-08-13 09:55:37.220', 0, '中国建设银行股份有限公司', 34, '测试管理员', '复核通过', 59, '', NULL);
INSERT INTO `CHAIN_TRADE_RECODE` VALUES (185, 0, '2019-08-13 09:55:51.099', '2019-08-13 09:55:51.099', 0, '中国建设银行股份有限公司', 34, '测试管理员', '复核通过', 60, '', NULL);
INSERT INTO `CHAIN_TRADE_RECODE` VALUES (186, 0, '2019-08-13 10:22:26.194', '2019-08-13 10:22:26.194', 0, '中国建设银行股份有限公司', 64, '经办', '创建', 61, 'xixixi', NULL);
INSERT INTO `CHAIN_TRADE_RECODE` VALUES (187, 0, '2019-08-13 10:22:42.534', '2019-08-13 10:22:42.534', 0, '中国建设银行股份有限公司', 64, '经办', '创建', 62, 'hhh', NULL);
INSERT INTO `CHAIN_TRADE_RECODE` VALUES (188, 0, '2019-08-13 10:23:53.215', '2019-08-13 10:23:53.215', 0, '中国建设银行股份有限公司', 34, '测试管理员', '复核通过', 61, '', NULL);
INSERT INTO `CHAIN_TRADE_RECODE` VALUES (189, 0, '2019-08-13 10:24:01.913', '2019-08-13 10:24:01.913', 0, '中国建设银行股份有限公司', 34, '测试管理员', '复核通过', 62, '', NULL);
INSERT INTO `CHAIN_TRADE_RECODE` VALUES (190, 0, '2019-08-13 14:04:05.974', '2019-08-13 14:04:05.974', 0, '中国建设银行股份有限公司', 37, '测试管理员', '签收通过', 59, '', NULL);
INSERT INTO `CHAIN_TRADE_RECODE` VALUES (191, 0, '2019-08-13 14:11:07.539', '2019-08-13 14:11:07.539', 0, '中国建设银行股份有限公司', 37, '测试管理员', '签收通过', 60, '', NULL);
INSERT INTO `CHAIN_TRADE_RECODE` VALUES (192, 0, '2019-08-16 11:06:46.958', '2019-08-16 11:06:46.958', 0, '中国建设银行股份有限公司', 37, '测试管理员', '签收通过', 62, '签收', NULL);
INSERT INTO `CHAIN_TRADE_RECODE` VALUES (210, 0, '2019-08-16 13:59:22.596', '2019-08-16 13:59:22.596', 0, '安徽万格维商贸有限公司', 28, '万格管理员', '创建', 85, NULL, NULL);
INSERT INTO `CHAIN_TRADE_RECODE` VALUES (211, 0, '2019-08-16 14:25:19.260', '2019-08-16 14:25:19.260', 0, '中国建设银行股份有限公司', 34, '测试管理员', '创建', 86, NULL, NULL);
INSERT INTO `CHAIN_TRADE_RECODE` VALUES (212, 0, '2019-08-16 14:36:47.183', '2019-08-16 14:36:47.183', 0, '安徽万格维商贸有限公司', 28, '万格管理员', '复核通过', 85, 'test', NULL);
INSERT INTO `CHAIN_TRADE_RECODE` VALUES (213, 0, '2019-08-16 14:36:58.471', '2019-08-16 14:36:58.471', 0, '中国建设银行股份有限公司', 34, '测试管理员', '复核通过', 86, '', NULL);
INSERT INTO `CHAIN_TRADE_RECODE` VALUES (214, 0, '2019-08-16 14:50:41.310', '2019-08-16 14:50:41.310', 0, '中建一局土木工程有限公司', 65, '孙华勇', '创建', 64, '', NULL);
INSERT INTO `CHAIN_TRADE_RECODE` VALUES (215, 0, '2019-08-16 14:58:52.403', '2019-08-16 14:58:52.403', 0, '中国建设银行股份有限公司', 38, '测试管理员', '保理商审核通过', 85, 'test', NULL);
INSERT INTO `CHAIN_TRADE_RECODE` VALUES (216, 0, '2019-08-16 15:01:24.603', '2019-08-16 15:01:24.603', 0, '中建一局土木工程有限公司', 65, '孙华勇', '复核通过', 64, '只是试试而已', NULL);
INSERT INTO `CHAIN_TRADE_RECODE` VALUES (217, 0, '2019-08-16 15:08:42.424', '2019-08-16 15:08:42.424', 0, '安徽万格维商贸有限公司', 28, '万格管理员', '签收通过', 85, 'test', NULL);
INSERT INTO `CHAIN_TRADE_RECODE` VALUES (218, 0, '2019-08-16 15:11:27.566', '2019-08-16 15:11:27.566', 0, '中国建设银行股份有限公司', 38, '测试管理员', '保理商审核通过', 64, '只是试试而已', NULL);
INSERT INTO `CHAIN_TRADE_RECODE` VALUES (219, 0, '2019-08-16 15:17:54.012', '2019-08-16 15:17:54.012', 0, '福建小米科技有限公司', 24, '客户管理员', '保理商审核通过', 64, '只是试试而已', NULL);
INSERT INTO `CHAIN_TRADE_RECODE` VALUES (220, 0, '2019-08-16 15:18:10.718', '2019-08-16 15:18:10.718', 0, '福建小米科技有限公司', 24, '客户管理员', '资金方审核通过', 64, '只是试试而已', NULL);
INSERT INTO `CHAIN_TRADE_RECODE` VALUES (221, 0, '2019-08-16 15:22:20.973', '2019-08-16 15:22:20.973', 0, '中国建设银行股份有限公司', 38, '测试管理员', '保理商设置放款日', 64, '只是试试而已', NULL);
INSERT INTO `CHAIN_TRADE_RECODE` VALUES (222, 0, '2019-08-16 15:22:48.172', '2019-08-16 15:22:48.172', 0, '福建小米科技有限公司', 24, '客户管理员', '资金方审核放款日', 64, '只是试试而已', NULL);
INSERT INTO `CHAIN_TRADE_RECODE` VALUES (223, 0, '2019-08-16 15:24:07.355', '2019-08-16 15:24:07.355', 0, '安徽万格维商贸有限公司', 28, '万格管理员', '创建', 88, NULL, NULL);
INSERT INTO `CHAIN_TRADE_RECODE` VALUES (224, 0, '2019-08-16 15:27:19.552', '2019-08-16 15:27:19.552', 0, '中国建设银行股份有限公司', 34, '测试管理员', '创建', 89, 'test', NULL);
INSERT INTO `CHAIN_TRADE_RECODE` VALUES (225, 0, '2019-08-16 15:28:54.821', '2019-08-16 15:28:54.821', 0, '中国建设银行股份有限公司', 34, '测试管理员', '复核通过', 89, '', NULL);
INSERT INTO `CHAIN_TRADE_RECODE` VALUES (226, 0, '2019-08-16 15:31:33.896', '2019-08-16 15:31:33.896', 0, '中建一局土木工程有限公司', 65, '孙华勇', '供应商签署合同', 64, '只是试试而已', NULL);
INSERT INTO `CHAIN_TRADE_RECODE` VALUES (227, 0, '2019-08-16 15:35:18.162', '2019-08-16 15:35:18.162', 0, '安徽万格维商贸有限公司', 28, '万格管理员', '复核打回修改', 88, 'test', NULL);
INSERT INTO `CHAIN_TRADE_RECODE` VALUES (228, 0, '2019-08-16 15:35:56.646', '2019-08-16 15:35:56.646', 0, '中国建设银行股份有限公司', 38, '测试管理员', '保理商签署合同', 64, '只是试试而已', NULL);
INSERT INTO `CHAIN_TRADE_RECODE` VALUES (229, 0, '2019-08-16 15:38:05.454', '2019-08-16 15:38:05.454', 0, '中建一局土木工程有限公司', 65, '孙华勇', '申请开票', 64, '只是试试而已', NULL);
INSERT INTO `CHAIN_TRADE_RECODE` VALUES (230, 0, '2019-08-16 15:38:15.366', '2019-08-16 15:38:15.366', 0, '安徽万格维商贸有限公司', 28, '万格管理员', '签收通过', 89, '１', NULL);
INSERT INTO `CHAIN_TRADE_RECODE` VALUES (231, 0, '2019-08-16 15:38:20.729', '2019-08-16 15:38:20.729', 0, '中国建设银行股份有限公司', 38, '测试管理员', '已开票', 64, '只是试试而已', NULL);
INSERT INTO `CHAIN_TRADE_RECODE` VALUES (232, 0, '2019-08-16 15:41:03.514', '2019-08-16 15:41:03.514', 0, '中国建设银行股份有限公司', 34, '测试管理员', '创建', 90, 'test', NULL);
INSERT INTO `CHAIN_TRADE_RECODE` VALUES (233, 0, '2019-08-16 15:43:08.868', '2019-08-16 15:43:08.868', 0, '中国建设银行股份有限公司', 34, '测试管理员', '复核通过', 90, '１', NULL);
INSERT INTO `CHAIN_TRADE_RECODE` VALUES (234, 0, '2019-08-16 15:43:37.150', '2019-08-16 15:43:37.150', 0, '安徽万格维商贸有限公司', 28, '万格管理员', '签收不通过', 90, '1', NULL);
INSERT INTO `CHAIN_TRADE_RECODE` VALUES (235, 0, '2019-08-16 15:59:01.826', '2019-08-16 15:59:01.826', 0, '中国建设银行股份有限公司', 34, '测试管理员', '创建', 91, 'test', NULL);
INSERT INTO `CHAIN_TRADE_RECODE` VALUES (236, 0, '2019-08-16 15:59:18.449', '2019-08-16 15:59:18.449', 0, '中国建设银行股份有限公司', 34, '测试管理员', '复核退回修改', 91, '', NULL);
INSERT INTO `CHAIN_TRADE_RECODE` VALUES (237, 0, '2019-08-16 16:00:02.289', '2019-08-16 16:00:02.289', 0, '中国建设银行股份有限公司', 34, '测试管理员', '撤回', 91, '', NULL);
INSERT INTO `CHAIN_TRADE_RECODE` VALUES (238, 0, '2019-08-16 16:01:06.174', '2019-08-16 16:01:06.174', 0, '中国建设银行股份有限公司', 34, '测试管理员', '创建', 92, 'test', NULL);
INSERT INTO `CHAIN_TRADE_RECODE` VALUES (239, 0, '2019-08-16 16:01:14.192', '2019-08-16 16:01:14.192', 0, '中国建设银行股份有限公司', 34, '测试管理员', '创建', 93, 'test', NULL);
INSERT INTO `CHAIN_TRADE_RECODE` VALUES (240, 0, '2019-08-16 16:01:18.675', '2019-08-16 16:01:18.675', 0, '中国建设银行股份有限公司', 34, '测试管理员', '创建', 94, 'test', NULL);
INSERT INTO `CHAIN_TRADE_RECODE` VALUES (241, 0, '2019-08-16 16:10:37.471', '2019-08-16 16:10:37.471', 0, '中国建设银行股份有限公司', 34, '测试管理员', '再次发送', 90, '', NULL);
INSERT INTO `CHAIN_TRADE_RECODE` VALUES (242, 0, '2019-08-16 16:12:18.754', '2019-08-16 16:12:18.754', 0, '中建一局土木工程有限公司', 65, '孙华勇', '复核通过', 64, '只是试试而已', NULL);
INSERT INTO `CHAIN_TRADE_RECODE` VALUES (243, 0, '2019-08-16 16:12:48.967', '2019-08-16 16:12:48.967', 0, '中国建设银行股份有限公司', 38, '测试管理员', '打回修改', 64, '只是试试而已', NULL);
INSERT INTO `CHAIN_TRADE_RECODE` VALUES (244, 0, '2019-08-16 16:33:18.672', '2019-08-16 16:33:18.672', 0, '中国建设银行股份有限公司', 34, '测试管理员', '创建', 95, 'test', NULL);
INSERT INTO `CHAIN_TRADE_RECODE` VALUES (245, 0, '2019-08-16 16:33:24.179', '2019-08-16 16:33:24.179', 0, '中国建设银行股份有限公司', 34, '测试管理员', '创建', 96, 'test', NULL);
INSERT INTO `CHAIN_TRADE_RECODE` VALUES (246, 0, '2019-08-16 16:33:48.641', '2019-08-16 16:33:48.641', 0, '中国建设银行股份有限公司', 34, '测试管理员', '复核通过', 96, '通过', NULL);
INSERT INTO `CHAIN_TRADE_RECODE` VALUES (247, 0, '2019-08-16 16:33:58.826', '2019-08-16 16:33:58.826', 0, '中国建设银行股份有限公司', 34, '测试管理员', '复核通过', 95, '通过', NULL);
INSERT INTO `CHAIN_TRADE_RECODE` VALUES (248, 0, '2019-08-16 16:34:25.856', '2019-08-16 16:34:25.856', 0, '安徽万格维商贸有限公司', 28, '万格管理员', '签收通过', 96, '通过', NULL);
INSERT INTO `CHAIN_TRADE_RECODE` VALUES (249, 0, '2019-08-16 16:34:43.951', '2019-08-16 16:34:43.951', 0, '中国建设银行股份有限公司', 34, '测试管理员', '创建', 97, 'test', NULL);
INSERT INTO `CHAIN_TRADE_RECODE` VALUES (250, 0, '2019-08-16 16:34:44.994', '2019-08-16 16:34:44.994', 0, '中国建设银行股份有限公司', 34, '测试管理员', '创建', 98, 'test', NULL);
INSERT INTO `CHAIN_TRADE_RECODE` VALUES (251, 0, '2019-08-16 16:34:46.289', '2019-08-16 16:34:46.289', 0, '中国建设银行股份有限公司', 34, '测试管理员', '创建', 99, 'test', NULL);
INSERT INTO `CHAIN_TRADE_RECODE` VALUES (252, 0, '2019-08-16 16:35:40.640', '2019-08-16 16:35:40.640', 0, '安徽万格维商贸有限公司', 28, '万格管理员', '修改', 100, '', NULL);
INSERT INTO `CHAIN_TRADE_RECODE` VALUES (253, 0, '2019-08-16 16:37:51.177', '2019-08-16 16:37:51.177', 0, '安徽万格维商贸有限公司', 28, '万格管理员', '修改', 101, '', NULL);
INSERT INTO `CHAIN_TRADE_RECODE` VALUES (254, 0, '2019-08-16 16:38:27.851', '2019-08-16 16:38:27.851', 0, '安徽万格维商贸有限公司', 28, '万格管理员', '修改', 102, '', NULL);
INSERT INTO `CHAIN_TRADE_RECODE` VALUES (255, 0, '2019-08-16 16:52:35.832', '2019-08-16 16:52:35.832', 0, '中国建设银行股份有限公司', 34, '测试管理员', '创建', 103, NULL, NULL);
INSERT INTO `CHAIN_TRADE_RECODE` VALUES (256, 0, '2019-08-16 16:55:36.987', '2019-08-16 16:55:36.987', 0, '中国建设银行股份有限公司', 34, '测试管理员', '创建', 104, NULL, NULL);
INSERT INTO `CHAIN_TRADE_RECODE` VALUES (257, 0, '2019-08-16 17:14:37.533', '2019-08-16 17:14:37.533', 0, '中建一局土木工程有限公司', 65, '孙华勇', '打回修改', 64, '只是试试而已', NULL);
INSERT INTO `CHAIN_TRADE_RECODE` VALUES (258, 0, '2019-08-16 17:14:53.286', '2019-08-16 17:14:53.286', 0, '中建一局土木工程有限公司', 65, '孙华勇', '打回修改', 64, '只是试试而已', NULL);
INSERT INTO `CHAIN_TRADE_RECODE` VALUES (259, 0, '2019-08-16 17:16:08.010', '2019-08-16 17:16:08.010', 0, '中建一局土木工程有限公司', 65, '孙华勇', '打回修改', 64, '只是试试而已', NULL);
INSERT INTO `CHAIN_TRADE_RECODE` VALUES (260, 0, '2019-08-16 17:17:33.820', '2019-08-16 17:17:33.820', 0, '中建一局土木工程有限公司', 65, '孙华勇', '打回修改', 64, '只是试试而已', NULL);
INSERT INTO `CHAIN_TRADE_RECODE` VALUES (261, 0, '2019-08-16 17:19:06.083', '2019-08-16 17:19:06.083', 0, '中建一局土木工程有限公司', 65, '孙华勇', '打回修改', 64, '只是试试而已', NULL);
INSERT INTO `CHAIN_TRADE_RECODE` VALUES (262, 0, '2019-08-16 17:21:56.147', '2019-08-16 17:21:56.147', 0, '中建一局土木工程有限公司', 65, '孙华勇', '复核通过', 64, '只是试试而已', NULL);
INSERT INTO `CHAIN_TRADE_RECODE` VALUES (263, 0, '2019-08-16 17:22:20.630', '2019-08-16 17:22:20.630', 0, '中国建设银行股份有限公司', 38, '测试管理员', '保理商审核通过', 64, '只是试试而已', NULL);
INSERT INTO `CHAIN_TRADE_RECODE` VALUES (264, 0, '2019-08-16 17:22:29.876', '2019-08-16 17:22:29.876', 0, '福建小米科技有限公司', 24, '客户管理员', '保理商审核通过', 64, '只是试试而已', NULL);
INSERT INTO `CHAIN_TRADE_RECODE` VALUES (265, 0, '2019-08-16 17:22:31.736', '2019-08-16 17:22:31.736', 0, '福建小米科技有限公司', 24, '客户管理员', '资金方审核通过', 64, '只是试试而已', NULL);
INSERT INTO `CHAIN_TRADE_RECODE` VALUES (266, 0, '2019-08-16 17:22:56.036', '2019-08-16 17:22:56.036', 0, '中国建设银行股份有限公司', 38, '测试管理员', '保理商设置放款日', 64, '只是试试而已', NULL);
INSERT INTO `CHAIN_TRADE_RECODE` VALUES (267, 0, '2019-08-16 17:23:05.288', '2019-08-16 17:23:05.288', 0, '福建小米科技有限公司', 24, '客户管理员', '资金方审核放款日', 64, '只是试试而已', NULL);
INSERT INTO `CHAIN_TRADE_RECODE` VALUES (268, 0, '2019-08-16 17:23:19.291', '2019-08-16 17:23:19.291', 0, '中建一局土木工程有限公司', 65, '孙华勇', '供应商签署合同', 64, '只是试试而已', NULL);
INSERT INTO `CHAIN_TRADE_RECODE` VALUES (269, 0, '2019-08-16 17:23:26.878', '2019-08-16 17:23:26.878', 0, '中国建设银行股份有限公司', 38, '测试管理员', '保理商签署合同', 64, '只是试试而已', NULL);
INSERT INTO `CHAIN_TRADE_RECODE` VALUES (271, 0, '2019-08-16 17:37:22.416', '2019-08-16 17:37:22.416', 0, '中建一局土木工程有限公司', 65, '孙华勇', '复核通过', 100, '只是试试而已', NULL);
INSERT INTO `CHAIN_TRADE_RECODE` VALUES (273, 0, '2019-08-16 17:38:03.986', '2019-08-16 17:38:03.986', 0, '中国建设银行股份有限公司', 38, '测试管理员', '保理商审核通过', 100, '只是试试而已', NULL);
INSERT INTO `CHAIN_TRADE_RECODE` VALUES (274, 0, '2019-08-16 17:38:13.338', '2019-08-16 17:38:13.338', 0, '福建小米科技有限公司', 24, '客户管理员', '保理商审核通过', 100, '只是试试而已', NULL);
INSERT INTO `CHAIN_TRADE_RECODE` VALUES (275, 0, '2019-08-16 17:38:15.618', '2019-08-16 17:38:15.618', 0, '福建小米科技有限公司', 24, '客户管理员', '资金方审核通过', 100, '只是试试而已', NULL);
INSERT INTO `CHAIN_TRADE_RECODE` VALUES (276, 0, '2019-08-16 17:38:29.837', '2019-08-16 17:38:29.837', 0, '中国建设银行股份有限公司', 38, '测试管理员', '保理商设置放款日', 100, '只是试试而已', NULL);
INSERT INTO `CHAIN_TRADE_RECODE` VALUES (277, 0, '2019-08-16 17:38:39.698', '2019-08-16 17:38:39.698', 0, '福建小米科技有限公司', 24, '客户管理员', '资金方审核放款日', 100, '只是试试而已', NULL);
INSERT INTO `CHAIN_TRADE_RECODE` VALUES (282, 0, '2019-08-16 17:59:54.415', '2019-08-16 17:59:54.415', 0, '安徽万格维商贸有限公司', 28, '万格管理员', '创建', 105, NULL, NULL);
INSERT INTO `CHAIN_TRADE_RECODE` VALUES (283, 0, '2019-08-16 18:00:21.276', '2019-08-16 18:00:21.276', 0, '安徽万格维商贸有限公司', 28, '万格管理员', '复核打回修改', 105, 'test', NULL);
INSERT INTO `CHAIN_TRADE_RECODE` VALUES (285, 0, '2019-08-16 18:04:38.913', '2019-08-16 18:04:38.913', 0, '中国建设银行股份有限公司', 34, '测试管理员', '创建', 106, 'test', NULL);
INSERT INTO `CHAIN_TRADE_RECODE` VALUES (286, 0, '2019-08-16 18:05:13.885', '2019-08-16 18:05:13.885', 0, '中国建设银行股份有限公司', 34, '测试管理员', '复核退回修改', 106, '1', NULL);
INSERT INTO `CHAIN_TRADE_RECODE` VALUES (287, 0, '2019-08-16 18:05:25.094', '2019-08-16 18:05:25.094', 0, '中国建设银行股份有限公司', 34, '测试管理员', '修改', 106, 'test', NULL);
INSERT INTO `CHAIN_TRADE_RECODE` VALUES (288, 0, '2019-08-16 18:11:25.074', '2019-08-16 18:11:25.074', 0, '中国建设银行股份有限公司', 34, '测试管理员', '复核退回修改', 106, '测试到期日', NULL);
INSERT INTO `CHAIN_TRADE_RECODE` VALUES (293, 0, '2019-08-16 19:10:23.077', '2019-08-16 19:10:23.077', 0, '安徽万格维商贸有限公司', 28, '万格管理员', '创建', 107, NULL, NULL);
INSERT INTO `CHAIN_TRADE_RECODE` VALUES (294, 0, '2019-08-16 19:10:54.712', '2019-08-16 19:10:54.712', 0, '安徽万格维商贸有限公司', 28, '万格管理员', '复核打回修改', 107, 'test', NULL);
INSERT INTO `CHAIN_TRADE_RECODE` VALUES (295, 0, '2019-08-16 19:11:35.365', '2019-08-16 19:11:35.365', 0, '安徽万格维商贸有限公司', 28, '万格管理员', '修改', 107, 'test', NULL);
INSERT INTO `CHAIN_TRADE_RECODE` VALUES (296, 0, '2019-08-16 19:15:20.641', '2019-08-16 19:15:20.641', 0, '安徽万格维商贸有限公司', 28, '万格管理员', '创建', 108, NULL, NULL);
INSERT INTO `CHAIN_TRADE_RECODE` VALUES (297, 0, '2019-08-16 19:15:32.608', '2019-08-16 19:15:32.608', 0, '安徽万格维商贸有限公司', 28, '万格管理员', '复核打回修改', 108, 'test', NULL);
INSERT INTO `CHAIN_TRADE_RECODE` VALUES (298, 0, '2019-08-16 19:15:59.085', '2019-08-16 19:15:59.085', 0, '安徽万格维商贸有限公司', 28, '万格管理员', '修改', 108, 'test', NULL);
INSERT INTO `CHAIN_TRADE_RECODE` VALUES (299, 0, '2019-08-16 19:19:44.350', '2019-08-16 19:19:44.350', 0, '安徽万格维商贸有限公司', 28, '万格管理员', '创建', 109, NULL, NULL);
INSERT INTO `CHAIN_TRADE_RECODE` VALUES (300, 0, '2019-08-16 19:20:10.086', '2019-08-16 19:20:10.086', 0, '安徽万格维商贸有限公司', 28, '万格管理员', '复核打回修改', 109, 'test', NULL);
INSERT INTO `CHAIN_TRADE_RECODE` VALUES (301, 0, '2019-08-16 19:21:13.208', '2019-08-16 19:21:13.208', 0, '安徽万格维商贸有限公司', 28, '万格管理员', '修改', 109, 'test', NULL);
INSERT INTO `CHAIN_TRADE_RECODE` VALUES (302, 0, '2019-08-16 19:27:50.247', '2019-08-16 19:27:50.247', 0, '安徽万格维商贸有限公司', 28, '万格管理员', '创建', 110, NULL, NULL);
INSERT INTO `CHAIN_TRADE_RECODE` VALUES (303, 0, '2019-08-16 19:28:08.086', '2019-08-16 19:28:08.086', 0, '安徽万格维商贸有限公司', 28, '万格管理员', '复核打回修改', 110, 'test', NULL);
INSERT INTO `CHAIN_TRADE_RECODE` VALUES (304, 0, '2019-08-16 19:28:35.733', '2019-08-16 19:28:35.733', 0, '安徽万格维商贸有限公司', 28, '万格管理员', '修改', 110, 'test', NULL);
INSERT INTO `CHAIN_TRADE_RECODE` VALUES (306, 0, '2019-08-16 19:30:01.998', '2019-08-16 19:30:01.998', 0, '安徽万格维商贸有限公司', 28, '万格管理员', '复核不通过', 110, 'test', NULL);
INSERT INTO `CHAIN_TRADE_RECODE` VALUES (307, 0, '2019-08-16 19:30:37.278', '2019-08-16 19:30:37.278', 0, '安徽万格维商贸有限公司', 28, '万格管理员', '创建', 111, NULL, NULL);
INSERT INTO `CHAIN_TRADE_RECODE` VALUES (308, 0, '2019-08-16 19:31:05.953', '2019-08-16 19:31:05.953', 0, '安徽万格维商贸有限公司', 28, '万格管理员', '复核通过', 111, 'test', NULL);
INSERT INTO `CHAIN_TRADE_RECODE` VALUES (309, 0, '2019-08-16 19:32:17.178', '2019-08-16 19:32:17.178', 0, '中国建设银行股份有限公司', 38, '测试管理员', '保理商审核通过', 111, 'test', NULL);
INSERT INTO `CHAIN_TRADE_RECODE` VALUES (310, 0, '2019-08-16 19:33:16.725', '2019-08-16 19:33:16.725', 0, '安徽万格维商贸有限公司', 28, '万格管理员', '签收不通过', 111, 'test', NULL);
INSERT INTO `CHAIN_TRADE_RECODE` VALUES (311, 0, '2019-08-16 19:33:50.204', '2019-08-16 19:33:50.204', 0, '安徽万格维商贸有限公司', 28, '万格管理员', '再次发送', 111, 'test', NULL);
INSERT INTO `CHAIN_TRADE_RECODE` VALUES (312, 0, '2019-08-16 19:34:15.576', '2019-08-16 19:34:15.576', 0, '安徽万格维商贸有限公司', 28, '万格管理员', '签收通过', 111, 'test', NULL);
INSERT INTO `CHAIN_TRADE_RECODE` VALUES (313, 0, '2019-08-16 19:37:50.965', '2019-08-16 19:37:50.965', 0, '安徽万格维商贸有限公司', 28, '万格管理员', '创建', 112, NULL, NULL);
INSERT INTO `CHAIN_TRADE_RECODE` VALUES (314, 0, '2019-08-16 19:40:25.647', '2019-08-16 19:40:25.647', 0, '安徽万格维商贸有限公司', 28, '万格管理员', '创建', 113, NULL, NULL);
INSERT INTO `CHAIN_TRADE_RECODE` VALUES (315, 0, '2019-08-16 19:41:30.040', '2019-08-16 19:41:30.040', 0, '安徽万格维商贸有限公司', 28, '万格管理员', '复核通过', 113, 'test', NULL);
INSERT INTO `CHAIN_TRADE_RECODE` VALUES (316, 0, '2019-08-16 19:42:21.630', '2019-08-16 19:42:21.630', 0, '中国建设银行股份有限公司', 38, '测试管理员', '保理商审核通过', 113, 'test', NULL);
INSERT INTO `CHAIN_TRADE_RECODE` VALUES (317, 0, '2019-08-19 10:36:11.843', '2019-08-19 10:36:11.843', 0, '中国建设银行股份有限公司', 34, '测试管理员', '创建', 114, 'test', NULL);
INSERT INTO `CHAIN_TRADE_RECODE` VALUES (318, 0, '2019-08-19 10:36:33.284', '2019-08-19 10:36:33.284', 0, '中国建设银行股份有限公司', 34, '测试管理员', '复核退回修改', 114, '1', NULL);
INSERT INTO `CHAIN_TRADE_RECODE` VALUES (319, 0, '2019-08-19 10:45:22.575', '2019-08-19 10:45:22.575', 0, '中国建设银行股份有限公司', 34, '测试管理员', '修改', 114, 'test', NULL);
INSERT INTO `CHAIN_TRADE_RECODE` VALUES (320, 0, '2019-08-19 10:46:14.755', '2019-08-19 10:46:14.755', 0, '中国建设银行股份有限公司', 34, '测试管理员', '复核通过', 114, '1', NULL);
INSERT INTO `CHAIN_TRADE_RECODE` VALUES (321, 0, '2019-08-19 11:39:52.132', '2019-08-19 11:39:52.132', 0, '安徽万格维商贸有限公司', 28, '万格管理员', '创建', 115, NULL, NULL);
INSERT INTO `CHAIN_TRADE_RECODE` VALUES (322, 0, '2019-08-19 11:53:01.111', '2019-08-19 11:53:01.111', 0, '中建一局土木工程有限公司', 65, '孙华勇', '复核通过', 101, '只是试试而已', NULL);
INSERT INTO `CHAIN_TRADE_RECODE` VALUES (323, 0, '2019-08-19 11:54:34.717', '2019-08-19 11:54:34.717', 0, '中建一局土木工程有限公司', 65, '孙华勇', '复核通过', 101, '只是试试而已', NULL);
INSERT INTO `CHAIN_TRADE_RECODE` VALUES (324, 0, '2019-08-19 13:57:00.401', '2019-08-19 13:57:00.401', 0, '安徽万格维商贸有限公司', 28, '万格管理员', '创建', 116, NULL, NULL);
INSERT INTO `CHAIN_TRADE_RECODE` VALUES (325, 0, '2019-08-19 14:01:27.214', '2019-08-19 14:01:27.214', 0, '安徽万格维商贸有限公司', 28, '万格管理员', '修改', 117, '', NULL);
INSERT INTO `CHAIN_TRADE_RECODE` VALUES (326, 0, '2019-08-19 14:15:45.087', '2019-08-19 14:15:45.087', 0, '安徽万格维商贸有限公司', 28, '万格管理员', '创建', 118, NULL, NULL);
INSERT INTO `CHAIN_TRADE_RECODE` VALUES (327, 0, '2019-08-19 14:19:34.667', '2019-08-19 14:19:34.667', 0, '安徽万格维商贸有限公司', 28, '万格管理员', '复核通过', 115, 'test', NULL);
INSERT INTO `CHAIN_TRADE_RECODE` VALUES (328, 0, '2019-08-19 14:20:08.442', '2019-08-19 14:20:08.442', 0, '中国建设银行股份有限公司', 38, '测试管理员', '保理商审核通过', 115, 'test', NULL);
INSERT INTO `CHAIN_TRADE_RECODE` VALUES (329, 0, '2019-08-19 14:34:04.330', '2019-08-19 14:34:04.330', 0, '中建一局土木工程有限公司', 65, '孙华勇', '复核通过', 101, '只是试试而已', NULL);
INSERT INTO `CHAIN_TRADE_RECODE` VALUES (330, 0, '2019-08-19 14:45:47.252', '2019-08-19 14:45:47.252', 0, '安徽万格维商贸有限公司', 28, '万格管理员', '创建', 119, NULL, NULL);
INSERT INTO `CHAIN_TRADE_RECODE` VALUES (331, 0, '2019-08-19 14:49:22.877', '2019-08-19 14:49:22.877', 0, '安徽万格维商贸有限公司', 28, '万格管理员', '复核通过', 115, 'test', NULL);
INSERT INTO `CHAIN_TRADE_RECODE` VALUES (332, 0, '2019-08-19 14:49:34.483', '2019-08-19 14:49:34.483', 0, '中国建设银行股份有限公司', 38, '测试管理员', '保理商审核通过', 115, 'test', NULL);
INSERT INTO `CHAIN_TRADE_RECODE` VALUES (333, 0, '2019-08-19 15:41:47.288', '2019-08-19 15:41:47.288', 0, '中国建设银行股份有限公司', 34, '测试管理员', '创建', 120, 'asdfsdf', NULL);
INSERT INTO `CHAIN_TRADE_RECODE` VALUES (334, 0, '2019-08-19 16:02:48.150', '2019-08-19 16:02:48.150', 0, '中国建设银行股份有限公司', 34, '测试管理员', '复核通过', 120, 'asdfsdafsdf', NULL);
INSERT INTO `CHAIN_TRADE_RECODE` VALUES (335, 0, '2019-08-19 16:06:02.063', '2019-08-19 16:06:02.063', 0, '安徽万格维商贸有限公司', 28, '万格管理员', '签收通过', 114, '通过', NULL);
INSERT INTO `CHAIN_TRADE_RECODE` VALUES (336, 0, '2019-08-19 16:06:59.707', '2019-08-19 16:06:59.707', 0, '安徽万格维商贸有限公司', 28, '万格管理员', '签收通过', 95, '通过', NULL);
INSERT INTO `CHAIN_TRADE_RECODE` VALUES (337, 0, '2019-08-19 16:07:31.907', '2019-08-19 16:07:31.907', 0, '安徽万格维商贸有限公司', 28, '万格管理员', '签收不通过', 95, '通过', NULL);
INSERT INTO `CHAIN_TRADE_RECODE` VALUES (338, 0, '2019-08-19 16:09:53.404', '2019-08-19 16:09:53.404', 0, '安徽万格维商贸有限公司', 28, '万格管理员', '创建', 121, NULL, NULL);
INSERT INTO `CHAIN_TRADE_RECODE` VALUES (339, 0, '2019-08-19 16:10:32.099', '2019-08-19 16:10:32.099', 0, '中国建设银行股份有限公司', 34, '测试管理员', '复核通过', 104, '通过', NULL);
INSERT INTO `CHAIN_TRADE_RECODE` VALUES (340, 0, '2019-08-19 16:17:07.602', '2019-08-19 16:17:07.602', 0, '中国建设银行股份有限公司', 34, '测试管理员', '复核退回修改', 103, '1', NULL);
INSERT INTO `CHAIN_TRADE_RECODE` VALUES (341, 0, '2019-08-19 16:18:47.093', '2019-08-19 16:18:47.093', 0, '安徽万格维商贸有限公司', 28, '万格管理员', '签收通过', 90, '１', NULL);
INSERT INTO `CHAIN_TRADE_RECODE` VALUES (342, 0, '2019-08-19 16:19:25.874', '2019-08-19 16:19:25.874', 0, '中国建设银行股份有限公司', 34, '测试管理员', '复核不通过', 103, '1', NULL);
INSERT INTO `CHAIN_TRADE_RECODE` VALUES (343, 0, '2019-08-19 16:20:14.538', '2019-08-19 16:20:14.538', 0, '中国建设银行股份有限公司', 34, '测试管理员', '复核退回修改', 99, '', NULL);
INSERT INTO `CHAIN_TRADE_RECODE` VALUES (344, 0, '2019-08-19 16:20:31.642', '2019-08-19 16:20:31.642', 0, '中国建设银行股份有限公司', 34, '测试管理员', '复核不通过', 99, '', NULL);
INSERT INTO `CHAIN_TRADE_RECODE` VALUES (345, 0, '2019-08-19 16:22:22.459', '2019-08-19 16:22:22.459', 0, '安徽万格维商贸有限公司', 28, '万格管理员', '签收通过', 90, '１', NULL);
INSERT INTO `CHAIN_TRADE_RECODE` VALUES (346, 0, '2019-08-19 16:23:16.768', '2019-08-19 16:23:16.768', 0, '中国建设银行股份有限公司', 34, '测试管理员', '复核退回修改', 98, '', NULL);
INSERT INTO `CHAIN_TRADE_RECODE` VALUES (347, 0, '2019-08-19 16:23:19.747', '2019-08-19 16:23:19.747', 0, '中国建设银行股份有限公司', 34, '测试管理员', '创建', 122, 'test', NULL);
INSERT INTO `CHAIN_TRADE_RECODE` VALUES (348, 0, '2019-08-19 16:23:59.670', '2019-08-19 16:23:59.670', 0, '中国建设银行股份有限公司', 34, '测试管理员', '复核不通过', 98, '', NULL);
INSERT INTO `CHAIN_TRADE_RECODE` VALUES (349, 0, '2019-08-19 16:24:17.480', '2019-08-19 16:24:17.480', 0, '中国建设银行股份有限公司', 34, '测试管理员', '复核退回修改', 97, '', NULL);
INSERT INTO `CHAIN_TRADE_RECODE` VALUES (350, 0, '2019-08-19 16:25:02.386', '2019-08-19 16:25:02.386', 0, '中国建设银行股份有限公司', 34, '测试管理员', '复核通过', 122, '', NULL);
INSERT INTO `CHAIN_TRADE_RECODE` VALUES (351, 0, '2019-08-19 16:25:49.566', '2019-08-19 16:25:49.566', 0, '中国银行股份有限公司', 33, '测试管理员', '签收通过', 120, 'asdfsdf', NULL);
INSERT INTO `CHAIN_TRADE_RECODE` VALUES (352, 0, '2019-08-19 16:25:53.333', '2019-08-19 16:25:53.333', 0, '中国银行股份有限公司', 33, '测试管理员', '签收通过', 120, 'asdfsdf', NULL);
INSERT INTO `CHAIN_TRADE_RECODE` VALUES (353, 0, '2019-08-19 16:27:07.984', '2019-08-19 16:27:07.984', 0, '中国建设银行股份有限公司', 34, '测试管理员', '撤回', 97, '', NULL);
INSERT INTO `CHAIN_TRADE_RECODE` VALUES (354, 0, '2019-08-19 16:27:33.273', '2019-08-19 16:27:33.273', 0, '安徽万格维商贸有限公司', 28, '万格管理员', '签收通过', 122, 'test', NULL);
INSERT INTO `CHAIN_TRADE_RECODE` VALUES (356, 0, '2019-08-19 16:31:01.963', '2019-08-19 16:31:01.963', 0, '中国建设银行股份有限公司', 34, '测试管理员', '创建', 124, 'test', NULL);
INSERT INTO `CHAIN_TRADE_RECODE` VALUES (357, 0, '2019-08-19 16:31:18.361', '2019-08-19 16:31:18.361', 0, '中国建设银行股份有限公司', 34, '测试管理员', '复核退回修改', 124, '通过', NULL);
INSERT INTO `CHAIN_TRADE_RECODE` VALUES (358, 0, '2019-08-19 16:31:38.935', '2019-08-19 16:31:38.935', 0, '中国建设银行股份有限公司', 34, '测试管理员', '撤回', 124, '', NULL);
INSERT INTO `CHAIN_TRADE_RECODE` VALUES (359, 0, '2019-08-19 16:32:10.170', '2019-08-19 16:32:10.170', 0, '中国建设银行股份有限公司', 34, '测试管理员', '创建', 125, 'test', NULL);
INSERT INTO `CHAIN_TRADE_RECODE` VALUES (360, 0, '2019-08-19 16:37:50.489', '2019-08-19 16:37:50.489', 0, '中国银行股份有限公司', 33, '测试管理员', '创建', 126, NULL, NULL);
INSERT INTO `CHAIN_TRADE_RECODE` VALUES (361, 0, '2019-08-19 16:46:50.538', '2019-08-19 16:46:50.538', 0, '安徽万格维商贸有限公司', 28, '万格管理员', '复核打回修改', 121, '1', NULL);
INSERT INTO `CHAIN_TRADE_RECODE` VALUES (362, 0, '2019-08-19 16:47:12.238', '2019-08-19 16:47:12.238', 0, '安徽万格维商贸有限公司', 28, '万格管理员', '再次发送', 115, 'test', NULL);
INSERT INTO `CHAIN_TRADE_RECODE` VALUES (363, 0, '2019-08-19 16:52:26.460', '2019-08-19 16:52:26.460', 0, '安徽万格维商贸有限公司', 28, '万格管理员', '创建', 127, NULL, NULL);
INSERT INTO `CHAIN_TRADE_RECODE` VALUES (364, 0, '2019-08-19 16:53:14.754', '2019-08-19 16:53:14.754', 0, '安徽万格维商贸有限公司', 28, '万格管理员', '复核打回修改', 119, '1', NULL);
INSERT INTO `CHAIN_TRADE_RECODE` VALUES (365, 0, '2019-08-19 16:54:25.955', '2019-08-19 16:54:25.955', 0, '中国建设银行股份有限公司', 34, '测试管理员', '创建', 128, 'test', NULL);
INSERT INTO `CHAIN_TRADE_RECODE` VALUES (366, 0, '2019-08-19 16:54:44.366', '2019-08-19 16:54:44.366', 0, '中国建设银行股份有限公司', 34, '测试管理员', '复核通过', 128, '1', NULL);
INSERT INTO `CHAIN_TRADE_RECODE` VALUES (367, 0, '2019-08-19 16:57:12.941', '2019-08-19 16:57:12.941', 0, '安徽万格维商贸有限公司', 28, '万格管理员', '签收通过', 128, '通过', NULL);
INSERT INTO `CHAIN_TRADE_RECODE` VALUES (368, 0, '2019-08-19 16:58:37.876', '2019-08-19 16:58:37.876', 0, '安徽万格维商贸有限公司', 28, '万格管理员', '创建', 129, NULL, NULL);
INSERT INTO `CHAIN_TRADE_RECODE` VALUES (369, 0, '2019-08-19 17:03:18.266', '2019-08-19 17:03:18.266', 0, '安徽万格维商贸有限公司', 28, '万格管理员', '修改', 130, '', NULL);
INSERT INTO `CHAIN_TRADE_RECODE` VALUES (370, 0, '2019-08-19 17:10:53.032', '2019-08-19 17:10:53.032', 0, '中国建设银行股份有限公司', 34, '测试管理员', '创建', 131, 'test', NULL);
INSERT INTO `CHAIN_TRADE_RECODE` VALUES (371, 0, '2019-08-19 17:14:32.425', '2019-08-19 17:14:32.425', 0, '安徽万格维商贸有限公司', 28, '万格管理员', '打回修改', 130, '1', NULL);
INSERT INTO `CHAIN_TRADE_RECODE` VALUES (372, 0, '2019-08-19 17:15:26.596', '2019-08-19 17:15:26.596', 0, '中国建设银行股份有限公司', 34, '测试管理员', '复核通过', 131, '', NULL);
INSERT INTO `CHAIN_TRADE_RECODE` VALUES (373, 0, '2019-08-19 17:15:45.488', '2019-08-19 17:15:45.488', 0, '安徽万格维商贸有限公司', 28, '万格管理员', '签收通过', 131, '1', NULL);
INSERT INTO `CHAIN_TRADE_RECODE` VALUES (374, 0, '2019-08-19 18:03:09.399', '2019-08-19 18:03:09.399', 0, '中建一局土木工程有限公司', 65, '孙华勇', '复核通过', 101, '只是试试而已', NULL);
INSERT INTO `CHAIN_TRADE_RECODE` VALUES (375, 0, '2019-08-19 18:09:59.546', '2019-08-19 18:09:59.546', 0, '中国建设银行股份有限公司', 38, '测试管理员', '保理商审核通过', 101, '只是试试而已', NULL);
INSERT INTO `CHAIN_TRADE_RECODE` VALUES (376, 0, '2019-08-19 18:11:19.293', '2019-08-19 18:11:19.293', 0, '安徽万格维商贸有限公司', 28, '万格管理员', '复核打回修改', 129, '1', NULL);
INSERT INTO `CHAIN_TRADE_RECODE` VALUES (377, 0, '2019-08-19 18:16:15.977', '2019-08-19 18:16:15.977', 0, '安徽万格维商贸有限公司', 28, '万格管理员', '创建', 132, NULL, NULL);
INSERT INTO `CHAIN_TRADE_RECODE` VALUES (378, 0, '2019-08-19 18:24:54.929', '2019-08-19 18:24:54.929', 0, '中国建设银行股份有限公司', 34, '测试管理员', '复核退回修改', 125, 'test', NULL);
INSERT INTO `CHAIN_TRADE_RECODE` VALUES (379, 0, '2019-08-19 18:25:07.994', '2019-08-19 18:25:07.994', 0, '中国建设银行股份有限公司', 34, '测试管理员', '修改', 125, 'test', NULL);
INSERT INTO `CHAIN_TRADE_RECODE` VALUES (380, 0, '2019-08-19 18:25:21.427', '2019-08-19 18:25:21.427', 0, '中国建设银行股份有限公司', 34, '测试管理员', '复核退回修改', 125, 'test', NULL);
INSERT INTO `CHAIN_TRADE_RECODE` VALUES (381, 0, '2019-08-19 18:49:15.600', '2019-08-19 18:49:15.600', 0, '安徽万格维商贸有限公司', 28, '万格管理员', '创建', 133, NULL, NULL);
INSERT INTO `CHAIN_TRADE_RECODE` VALUES (382, 0, '2019-08-19 18:50:07.105', '2019-08-19 18:50:07.105', 0, '安徽万格维商贸有限公司', 28, '万格管理员', '复核通过', 133, 'test', NULL);
INSERT INTO `CHAIN_TRADE_RECODE` VALUES (383, 0, '2019-08-19 18:50:35.757', '2019-08-19 18:50:35.757', 0, '中国建设银行股份有限公司', 38, '测试管理员', '保理商审核通过', 133, 'test', NULL);
INSERT INTO `CHAIN_TRADE_RECODE` VALUES (384, 0, '2019-08-19 18:51:28.959', '2019-08-19 18:51:28.959', 0, '安徽万格维商贸有限公司', 28, '万格管理员', '创建', 134, NULL, NULL);
INSERT INTO `CHAIN_TRADE_RECODE` VALUES (385, 0, '2019-08-19 18:51:38.448', '2019-08-19 18:51:38.448', 0, '安徽万格维商贸有限公司', 28, '万格管理员', '复核打回修改', 134, '通过', NULL);
INSERT INTO `CHAIN_TRADE_RECODE` VALUES (386, 0, '2019-08-20 09:26:02.483', '2019-08-20 09:26:02.483', 0, '中国建设银行股份有限公司', 34, '测试管理员', '创建', 135, 'test', NULL);
INSERT INTO `CHAIN_TRADE_RECODE` VALUES (387, 0, '2019-08-20 09:26:40.418', '2019-08-20 09:26:40.418', 0, '中国建设银行股份有限公司', 34, '测试管理员', '复核通过', 135, 'test', NULL);
INSERT INTO `CHAIN_TRADE_RECODE` VALUES (388, 0, '2019-08-20 10:26:57.495', '2019-08-20 10:26:57.495', 0, '广州智融云科技有限公司', 1, 'admin', '创建', 136, 'asdfasdf', NULL);
INSERT INTO `CHAIN_TRADE_RECODE` VALUES (389, 0, '2019-08-20 10:29:25.830', '2019-08-20 10:29:25.830', 0, '中国建设银行股份有限公司', 34, '测试管理员', '创建', 137, 'asdfsdf', NULL);
INSERT INTO `CHAIN_TRADE_RECODE` VALUES (390, 0, '2019-08-20 10:29:37.305', '2019-08-20 10:29:37.305', 0, '中国建设银行股份有限公司', 34, '测试管理员', '复核通过', 137, '123', NULL);
INSERT INTO `CHAIN_TRADE_RECODE` VALUES (391, 0, '2019-08-20 10:30:00.269', '2019-08-20 10:30:00.269', 0, '中国银行股份有限公司', 33, '测试管理员', '签收通过', 137, 'asdf', NULL);
INSERT INTO `CHAIN_TRADE_RECODE` VALUES (392, 0, '2019-08-20 11:58:33.118', '2019-08-20 11:58:33.118', 0, '中国建设银行股份有限公司', 34, '测试管理员', '创建', 140, 'sdfsdf', NULL);
INSERT INTO `CHAIN_TRADE_RECODE` VALUES (393, 0, '2019-08-20 14:21:54.196', '2019-08-20 14:21:54.196', 0, '中国建设银行股份有限公司', 34, '测试管理员', '创建', 141, NULL, NULL);
INSERT INTO `CHAIN_TRADE_RECODE` VALUES (394, 0, '2019-08-20 14:22:09.599', '2019-08-20 14:22:09.599', 0, '中国建设银行股份有限公司', 34, '测试管理员', '复核通过', 141, '', NULL);
INSERT INTO `CHAIN_TRADE_RECODE` VALUES (395, 0, '2019-08-20 15:08:54.624', '2019-08-20 15:08:54.624', 0, '中建一局土木工程有限公司', 65, '孙华勇', '供应商签署合同', 100, '只是试试而已', NULL);
INSERT INTO `CHAIN_TRADE_RECODE` VALUES (396, 0, '2019-08-20 15:13:22.633', '2019-08-20 15:13:22.633', 0, '安徽万格维商贸有限公司', 28, '万格管理员', '签收不通过', 135, '１', NULL);
INSERT INTO `CHAIN_TRADE_RECODE` VALUES (397, 0, '2019-08-20 15:13:49.947', '2019-08-20 15:13:49.947', 0, '中国建设银行股份有限公司', 34, '测试管理员', '再次发送', 135, '', NULL);
INSERT INTO `CHAIN_TRADE_RECODE` VALUES (398, 0, '2019-08-20 15:17:23.997', '2019-08-20 15:17:23.998', 0, '中建一局土木工程有限公司', 65, '孙华勇', '复核通过', 64, '只是试试而已', NULL);
INSERT INTO `CHAIN_TRADE_RECODE` VALUES (399, 0, '2019-08-20 15:18:01.658', '2019-08-20 15:18:01.658', 0, '中国建设银行股份有限公司', 38, '测试管理员', '保理商审核通过', 64, '只是试试而已', NULL);
INSERT INTO `CHAIN_TRADE_RECODE` VALUES (400, 0, '2019-08-20 15:18:16.155', '2019-08-20 15:18:16.155', 0, '福建小米科技有限公司', 24, '客户管理员', '保理商审核通过', 64, '只是试试而已', NULL);
INSERT INTO `CHAIN_TRADE_RECODE` VALUES (401, 0, '2019-08-20 15:23:41.616', '2019-08-20 15:23:41.616', 0, '中建一局土木工程有限公司', 65, '孙华勇', '复核通过', 64, '只是试试而已', NULL);
INSERT INTO `CHAIN_TRADE_RECODE` VALUES (402, 0, '2019-08-20 15:24:07.627', '2019-08-20 15:24:07.627', 0, '中国建设银行股份有限公司', 38, '测试管理员', '保理商审核通过', 64, '只是试试而已', NULL);
INSERT INTO `CHAIN_TRADE_RECODE` VALUES (403, 0, '2019-08-20 15:24:20.634', '2019-08-20 15:24:20.634', 0, '福建小米科技有限公司', 24, '客户管理员', '保理商审核通过', 64, '只是试试而已', NULL);
INSERT INTO `CHAIN_TRADE_RECODE` VALUES (404, 0, '2019-08-20 15:24:23.511', '2019-08-20 15:24:23.511', 0, '福建小米科技有限公司', 24, '客户管理员', '资金方审核通过', 64, '只是试试而已', NULL);
INSERT INTO `CHAIN_TRADE_RECODE` VALUES (405, 0, '2019-08-20 15:24:52.524', '2019-08-20 15:24:52.524', 0, '中国建设银行股份有限公司', 38, '测试管理员', '保理商设置放款日', 64, '只是试试而已', NULL);
INSERT INTO `CHAIN_TRADE_RECODE` VALUES (406, 0, '2019-08-20 15:25:20.203', '2019-08-20 15:25:20.203', 0, '福建小米科技有限公司', 24, '客户管理员', '资金方审核放款日', 64, '只是试试而已', NULL);
INSERT INTO `CHAIN_TRADE_RECODE` VALUES (407, 0, '2019-08-20 15:25:48.525', '2019-08-20 15:25:48.525', 0, '中建一局土木工程有限公司', 65, '孙华勇', '供应商签署合同', 64, '只是试试而已', NULL);
INSERT INTO `CHAIN_TRADE_RECODE` VALUES (408, 0, '2019-08-20 15:29:54.482', '2019-08-20 15:29:54.482', 0, '中国建设银行股份有限公司', 34, '测试管理员', '创建', 143, 'test', NULL);
INSERT INTO `CHAIN_TRADE_RECODE` VALUES (409, 0, '2019-08-20 15:30:36.485', '2019-08-20 15:30:36.485', 0, '中国建设银行股份有限公司', 34, '测试管理员', '创建', 144, NULL, NULL);
INSERT INTO `CHAIN_TRADE_RECODE` VALUES (410, 0, '2019-08-20 15:30:48.124', '2019-08-20 15:30:48.124', 0, '中国建设银行股份有限公司', 34, '测试管理员', '复核退回修改', 144, '', NULL);
INSERT INTO `CHAIN_TRADE_RECODE` VALUES (411, 0, '2019-08-20 15:31:04.482', '2019-08-20 15:31:04.482', 0, '中建一局土木工程有限公司', 65, '孙华勇', '复核通过', 64, '只是试试而已', NULL);
INSERT INTO `CHAIN_TRADE_RECODE` VALUES (412, 0, '2019-08-20 15:31:14.345', '2019-08-20 15:31:14.345', 0, '中国建设银行股份有限公司', 38, '测试管理员', '保理商审核通过', 64, '只是试试而已', NULL);
INSERT INTO `CHAIN_TRADE_RECODE` VALUES (413, 0, '2019-08-20 15:31:21.445', '2019-08-20 15:31:21.445', 0, '福建小米科技有限公司', 24, '客户管理员', '保理商审核通过', 64, '只是试试而已', NULL);
INSERT INTO `CHAIN_TRADE_RECODE` VALUES (414, 0, '2019-08-20 15:31:23.311', '2019-08-20 15:31:23.311', 0, '福建小米科技有限公司', 24, '客户管理员', '资金方审核通过', 64, '只是试试而已', NULL);
INSERT INTO `CHAIN_TRADE_RECODE` VALUES (415, 0, '2019-08-20 15:31:31.480', '2019-08-20 15:31:31.480', 0, '中国建设银行股份有限公司', 38, '测试管理员', '保理商设置放款日', 64, '只是试试而已', NULL);
INSERT INTO `CHAIN_TRADE_RECODE` VALUES (416, 0, '2019-08-20 15:31:39.983', '2019-08-20 15:31:39.983', 0, '福建小米科技有限公司', 24, '客户管理员', '资金方审核放款日', 64, '只是试试而已', NULL);
INSERT INTO `CHAIN_TRADE_RECODE` VALUES (417, 0, '2019-08-20 15:31:54.284', '2019-08-20 15:31:54.284', 0, '中建一局土木工程有限公司', 65, '孙华勇', '不通过', 64, '只是试试而已', NULL);
INSERT INTO `CHAIN_TRADE_RECODE` VALUES (418, 0, '2019-08-20 15:33:33.259', '2019-08-20 15:33:33.259', 0, '中国建设银行股份有限公司', 34, '测试管理员', '复核退回修改', 143, '', NULL);
INSERT INTO `CHAIN_TRADE_RECODE` VALUES (419, 0, '2019-08-20 15:36:32.911', '2019-08-20 15:36:32.911', 0, '中建一局土木工程有限公司', 65, '孙华勇', '复核通过', 64, '只是试试而已', NULL);
INSERT INTO `CHAIN_TRADE_RECODE` VALUES (420, 0, '2019-08-20 15:36:54.748', '2019-08-20 15:36:54.748', 0, '中国建设银行股份有限公司', 38, '测试管理员', '打回修改', 64, '只是试试而已', NULL);
INSERT INTO `CHAIN_TRADE_RECODE` VALUES (421, 0, '2019-08-20 16:05:24.473', '2019-08-20 16:05:24.473', 0, '中国建设银行股份有限公司', 34, '测试管理员', '修改', 144, NULL, NULL);
INSERT INTO `CHAIN_TRADE_RECODE` VALUES (422, 0, '2019-08-20 16:05:35.626', '2019-08-20 16:05:35.626', 0, '中建一局土木工程有限公司', 65, '孙华勇', '创建', 64, '', NULL);
INSERT INTO `CHAIN_TRADE_RECODE` VALUES (423, 0, '2019-08-20 16:05:38.425', '2019-08-20 16:05:38.425', 0, '中建一局土木工程有限公司', 65, '孙华勇', '复核通过', 64, '只是试试而已', NULL);
INSERT INTO `CHAIN_TRADE_RECODE` VALUES (424, 0, '2019-08-20 16:06:01.383', '2019-08-20 16:06:01.383', 0, '中国建设银行股份有限公司', 38, '测试管理员', '打回修改', 64, '只是试试而已', NULL);
INSERT INTO `CHAIN_TRADE_RECODE` VALUES (425, 0, '2019-08-20 16:06:04.703', '2019-08-20 16:06:04.703', 0, '中国建设银行股份有限公司', 34, '测试管理员', '修改', 143, 'test', NULL);
INSERT INTO `CHAIN_TRADE_RECODE` VALUES (426, 0, '2019-08-20 16:07:02.086', '2019-08-20 16:07:02.086', 0, '中建一局土木工程有限公司', 65, '孙华勇', '修改', 64, '只是试试而已', NULL);
INSERT INTO `CHAIN_TRADE_RECODE` VALUES (427, 0, '2019-08-20 16:07:30.796', '2019-08-20 16:07:30.796', 0, '中建一局土木工程有限公司', 65, '孙华勇', '打回修改', 64, '只是试试而已', NULL);
INSERT INTO `CHAIN_TRADE_RECODE` VALUES (428, 0, '2019-08-20 16:07:41.617', '2019-08-20 16:07:41.617', 0, '中国建设银行股份有限公司', 34, '测试管理员', '修改', 125, '这是一条测试链条', NULL);
INSERT INTO `CHAIN_TRADE_RECODE` VALUES (429, 0, '2019-08-20 16:07:42.762', '2019-08-20 16:07:42.762', 0, '中建一局土木工程有限公司', 65, '孙华勇', '修改', 64, '只是试试而已', NULL);
INSERT INTO `CHAIN_TRADE_RECODE` VALUES (430, 0, '2019-08-20 16:07:54.098', '2019-08-20 16:07:54.098', 0, '中建一局土木工程有限公司', 65, '孙华勇', '复核通过', 64, '只是试试而已', NULL);
INSERT INTO `CHAIN_TRADE_RECODE` VALUES (431, 0, '2019-08-20 16:08:15.199', '2019-08-20 16:08:15.199', 0, '中国建设银行股份有限公司', 38, '测试管理员', '保理商审核通过', 64, '只是试试而已', NULL);
INSERT INTO `CHAIN_TRADE_RECODE` VALUES (432, 0, '2019-08-20 16:08:26.726', '2019-08-20 16:08:26.726', 0, '福建小米科技有限公司', 24, '客户管理员', '保理商审核通过', 64, '只是试试而已', NULL);
INSERT INTO `CHAIN_TRADE_RECODE` VALUES (433, 0, '2019-08-20 16:08:44.464', '2019-08-20 16:08:44.464', 0, '福建小米科技有限公司', 24, '客户管理员', '资金方审核通过', 64, '只是试试而已', NULL);
INSERT INTO `CHAIN_TRADE_RECODE` VALUES (434, 0, '2019-08-20 16:09:03.432', '2019-08-20 16:09:03.432', 0, '中国建设银行股份有限公司', 38, '测试管理员', '保理商设置放款日', 64, '只是试试而已', NULL);
INSERT INTO `CHAIN_TRADE_RECODE` VALUES (435, 0, '2019-08-20 16:09:13.986', '2019-08-20 16:09:13.986', 0, '福建小米科技有限公司', 24, '客户管理员', '资金方审核放款日', 64, '只是试试而已', NULL);
INSERT INTO `CHAIN_TRADE_RECODE` VALUES (436, 0, '2019-08-20 16:09:57.467', '2019-08-20 16:09:57.467', 0, '中建一局土木工程有限公司', 65, '孙华勇', '供应商签署合同', 64, '只是试试而已', NULL);
INSERT INTO `CHAIN_TRADE_RECODE` VALUES (437, 0, '2019-08-20 16:10:26.243', '2019-08-20 16:10:26.243', 0, '中国建设银行股份有限公司', 38, '测试管理员', '保理商签署合同', 64, '只是试试而已', NULL);
INSERT INTO `CHAIN_TRADE_RECODE` VALUES (438, 0, '2019-08-20 16:10:52.505', '2019-08-20 16:10:52.505', 0, '中建一局土木工程有限公司', 65, '孙华勇', '申请开票', 64, '只是试试而已', NULL);
INSERT INTO `CHAIN_TRADE_RECODE` VALUES (439, 0, '2019-08-20 16:13:17.445', '2019-08-20 16:13:17.445', 0, '中国建设银行股份有限公司', 38, '测试管理员', '已开票', 64, '只是试试而已', NULL);
INSERT INTO `CHAIN_TRADE_RECODE` VALUES (440, 0, '2019-08-21 10:16:24.665', '2019-08-21 10:16:24.665', 0, '安徽万格维商贸有限公司', 28, '万格管理员', '撤回', 133, 'test', NULL);
INSERT INTO `CHAIN_TRADE_RECODE` VALUES (441, 0, '2019-08-21 18:43:14.556', '2019-08-21 18:43:14.556', 0, '安徽万格维商贸有限公司', 28, '万格管理员', '修改', 146, '', NULL);
INSERT INTO `CHAIN_TRADE_RECODE` VALUES (442, 0, '2019-08-21 18:45:02.250', '2019-08-21 18:45:02.250', 0, '安徽万格维商贸有限公司', 28, '万格管理员', '修改', 148, '', NULL);
INSERT INTO `CHAIN_TRADE_RECODE` VALUES (443, 0, '2019-08-21 18:46:08.378', '2019-08-21 18:46:08.378', 0, '安徽万格维商贸有限公司', 28, '万格管理员', '修改', 149, '', NULL);
INSERT INTO `CHAIN_TRADE_RECODE` VALUES (444, 0, '2019-08-21 18:49:05.736', '2019-08-21 18:49:05.736', 0, '安徽万格维商贸有限公司', 28, '万格管理员', '修改', 150, '', NULL);
INSERT INTO `CHAIN_TRADE_RECODE` VALUES (445, 0, '2019-08-22 10:06:31.163', '2019-08-22 10:06:31.163', 0, '安徽万格维商贸有限公司', 28, '万格管理员', '复核通过', 132, 'test', NULL);
INSERT INTO `CHAIN_TRADE_RECODE` VALUES (446, 0, '2019-08-22 10:27:40.910', '2019-08-22 10:27:40.910', 0, '安徽万格维商贸有限公司', 28, '万格管理员', '复核通过', 149, '', NULL);
INSERT INTO `CHAIN_TRADE_RECODE` VALUES (447, 0, '2019-08-22 11:58:52.439', '2019-08-22 11:58:52.439', 0, '安徽万格维商贸有限公司', 28, '万格管理员', '修改', 151, '', NULL);
INSERT INTO `CHAIN_TRADE_RECODE` VALUES (448, 0, '2019-08-23 10:06:57.886', '2019-08-23 10:06:57.886', 0, '安徽万格维商贸有限公司', 28, '万格管理员', '复核通过', 150, '', NULL);
INSERT INTO `CHAIN_TRADE_RECODE` VALUES (449, 0, '2019-08-23 10:45:04.223', '2019-08-23 10:45:04.223', 0, '中国建设银行股份有限公司', 38, '测试管理员', '保理商审核通过', 150, '审核融单通过233', NULL);
INSERT INTO `CHAIN_TRADE_RECODE` VALUES (450, 0, '2019-08-23 10:52:38.020', '2019-08-23 10:52:38.020', 0, '中国建设银行股份有限公司', 37, '测试管理员', '保理商审核通过', 150, '审核融单通过233', NULL);
INSERT INTO `CHAIN_TRADE_RECODE` VALUES (451, 0, '2019-08-23 10:53:10.869', '2019-08-23 10:53:10.869', 0, '中国建设银行股份有限公司', 37, '测试管理员', '资金方审核通过', 150, '审核融单通过233', NULL);
INSERT INTO `CHAIN_TRADE_RECODE` VALUES (452, 0, '2019-08-23 10:57:01.816', '2019-08-23 10:57:01.816', 0, '中国建设银行股份有限公司', 38, '测试管理员', '保理商设置放款日', 150, '联电通话中；后客户回电已为客户解释签署的是无追索权保理合同，我司受让的是整笔应收账款，也不会影响其与包钢新业务的付款，如有其他疑问，可邮件整理后发给我，客户表示与其他同事商量以后，如无问题明天寄出；', NULL);
INSERT INTO `CHAIN_TRADE_RECODE` VALUES (453, 0, '2019-08-23 11:09:43.930', '2019-08-23 11:09:43.930', 0, '中国建设银行股份有限公司', 37, '测试管理员', '资金方审核放款日', 150, '联电通话中；后客户回电已为客户解释签署的是无追索权保理合同，我司受让的是整笔应收账款，也不会影响其与包钢新业务的付款，如有其他疑问，可邮件整理后发给我，客户表示与其他同事商量以后，如无问题明天寄出；', NULL);
INSERT INTO `CHAIN_TRADE_RECODE` VALUES (454, 0, '2019-08-23 11:42:59.893', '2019-08-23 11:42:59.893', 0, '安徽万格维商贸有限公司', 28, '万格管理员', '修改', 154, '', NULL);
INSERT INTO `CHAIN_TRADE_RECODE` VALUES (455, 0, '2019-08-23 11:45:00.259', '2019-08-23 11:45:00.259', 0, '安徽万格维商贸有限公司', 28, '万格管理员', '修改', 157, '', NULL);
INSERT INTO `CHAIN_TRADE_RECODE` VALUES (456, 0, '2019-08-23 11:57:31.076', '2019-08-23 11:57:31.076', 0, '安徽万格维商贸有限公司', 28, '万格管理员', '修改', 160, '', NULL);
INSERT INTO `CHAIN_TRADE_RECODE` VALUES (457, 0, '2019-08-23 12:00:27.169', '2019-08-23 12:00:27.169', 0, '安徽万格维商贸有限公司', 28, '万格管理员', '修改', 161, '', NULL);
INSERT INTO `CHAIN_TRADE_RECODE` VALUES (458, 0, '2019-08-23 12:02:48.018', '2019-08-23 12:02:48.018', 0, '安徽万格维商贸有限公司', 28, '万格管理员', '修改', 162, '', NULL);
INSERT INTO `CHAIN_TRADE_RECODE` VALUES (459, 0, '2019-08-23 12:38:39.543', '2019-08-23 12:38:39.543', 0, '安徽万格维商贸有限公司', 28, '万格管理员', '修改', 163, '', NULL);
INSERT INTO `CHAIN_TRADE_RECODE` VALUES (460, 0, '2019-08-23 12:41:43.925', '2019-08-23 12:41:43.925', 0, '安徽万格维商贸有限公司', 28, '万格管理员', '修改', 164, '', NULL);
INSERT INTO `CHAIN_TRADE_RECODE` VALUES (461, 0, '2019-08-23 13:44:09.791', '2019-08-23 13:44:09.791', 0, '安徽万格维商贸有限公司', 28, '万格管理员', '修改', 167, '', NULL);
INSERT INTO `CHAIN_TRADE_RECODE` VALUES (462, 0, '2019-08-23 14:33:31.340', '2019-08-23 14:33:31.340', 0, '安徽万格维商贸有限公司', 28, '万格管理员', '复核通过', 167, '', NULL);
INSERT INTO `CHAIN_TRADE_RECODE` VALUES (463, 0, '2019-08-23 14:33:38.941', '2019-08-23 14:33:38.941', 0, '安徽万格维商贸有限公司', 28, '万格管理员', '复核通过', 164, '联电通话中；后客户回电已为客户解释签署的是无追索权保理合同，我司受让的是整笔应收账款，也不会影响其与包钢新业务的付款，如有其他疑问，可邮件整理后发给我，客户表示与其他同事商量以后，如无问题明天寄出；', NULL);
INSERT INTO `CHAIN_TRADE_RECODE` VALUES (464, 0, '2019-08-23 14:35:04.935', '2019-08-23 14:35:04.935', 0, '中国建设银行股份有限公司', 38, '测试管理员', '保理商审核通过', 164, '联电通话中；后客户回电已为客户解释签署的是无追索权保理合同，我司受让的是整笔应收账款，也不会影响其与包钢新业务的付款，如有其他疑问，可邮件整理后发给我，客户表示与其他同事商量以后，如无问题明天寄出；', NULL);
INSERT INTO `CHAIN_TRADE_RECODE` VALUES (465, 0, '2019-08-23 14:36:02.584', '2019-08-23 14:36:02.584', 0, '中国建设银行股份有限公司', 37, '测试管理员', '保理商审核通过', 164, '联电通话中；后客户回电已为客户解释签署的是无追索权保理合同，我司受让的是整笔应收账款，也不会影响其与包钢新业务的付款，如有其他疑问，可邮件整理后发给我，客户表示与其他同事商量以后，如无问题明天寄出；', NULL);
INSERT INTO `CHAIN_TRADE_RECODE` VALUES (466, 0, '2019-08-23 14:36:41.640', '2019-08-23 14:36:41.640', 0, '中国建设银行股份有限公司', 37, '测试管理员', '资金方审核通过', 164, '联电通话中；后客户回电已为客户解释签署的是无追索权保理合同，我司受让的是整笔应收账款，也不会影响其与包钢新业务的付款，如有其他疑问，可邮件整理后发给我，客户表示与其他同事商量以后，如无问题明天寄出；', NULL);
INSERT INTO `CHAIN_TRADE_RECODE` VALUES (467, 0, '2019-08-23 14:50:47.471', '2019-08-23 14:50:47.471', 0, '中国建设银行股份有限公司', 38, '测试管理员', '保理商设置放款日', 164, '联电通话中；后客户回电已为客户解释签署的是无追索权保理合同，我司受让的是整笔应收账款，也不会影响其与包钢新业务的付款，如有其他疑问，可邮件整理后发给我，客户表示与其他同事商量以后，如无问题明天寄出；', NULL);
INSERT INTO `CHAIN_TRADE_RECODE` VALUES (468, 0, '2019-08-23 14:58:08.931', '2019-08-23 14:58:08.931', 0, '安徽万格维商贸有限公司', 28, '万格管理员', '修改', 168, '', NULL);
INSERT INTO `CHAIN_TRADE_RECODE` VALUES (469, 0, '2019-08-23 15:08:03.314', '2019-08-23 15:08:03.314', 0, '中国建设银行股份有限公司', 38, '测试管理员', '保理商审核通过', 167, '', NULL);
INSERT INTO `CHAIN_TRADE_RECODE` VALUES (470, 0, '2019-08-23 15:19:30.058', '2019-08-23 15:19:30.058', 0, '中国建设银行股份有限公司', 37, '测试管理员', '打回修改', 164, '打回修改', NULL);
INSERT INTO `CHAIN_TRADE_RECODE` VALUES (471, 0, '2019-08-23 15:45:52.792', '2019-08-23 15:45:52.792', 0, '中建一局土木工程有限公司', 65, '孙华勇', '创建', 64, '', NULL);
INSERT INTO `CHAIN_TRADE_RECODE` VALUES (472, 0, '2019-08-23 15:45:56.946', '2019-08-23 15:45:56.946', 0, '中建一局土木工程有限公司', 65, '孙华勇', '复核通过', 64, '只是试试而已', NULL);
INSERT INTO `CHAIN_TRADE_RECODE` VALUES (473, 0, '2019-08-23 15:46:06.761', '2019-08-23 15:46:06.761', 0, '中国建设银行股份有限公司', 38, '测试管理员', '保理商审核通过', 64, '只是试试而已', NULL);
INSERT INTO `CHAIN_TRADE_RECODE` VALUES (474, 0, '2019-08-23 15:46:20.232', '2019-08-23 15:46:20.232', 0, '福建小米科技有限公司', 24, '客户管理员', '保理商审核通过', 64, '只是试试而已', NULL);
INSERT INTO `CHAIN_TRADE_RECODE` VALUES (475, 0, '2019-08-23 15:46:22.511', '2019-08-23 15:46:22.511', 0, '福建小米科技有限公司', 24, '客户管理员', '资金方审核通过', 64, '只是试试而已', NULL);
INSERT INTO `CHAIN_TRADE_RECODE` VALUES (476, 0, '2019-08-23 15:48:46.069', '2019-08-23 15:48:46.069', 0, '中建一局土木工程有限公司', 65, '孙华勇', '创建', 64, '', NULL);
INSERT INTO `CHAIN_TRADE_RECODE` VALUES (477, 0, '2019-08-23 15:48:48.312', '2019-08-23 15:48:48.312', 0, '中建一局土木工程有限公司', 65, '孙华勇', '复核通过', 64, '只是试试而已', NULL);
INSERT INTO `CHAIN_TRADE_RECODE` VALUES (478, 0, '2019-08-23 15:48:56.561', '2019-08-23 15:48:56.561', 0, '中国建设银行股份有限公司', 38, '测试管理员', '保理商审核通过', 64, '只是试试而已', NULL);
INSERT INTO `CHAIN_TRADE_RECODE` VALUES (479, 0, '2019-08-23 15:49:05.213', '2019-08-23 15:49:05.213', 0, '福建小米科技有限公司', 24, '客户管理员', '保理商审核通过', 64, '只是试试而已', NULL);
INSERT INTO `CHAIN_TRADE_RECODE` VALUES (480, 0, '2019-08-23 15:49:06.539', '2019-08-23 15:49:06.539', 0, '福建小米科技有限公司', 24, '客户管理员', '资金方审核通过', 64, '只是试试而已', NULL);
INSERT INTO `CHAIN_TRADE_RECODE` VALUES (481, 0, '2019-08-23 15:49:37.116', '2019-08-23 15:49:37.116', 0, '中国建设银行股份有限公司', 38, '测试管理员', '保理商设置放款日', 64, '只是试试而已', NULL);
INSERT INTO `CHAIN_TRADE_RECODE` VALUES (482, 0, '2019-08-23 15:50:04.779', '2019-08-23 15:50:04.779', 0, '福建小米科技有限公司', 24, '客户管理员', '打回修改', 64, '只是试试而已', NULL);
INSERT INTO `CHAIN_TRADE_RECODE` VALUES (483, 0, '2019-08-26 11:16:27.895', '2019-08-26 11:16:27.895', 0, '中国建设银行股份有限公司', 38, '测试管理员', '保理商设置放款日', 164, '打回修改', NULL);
INSERT INTO `CHAIN_TRADE_RECODE` VALUES (484, 0, '2019-08-26 11:21:05.340', '2019-08-26 11:21:05.340', 0, '中国建设银行股份有限公司', 37, '测试管理员', '打回修改', 164, '打回修改', NULL);
INSERT INTO `CHAIN_TRADE_RECODE` VALUES (485, 0, '2019-08-26 11:22:00.610', '2019-08-26 11:22:00.610', 0, '中国建设银行股份有限公司', 38, '测试管理员', '保理商设置放款日', 164, 'sss', NULL);
INSERT INTO `CHAIN_TRADE_RECODE` VALUES (486, 0, '2019-08-26 11:22:33.470', '2019-08-26 11:22:33.470', 0, '中国建设银行股份有限公司', 37, '测试管理员', '打回修改', 164, '打回修改', NULL);
INSERT INTO `CHAIN_TRADE_RECODE` VALUES (487, 0, '2019-08-26 11:37:13.341', '2019-08-26 11:37:13.341', 0, '安徽万格维商贸有限公司', 28, '万格管理员', '复核通过', 168, '通过通过', NULL);
INSERT INTO `CHAIN_TRADE_RECODE` VALUES (488, 0, '2019-08-26 11:37:45.459', '2019-08-26 11:37:45.459', 0, '中国建设银行股份有限公司', 38, '测试管理员', '保理商审核通过', 168, '通过通过通过通过', NULL);
INSERT INTO `CHAIN_TRADE_RECODE` VALUES (489, 0, '2019-08-26 11:38:05.864', '2019-08-26 11:38:05.864', 0, '中国建设银行股份有限公司', 37, '测试管理员', '保理商审核通过', 168, '通过通过通过', NULL);
INSERT INTO `CHAIN_TRADE_RECODE` VALUES (490, 0, '2019-08-26 11:38:41.776', '2019-08-26 11:38:41.776', 0, '中国建设银行股份有限公司', 37, '测试管理员', '资金方审核通过', 168, '通过', NULL);
INSERT INTO `CHAIN_TRADE_RECODE` VALUES (491, 0, '2019-08-26 11:39:37.274', '2019-08-26 11:39:37.274', 0, '中国建设银行股份有限公司', 38, '测试管理员', '保理商设置放款日', 168, '1', NULL);
INSERT INTO `CHAIN_TRADE_RECODE` VALUES (492, 0, '2019-08-26 13:38:53.361', '2019-08-26 13:38:53.361', 0, '中国建设银行股份有限公司', 37, '测试管理员', '不通过', 168, '无效', NULL);
INSERT INTO `CHAIN_TRADE_RECODE` VALUES (493, 0, '2019-08-26 13:39:09.566', '2019-08-26 13:39:09.566', 0, '中国建设银行股份有限公司', 37, '测试管理员', '打回修改', 168, '1', NULL);
INSERT INTO `CHAIN_TRADE_RECODE` VALUES (494, 0, '2019-08-26 14:47:40.509', '2019-08-26 14:47:40.509', 0, '中国建设银行股份有限公司', 38, '测试管理员', '保理商设置放款日', 168, '1', NULL);
INSERT INTO `CHAIN_TRADE_RECODE` VALUES (495, 0, '2019-08-26 16:29:05.395', '2019-08-26 16:29:05.395', 0, '中国建设银行股份有限公司', 37, '测试管理员', '打回修改', 168, '打回修改', NULL);
INSERT INTO `CHAIN_TRADE_RECODE` VALUES (496, 0, '2019-08-26 16:35:41.330', '2019-08-26 16:35:41.330', 0, '中国建设银行股份有限公司', 38, '测试管理员', '保理商审核通过', 132, '通过', NULL);
INSERT INTO `CHAIN_TRADE_RECODE` VALUES (497, 0, '2019-08-26 17:32:53.606', '2019-08-26 17:32:53.606', 0, '安徽万格维商贸有限公司', 28, '万格管理员', '复核通过', 163, '', NULL);
INSERT INTO `CHAIN_TRADE_RECODE` VALUES (498, 0, '2019-08-26 17:33:10.515', '2019-08-26 17:33:10.515', 0, '安徽万格维商贸有限公司', 28, '万格管理员', '复核通过', 162, '1566532841796', NULL);
INSERT INTO `CHAIN_TRADE_RECODE` VALUES (499, 0, '2019-08-26 17:33:17.748', '2019-08-26 17:33:17.748', 0, '安徽万格维商贸有限公司', 28, '万格管理员', '不通过', 161, '', NULL);
INSERT INTO `CHAIN_TRADE_RECODE` VALUES (500, 0, '2019-08-26 17:33:23.587', '2019-08-26 17:33:23.587', 0, '安徽万格维商贸有限公司', 28, '万格管理员', '打回修改', 161, '打回修改', NULL);
INSERT INTO `CHAIN_TRADE_RECODE` VALUES (501, 0, '2019-08-26 17:38:38.947', '2019-08-26 17:38:38.947', 0, '安徽万格维商贸有限公司', 28, '万格管理员', '修改', 161, '打回修改', NULL);
INSERT INTO `CHAIN_TRADE_RECODE` VALUES (502, 0, '2019-08-26 17:40:30.993', '2019-08-26 17:40:30.993', 0, '安徽万格维商贸有限公司', 28, '万格管理员', '不通过', 161, '打回修改', NULL);
INSERT INTO `CHAIN_TRADE_RECODE` VALUES (503, 0, '2019-08-26 17:40:32.887', '2019-08-26 17:40:32.887', 0, '安徽万格维商贸有限公司', 28, '万格管理员', '复核通过', 161, '打回修改', NULL);
INSERT INTO `CHAIN_TRADE_RECODE` VALUES (504, 0, '2019-08-27 09:45:12.513', '2019-08-27 09:45:12.513', 0, '中国建设银行股份有限公司', 38, '测试管理员', '不通过', 161, '打回修改', NULL);

-- ----------------------------
-- Table structure for CHANGE_RECORD
-- ----------------------------
DROP TABLE IF EXISTS `CHANGE_RECORD`;
CREATE TABLE `CHANGE_RECORD`  (
  `ID` bigint(20) NOT NULL AUTO_INCREMENT COMMENT 'ID',
  `IS_DELETE` tinyint(1) NULL DEFAULT NULL COMMENT '是否删除',
  `CREATED_AT` timestamp(3) NULL DEFAULT NULL COMMENT '创建时间',
  `UPDATED_AT` timestamp(3) NULL DEFAULT NULL COMMENT '修改时间',
  `STATUS` int(11) NULL DEFAULT 0 COMMENT '状态',
  `RECORD_ID` bigint(20) NULL DEFAULT NULL COMMENT '变更对象ID',
  `DESCRIPTION` varchar(192) CHARACTER SET utf8 COLLATE utf8_bin NULL DEFAULT NULL COMMENT '变更描述',
  `MODULE_NAME` varchar(192) CHARACTER SET utf8 COLLATE utf8_bin NULL DEFAULT NULL COMMENT '变更模块',
  `MODULE_NUMBER` varchar(192) CHARACTER SET utf8 COLLATE utf8_bin NULL DEFAULT NULL COMMENT '模块菜单',
  PRIMARY KEY (`ID`) USING BTREE
) ENGINE = InnoDB AUTO_INCREMENT = 1 CHARACTER SET = utf8 COLLATE = utf8_bin COMMENT = '变更记录表' ROW_FORMAT = Dynamic;

-- ----------------------------
-- Table structure for CHANGE_RECORD_DETAIL
-- ----------------------------
DROP TABLE IF EXISTS `CHANGE_RECORD_DETAIL`;
CREATE TABLE `CHANGE_RECORD_DETAIL`  (
  `ID` bigint(20) NOT NULL AUTO_INCREMENT COMMENT 'ID',
  `IS_DELETE` tinyint(1) NULL DEFAULT NULL COMMENT '是否删除',
  `CREATED_AT` timestamp(3) NULL DEFAULT NULL COMMENT '创建时间',
  `UPDATED_AT` timestamp(3) NULL DEFAULT NULL COMMENT '修改时间',
  `STATUS` int(11) NULL DEFAULT 0 COMMENT '状态',
  `CHANGE_ID` bigint(20) NULL DEFAULT NULL COMMENT '变更记录表ID',
  `COLUMN_NAME` varchar(100) CHARACTER SET utf8 COLLATE utf8_bin NULL DEFAULT NULL COMMENT '变更列名称',
  `CHANGED_BY` varchar(100) CHARACTER SET utf8 COLLATE utf8_bin NULL DEFAULT NULL COMMENT '变更用户',
  `OLD_VALUE` varchar(1536) CHARACTER SET utf8 COLLATE utf8_bin NULL DEFAULT NULL COMMENT '变更前值',
  `NEW_VALUE` varchar(1536) CHARACTER SET utf8 COLLATE utf8_bin NULL DEFAULT NULL COMMENT '变更后值',
  `DESCRIPTION` varchar(1536) CHARACTER SET utf8 COLLATE utf8_bin NULL DEFAULT NULL COMMENT '变更描述',
  `MENU_NUM` int(11) NULL DEFAULT 0 COMMENT '菜单编号',
  `TARGET_ID` bigint(20) NULL DEFAULT NULL COMMENT '真实发生变更的记录的ID',
  `TABLE_NAME` varchar(100) CHARACTER SET utf8 COLLATE utf8_bin NULL DEFAULT NULL COMMENT '变更表名称',
  PRIMARY KEY (`ID`) USING BTREE
) ENGINE = InnoDB AUTO_INCREMENT = 1 CHARACTER SET = utf8 COLLATE = utf8_bin COMMENT = '变更记录详情表' ROW_FORMAT = Dynamic;

-- ----------------------------
-- Table structure for CONTACTS
-- ----------------------------
DROP TABLE IF EXISTS `CONTACTS`;
CREATE TABLE `CONTACTS`  (
  `ID` bigint(20) NOT NULL AUTO_INCREMENT COMMENT 'ID',
  `IS_DELETE` tinyint(1) NULL DEFAULT NULL COMMENT '是否删除',
  `CREATED_AT` timestamp(3) NULL DEFAULT NULL COMMENT '创建时间',
  `UPDATED_AT` timestamp(3) NULL DEFAULT NULL COMMENT '修改时间',
  `STATUS` int(11) NULL DEFAULT 0 COMMENT '状态',
  `ENTERPRISE_ID` bigint(20) NULL DEFAULT NULL COMMENT '企业ID',
  `NAME` varchar(192) CHARACTER SET utf8 COLLATE utf8_bin NULL DEFAULT NULL COMMENT '联系人姓名',
  `MOBILE_PHONE` varchar(192) CHARACTER SET utf8 COLLATE utf8_bin NULL DEFAULT NULL COMMENT '联系人电话',
  `EMAIL` varchar(192) CHARACTER SET utf8 COLLATE utf8_bin NULL DEFAULT NULL COMMENT '联系人邮箱',
  `ADDRESS` varchar(1536) CHARACTER SET utf8 COLLATE utf8_bin NULL DEFAULT NULL COMMENT '联系人地址',
  `ID_CARD` varchar(20) CHARACTER SET utf8 COLLATE utf8_bin NULL DEFAULT NULL COMMENT '联系人身份证号',
  `TYPE` int(11) NULL DEFAULT 0 COMMENT '联系人类型；0：普通联系人、1：法人',
  `AUTH_STATUS` int(11) NULL DEFAULT 0 COMMENT '实名认证状态,0:未认证,1:已认证',
  PRIMARY KEY (`ID`) USING BTREE
) ENGINE = InnoDB AUTO_INCREMENT = 32 CHARACTER SET = utf8 COLLATE = utf8_bin COMMENT = '联系人表' ROW_FORMAT = Dynamic;

-- ----------------------------
-- Records of CONTACTS
-- ----------------------------
INSERT INTO `CONTACTS` VALUES (1, 0, '2019-08-01 17:47:48.108', '2019-08-01 17:47:48.108', 0, 20, NULL, NULL, NULL, NULL, NULL, 1, 0);
INSERT INTO `CONTACTS` VALUES (2, 0, '2019-08-01 17:49:41.403', '2019-08-27 10:14:59.997', 0, 19, NULL, NULL, NULL, NULL, '310106198902140614', 1, 1);
INSERT INTO `CONTACTS` VALUES (3, 0, '2019-08-01 17:49:50.133', '2019-08-01 17:49:50.133', 0, 22, NULL, NULL, NULL, NULL, NULL, 1, 0);
INSERT INTO `CONTACTS` VALUES (4, 0, '2019-08-01 17:50:36.643', '2019-08-01 17:50:36.643', 0, 24, NULL, NULL, NULL, NULL, NULL, 1, 0);
INSERT INTO `CONTACTS` VALUES (5, 0, '2019-08-01 17:50:44.836', '2019-08-01 17:50:44.836', 0, 15, NULL, NULL, NULL, NULL, NULL, 1, 0);
INSERT INTO `CONTACTS` VALUES (6, 0, '2019-08-01 17:50:47.551', '2019-08-01 17:50:47.551', 0, 26, NULL, NULL, NULL, NULL, NULL, 1, 0);
INSERT INTO `CONTACTS` VALUES (7, 0, '2019-08-01 17:53:29.337', '2019-08-01 17:53:29.337', 0, 21, NULL, NULL, NULL, NULL, NULL, 1, 0);
INSERT INTO `CONTACTS` VALUES (8, 0, '2019-08-01 18:00:26.452', '2019-08-01 18:00:26.452', 0, 23, '钟万格', '13533360172', NULL, NULL, '440221199909099999', 1, 1);
INSERT INTO `CONTACTS` VALUES (9, 0, '2019-08-01 18:03:12.123', '2019-08-01 18:03:12.123', 0, 27, NULL, NULL, NULL, NULL, NULL, 1, 0);
INSERT INTO `CONTACTS` VALUES (10, 0, '2019-08-01 18:03:14.315', '2019-08-01 18:03:14.315', 0, 25, NULL, NULL, NULL, NULL, NULL, 1, 0);
INSERT INTO `CONTACTS` VALUES (11, 0, '2019-08-01 18:03:20.968', '2019-08-01 18:03:20.968', 0, 34, NULL, NULL, NULL, NULL, NULL, 1, 0);
INSERT INTO `CONTACTS` VALUES (12, 0, '2019-08-01 18:03:23.718', '2019-08-01 18:03:23.718', 0, 36, NULL, NULL, NULL, NULL, NULL, 1, 0);
INSERT INTO `CONTACTS` VALUES (13, 0, '2019-08-01 18:03:41.585', '2019-08-01 18:03:41.585', 0, 29, NULL, NULL, NULL, NULL, NULL, 1, 0);
INSERT INTO `CONTACTS` VALUES (14, 0, '2019-08-01 18:03:46.263', '2019-08-01 18:03:46.263', 0, 33, '张保理', NULL, NULL, NULL, NULL, 1, 0);
INSERT INTO `CONTACTS` VALUES (17, 0, '2019-08-02 15:39:19.048', '2019-08-02 15:39:19.048', 0, 18, '韩商言', '13808888888', 'faren@123.com', '法人地址', '310106198902140614', 1, 1);
INSERT INTO `CONTACTS` VALUES (18, 0, '2019-08-05 13:59:49.056', '2019-08-05 13:59:49.056', 0, 1, '智融云', '13533360172', 'song@163.com', '广州市海珠区', '440221199909099999', 1, 1);
INSERT INTO `CONTACTS` VALUES (19, 0, '2019-08-08 09:25:52.172', '2019-08-08 09:25:52.172', 0, 28, NULL, NULL, NULL, NULL, NULL, 1, 0);
INSERT INTO `CONTACTS` VALUES (20, 0, '2019-08-08 10:13:32.512', '2019-08-08 10:13:32.512', 0, 35, NULL, NULL, NULL, NULL, NULL, 1, 0);
INSERT INTO `CONTACTS` VALUES (21, 0, '2019-08-08 10:21:10.640', '2019-08-08 10:21:10.640', 0, 47, NULL, NULL, NULL, NULL, NULL, 1, 0);
INSERT INTO `CONTACTS` VALUES (22, 0, '2019-08-09 18:09:23.295', '2019-08-09 18:09:23.295', 0, 31, NULL, NULL, NULL, NULL, NULL, 1, 0);
INSERT INTO `CONTACTS` VALUES (23, 0, '2019-08-09 18:10:18.328', '2019-08-09 18:10:18.328', 0, 32, NULL, NULL, NULL, NULL, NULL, 1, 0);
INSERT INTO `CONTACTS` VALUES (24, 0, '2019-08-16 13:34:48.839', '2019-08-16 13:34:48.839', 0, 41, NULL, NULL, NULL, NULL, NULL, 1, 0);
INSERT INTO `CONTACTS` VALUES (25, 0, '2019-08-19 15:50:28.891', '2019-08-19 15:50:28.891', 0, 37, NULL, NULL, NULL, NULL, NULL, 1, 0);
INSERT INTO `CONTACTS` VALUES (26, 0, '2019-08-23 09:34:10.199', '2019-08-23 15:00:04.027', 0, 60, '马少婷', '15918780395', NULL, NULL, '44058219970604588X', 1, 1);
INSERT INTO `CONTACTS` VALUES (27, 0, '2019-08-05 13:59:49.056', '2019-08-05 13:59:49.056', 0, 1, '周志人', '13533360172', 'zzr@163.com', '广州市海珠区', '440221199909099999', 2, 1);
INSERT INTO `CONTACTS` VALUES (28, 0, '2019-08-26 10:25:39.219', '2019-08-26 10:34:32.503', 0, 58, '张和信', '18546698755', NULL, NULL, '440105986854874151', 1, 1);
INSERT INTO `CONTACTS` VALUES (29, 0, '2019-08-26 16:27:57.761', '2019-08-26 16:27:57.761', 0, 62, NULL, NULL, NULL, NULL, NULL, 1, 0);
INSERT INTO `CONTACTS` VALUES (30, 0, '2019-08-27 09:19:08.145', '2019-08-27 09:22:23.532', 0, 63, '韩商言', '15918782569', '11@qq.com', '123', '310106198902140614', 1, 1);
INSERT INTO `CONTACTS` VALUES (31, 0, '2019-08-27 10:24:11.808', '2019-08-27 10:24:11.808', 0, 48, NULL, NULL, NULL, NULL, NULL, 1, 0);

-- ----------------------------
-- Table structure for CONTRACT
-- ----------------------------
DROP TABLE IF EXISTS `CONTRACT`;
CREATE TABLE `CONTRACT`  (
  `ID` bigint(20) NOT NULL AUTO_INCREMENT COMMENT 'ID',
  `PROJECT_ID` bigint(20) NULL DEFAULT NULL COMMENT '项目ID',
  `CONTRACT_NUMBER` varchar(1536) CHARACTER SET utf8 COLLATE utf8_bin NULL DEFAULT NULL COMMENT '合同编号',
  `IS_DELETE` tinyint(1) NULL DEFAULT 0 COMMENT '是否删除',
  `CREATED_AT` timestamp(3) NULL DEFAULT NULL COMMENT '创建时间',
  `UPDATED_AT` timestamp(3) NULL DEFAULT NULL COMMENT '修改时间',
  `STATUS` int(11) NULL DEFAULT 0 COMMENT '状态',
  `TERMS_ID` bigint(20) NULL DEFAULT NULL COMMENT '合同条款ID',
  `SIGN_METHOD` varchar(64) CHARACTER SET utf8 COLLATE utf8_bin NULL DEFAULT 'OFFLINE' COMMENT '签署方式, OFFLINE:线下(默认); ONLINE:线上',
  `PLAN_ID` bigint(20) NULL DEFAULT NULL COMMENT '资管计划ID',
  `CHECK_STATUS` int(11) NULL DEFAULT 0 COMMENT '合同检查状态, 0:未检查, 1:审核中, 2:打回修改, 3:通过, 4:不通过',
  `TEMPLATE_GROUP_ID` bigint(20) NULL DEFAULT NULL COMMENT '合同模板组ID',
  PRIMARY KEY (`ID`) USING BTREE
) ENGINE = InnoDB AUTO_INCREMENT = 3 CHARACTER SET = utf8 COLLATE = utf8_bin COMMENT = 'null' ROW_FORMAT = Dynamic;

-- ----------------------------
-- Records of CONTRACT
-- ----------------------------
INSERT INTO `CONTRACT` VALUES (1, 0, '', 0, '2019-08-26 00:00:00.000', '2019-08-26 00:00:00.000', 0, 0, 'ONLINE', 0, 0, 3);
INSERT INTO `CONTRACT` VALUES (2, 0, NULL, 0, '2019-08-27 10:28:31.175', '2019-08-27 10:28:31.175', 0, 0, NULL, 0, 0, 3);

-- ----------------------------
-- Table structure for CONTRACT_INSTANCE
-- ----------------------------
DROP TABLE IF EXISTS `CONTRACT_INSTANCE`;
CREATE TABLE `CONTRACT_INSTANCE`  (
  `ID` bigint(20) NOT NULL AUTO_INCREMENT COMMENT 'ID',
  `CONTRACT_ID` bigint(20) NOT NULL COMMENT '合同ID',
  `SIGN_DATE` date NULL DEFAULT NULL COMMENT '签订日期',
  `CONTRACT_NAME` varchar(1536) CHARACTER SET utf8 COLLATE utf8_bin NULL DEFAULT NULL COMMENT '合同名称',
  `IS_DELETE` tinyint(1) NULL DEFAULT 0 COMMENT '是否删除',
  `CREATED_AT` timestamp(3) NULL DEFAULT NULL COMMENT '创建时间',
  `UPDATED_AT` timestamp(3) NULL DEFAULT NULL COMMENT '修改时间',
  `STATUS` int(11) NULL DEFAULT 0 COMMENT '状态',
  `CONTRACT_NUMBER` varchar(1536) CHARACTER SET utf8 COLLATE utf8_bin NULL DEFAULT NULL COMMENT '合同编号',
  `CONTRACT_TYPE_CODE` varchar(192) CHARACTER SET utf8 COLLATE utf8_bin NULL DEFAULT NULL COMMENT '合同类型编码',
  `INSERT_QR_CODE` tinyint(1) NULL DEFAULT 1 COMMENT '是否插入二维码',
  `TEMPLATE_ID` bigint(20) NULL DEFAULT NULL COMMENT '合同模板ID',
  `SIGN_PRIORITY` int(11) NULL DEFAULT 1 COMMENT '签署优先级, 数字越大, 优先级越低',
  `PROJECT_ID` bigint(20) NULL DEFAULT NULL COMMENT '项目ID',
  `PLAN_ID` bigint(20) NULL DEFAULT NULL COMMENT '计划ID',
  `BUCKET` varchar(1536) CHARACTER SET utf8 COLLATE utf8_bin NULL DEFAULT NULL COMMENT '归档文件存储bucket',
  `UNIQUE_KEY` varchar(64) CHARACTER SET utf8 COLLATE utf8_bin NULL DEFAULT NULL COMMENT '归档文件存储key',
  `UPLOADED_AT` bigint(20) NULL DEFAULT NULL COMMENT '归档文件上传时间',
  `UPLOADED_BY` bigint(20) NULL DEFAULT NULL COMMENT '归档文件上传人',
  PRIMARY KEY (`ID`) USING BTREE,
  INDEX `IDX_CI_CID`(`CONTRACT_ID`) USING BTREE,
  INDEX `IDX_CI_CID_T`(`CONTRACT_ID`, `CONTRACT_TYPE_CODE`) USING BTREE
) ENGINE = InnoDB AUTO_INCREMENT = 1 CHARACTER SET = utf8 COLLATE = utf8_bin COMMENT = '合同实例' ROW_FORMAT = Dynamic;

-- ----------------------------
-- Table structure for CONTRACT_SIGNING_PARTY
-- ----------------------------
DROP TABLE IF EXISTS `CONTRACT_SIGNING_PARTY`;
CREATE TABLE `CONTRACT_SIGNING_PARTY`  (
  `ID` bigint(20) NOT NULL AUTO_INCREMENT COMMENT 'ID',
  `CONTRACT_INSTANCE_ID` bigint(20) NOT NULL COMMENT '合同实例ID',
  `SIGNING_PARTY_ID` bigint(20) NULL DEFAULT NULL COMMENT '签署方ID',
  `SIGN_DATE` date NULL DEFAULT NULL COMMENT '签订日期',
  `IS_DELETE` tinyint(1) NULL DEFAULT 0 COMMENT '是否删除',
  `CREATED_AT` timestamp(3) NULL DEFAULT NULL COMMENT '创建时间',
  `UPDATED_AT` timestamp(3) NULL DEFAULT NULL COMMENT '修改时间',
  `STATUS` int(11) NULL DEFAULT 0 COMMENT '状态',
  `ALIAS` varchar(1536) CHARACTER SET utf8 COLLATE utf8_bin NULL DEFAULT NULL COMMENT '别名,如甲方',
  `ACCOUNT_TYPE` varchar(64) CHARACTER SET utf8 COLLATE utf8_bin NULL DEFAULT NULL COMMENT '账户类型, ENTERPRISE:企业账户; PERSONAL: 个人账户',
  `POS_KEY_WORD` varchar(1536) CHARACTER SET utf8 COLLATE utf8_bin NULL DEFAULT NULL COMMENT '印章位置关键字',
  `SIGN_METHOD` int(11) NULL DEFAULT 0 COMMENT '合同签署方式, 0:线下, 1:线上',
  `CONTRACT_ID` bigint(20) NULL DEFAULT NULL COMMENT '合同ID',
  `CLIENT_TYPE` int(11) NULL DEFAULT NULL COMMENT '签署方客户类型',
  `SIGN_AUTOMATE` tinyint(1) NULL DEFAULT 0 COMMENT '是否自动签署;0否,1是',
  PRIMARY KEY (`ID`) USING BTREE,
  INDEX `IDX_CSP_PID`(`SIGNING_PARTY_ID`) USING BTREE,
  INDEX `IDX_CSP_CID`(`CONTRACT_ID`) USING BTREE,
  INDEX `IDX_CSP_CIID`(`CONTRACT_INSTANCE_ID`) USING BTREE
) ENGINE = InnoDB AUTO_INCREMENT = 1 CHARACTER SET = utf8 COLLATE = utf8_bin COMMENT = 'null' ROW_FORMAT = Dynamic;

-- ----------------------------
-- Table structure for CONTRACT_SIGNING_RESULT
-- ----------------------------
DROP TABLE IF EXISTS `CONTRACT_SIGNING_RESULT`;
CREATE TABLE `CONTRACT_SIGNING_RESULT`  (
  `ID` bigint(20) NOT NULL AUTO_INCREMENT COMMENT 'ID',
  `IS_DELETE` tinyint(1) NULL DEFAULT 0 COMMENT '是否删除',
  `CREATED_AT` timestamp(3) NOT NULL COMMENT '创建时间',
  `UPDATED_AT` timestamp(3) NOT NULL COMMENT '修改时间',
  `STATUS` int(11) NULL DEFAULT 0 COMMENT '状态',
  `CONTRACT_INSTANCE_ID` bigint(20) NULL DEFAULT NULL,
  `USER_ID` varchar(64) CHARACTER SET utf8 COLLATE utf8_bin NULL DEFAULT NULL,
  `STUB_NO` varchar(64) CHARACTER SET utf8 COLLATE utf8_bin NULL DEFAULT NULL,
  `PROJECT_CODE` varchar(512) CHARACTER SET utf8 COLLATE utf8_bin NULL DEFAULT NULL,
  `SIGNATURE_ATTR` varchar(1024) CHARACTER SET utf8 COLLATE utf8_bin NULL DEFAULT NULL,
  `SIGNATURE_OF_ATTR` text CHARACTER SET utf8 COLLATE utf8_bin NULL,
  `BUCKET` varchar(1536) CHARACTER SET utf8 COLLATE utf8_bin NULL DEFAULT NULL,
  `UNIQUE_KEY` varchar(1536) CHARACTER SET utf8 COLLATE utf8_bin NULL DEFAULT NULL,
  `OUTPUT_PATH` varchar(1536) CHARACTER SET utf8 COLLATE utf8_bin NULL DEFAULT NULL,
  `TABLE_KEY` varchar(512) CHARACTER SET utf8 COLLATE utf8_bin NULL DEFAULT NULL,
  `KEY_ID` bigint(20) NULL DEFAULT NULL,
  PRIMARY KEY (`ID`) USING BTREE
) ENGINE = InnoDB AUTO_INCREMENT = 37 CHARACTER SET = utf8 COLLATE = utf8_bin COMMENT = '线上签署合同结果' ROW_FORMAT = Dynamic;

-- ----------------------------
-- Records of CONTRACT_SIGNING_RESULT
-- ----------------------------
INSERT INTO `CONTRACT_SIGNING_RESULT` VALUES (27, 0, '2019-08-23 17:47:43.475', '2019-08-23 17:47:43.475', 0, 0, '907086C4A90A0C1CE05311016B0A4B2A', '9a8bce6b515a4c179f3ef31c513098', 'CLI_AUTH_CODE', NULL, NULL, 'cont-signing-ret', '9a8bce6b515a4c179f3ef31c513098.pdf', NULL, 'PROT_REG', 23);
INSERT INTO `CONTRACT_SIGNING_RESULT` VALUES (34, 0, '2019-08-23 17:54:54.117', '2019-08-23 17:54:54.117', 0, 0, '907086C4A8510C1CE05311016B0A4B2A', 'e7333ef6decf46118190076a93a8dc', 'CLI_AUTH_CODE', NULL, NULL, 'cont-signing-ret', 'e7333ef6decf46118190076a93a8dc.pdf', NULL, 'PROT_REG', 23);
INSERT INTO `CONTRACT_SIGNING_RESULT` VALUES (35, 0, '2019-08-23 17:54:55.391', '2019-08-23 17:54:55.391', 0, 0, '8F556E0C21204DF9E05312016B0AD1A1', 'b837ab68530943598c60c43c8001a0', 'CLI_AUTH_CODE', NULL, NULL, 'cont-signing-ret', 'b837ab68530943598c60c43c8001a0.pdf', NULL, 'PROT_REG', 23);
INSERT INTO `CONTRACT_SIGNING_RESULT` VALUES (36, 0, '2019-08-23 17:55:27.628', '2019-08-23 17:55:27.628', 0, 0, '90BDB6D2CDCE0390E05311016B0A2116', 'c1838d500893444d865febd9e04368', 'CLI_AUTH_CODE', NULL, NULL, 'cont-signing-ret', 'c1838d500893444d865febd9e04368.pdf', NULL, 'PROT_REG', 23);

-- ----------------------------
-- Table structure for CONTRACT_TYPE
-- ----------------------------
DROP TABLE IF EXISTS `CONTRACT_TYPE`;
CREATE TABLE `CONTRACT_TYPE`  (
  `ID` bigint(20) NOT NULL AUTO_INCREMENT COMMENT 'ID',
  `IS_DELETE` tinyint(1) NULL DEFAULT 0 COMMENT '是否删除',
  `CREATED_AT` timestamp(3) NOT NULL COMMENT '创建时间',
  `UPDATED_AT` timestamp(3) NOT NULL COMMENT '修改时间',
  `STATUS` int(11) NULL DEFAULT 0 COMMENT '状态',
  `TYPE_NAME` varchar(192) CHARACTER SET utf8 COLLATE utf8_bin NOT NULL,
  `TYPE_CODE` varchar(192) CHARACTER SET utf8 COLLATE utf8_bin NOT NULL,
  `NUMBER_RULES` varchar(4000) CHARACTER SET utf8 COLLATE utf8_bin NULL DEFAULT NULL,
  PRIMARY KEY (`ID`) USING BTREE,
  INDEX `IDX_CT_T`(`TYPE_CODE`) USING BTREE
) ENGINE = InnoDB AUTO_INCREMENT = 4 CHARACTER SET = utf8 COLLATE = utf8_bin COMMENT = '合同类型' ROW_FORMAT = Dynamic;

-- ----------------------------
-- Records of CONTRACT_TYPE
-- ----------------------------
INSERT INTO `CONTRACT_TYPE` VALUES (1, 1, '2019-08-26 17:33:16.223', '2019-08-26 17:33:22.860', 0, 'testname', 'testtype', '13');
INSERT INTO `CONTRACT_TYPE` VALUES (2, 1, '2019-08-26 17:33:38.680', '2019-08-26 17:33:38.680', 0, 'testname', 'testtype', '123');
INSERT INTO `CONTRACT_TYPE` VALUES (3, 0, '2019-08-26 17:44:09.757', '2019-08-26 17:44:09.757', 0, '应收账款转让合同', 'ZR', NULL);

-- ----------------------------
-- Table structure for CREDIT
-- ----------------------------
DROP TABLE IF EXISTS `CREDIT`;
CREATE TABLE `CREDIT`  (
  `ID` bigint(20) NOT NULL AUTO_INCREMENT COMMENT 'ID',
  `IS_DELETE` tinyint(1) NULL DEFAULT 0 COMMENT '是否删除',
  `CREATED_AT` timestamp(3) NOT NULL COMMENT '创建时间',
  `UPDATED_AT` timestamp(3) NOT NULL COMMENT '修改时间',
  `STATUS` int(11) NULL DEFAULT 0 COMMENT '状态',
  `FACTORING_ID` bigint(20) NOT NULL COMMENT '保理商ID',
  `CREDIT_ENT_ID` bigint(20) NOT NULL COMMENT '授信企业ID',
  `CREDIT_ENT_TYPE` int(11) NOT NULL COMMENT '授信企业类型',
  `MAX_FINANCING_QUOTA` double NULL DEFAULT 0 COMMENT '(供应商)最高融资额度',
  `FINANCING_RATE` double NULL DEFAULT 0 COMMENT '(供应商)融资利率',
  `QUOTA` double NULL DEFAULT 0 COMMENT '(核心企业)授信额度',
  `MAX_SINGLE_QUOTA` double NULL DEFAULT 0 COMMENT '(核心企业)单笔最高额度',
  `OVERDUE_INT_RATE` double NULL DEFAULT 0 COMMENT '(核心企业)逾期利率',
  PRIMARY KEY (`ID`) USING BTREE
) ENGINE = InnoDB AUTO_INCREMENT = 6 CHARACTER SET = utf8 COLLATE = utf8_bin COMMENT = '授信' ROW_FORMAT = Dynamic;

-- ----------------------------
-- Records of CREDIT
-- ----------------------------
INSERT INTO `CREDIT` VALUES (1, 0, '2019-08-20 16:27:40.411', '2019-08-20 16:27:40.411', 0, 33, 23, 1, 10000, 50, 0, 0, 0);
INSERT INTO `CREDIT` VALUES (2, 0, '2019-08-21 10:06:58.023', '2019-08-21 10:28:07.099', 0, 33, 1, 1, 1212222, 50, 0, 0, 0);
INSERT INTO `CREDIT` VALUES (3, 0, '2019-08-21 10:08:44.189', '2019-08-21 13:33:12.879', 0, 33, 48, 1, 222, 0, 0, 0, 0);
INSERT INTO `CREDIT` VALUES (4, 0, '2019-08-21 10:09:12.765', '2019-08-21 13:35:46.203', 0, 33, 28, 1, 0, 100, 0, 0, 0);
INSERT INTO `CREDIT` VALUES (5, 0, '2019-08-21 11:18:31.674', '2019-08-21 11:18:31.674', 0, 33, 20, 7, 0, 0, 50000, 10000, 10);

-- ----------------------------
-- Table structure for DOCUMENT_PRESET_VARIABLE
-- ----------------------------
DROP TABLE IF EXISTS `DOCUMENT_PRESET_VARIABLE`;
CREATE TABLE `DOCUMENT_PRESET_VARIABLE`  (
  `ID` bigint(20) NOT NULL AUTO_INCREMENT COMMENT 'ID',
  `IS_DELETE` tinyint(1) NULL DEFAULT 0 COMMENT '是否删除',
  `CREATED_AT` timestamp(3) NOT NULL COMMENT '创建时间',
  `UPDATED_AT` timestamp(3) NOT NULL COMMENT '修改时间',
  `STATUS` int(11) NULL DEFAULT 0 COMMENT '状态',
  `NAME` varchar(192) CHARACTER SET utf8 COLLATE utf8_bin NULL DEFAULT NULL COMMENT '变量名',
  `EXPRESSION` text CHARACTER SET utf8 COLLATE utf8_bin NULL COMMENT '表达式',
  `SQL` text CHARACTER SET utf8 COLLATE utf8_bin NULL COMMENT 'SQL语句',
  `DESCRIPTION` varchar(4000) CHARACTER SET utf8 COLLATE utf8_bin NULL DEFAULT NULL COMMENT '描述',
  `SCOPE` int(11) NULL DEFAULT 1 COMMENT '作用域, 1:模板变量, 2:表格变量',
  `LOGIC` text CHARACTER SET utf8 COLLATE utf8_bin NULL COMMENT '取值逻辑',
  `REMARK` varchar(4000) CHARACTER SET utf8 COLLATE utf8_bin NULL DEFAULT NULL COMMENT '备注',
  `UUID` varchar(192) CHARACTER SET utf8 COLLATE utf8_bin NOT NULL COMMENT 'UUID',
  PRIMARY KEY (`ID`) USING BTREE
) ENGINE = InnoDB AUTO_INCREMENT = 1 CHARACTER SET = utf8 COLLATE = utf8_bin COMMENT = '文档预设变量' ROW_FORMAT = Dynamic;

-- ----------------------------
-- Table structure for DOCUMENT_TEMPLATE
-- ----------------------------
DROP TABLE IF EXISTS `DOCUMENT_TEMPLATE`;
CREATE TABLE `DOCUMENT_TEMPLATE`  (
  `ID` bigint(20) NOT NULL AUTO_INCREMENT COMMENT 'ID',
  `IS_DELETE` tinyint(1) NULL DEFAULT 0 COMMENT '是否删除',
  `CREATED_AT` timestamp(3) NOT NULL COMMENT '创建时间',
  `UPDATED_AT` timestamp(3) NOT NULL COMMENT '修改时间',
  `STATUS` int(11) NULL DEFAULT 0 COMMENT '状态',
  `DOCUMENT_ID` varchar(192) CHARACTER SET utf8 COLLATE utf8_bin NOT NULL COMMENT '文档ID',
  `DESCRIPTION` varchar(192) CHARACTER SET utf8 COLLATE utf8_bin NULL DEFAULT NULL COMMENT '描述',
  `FILE_LIST_EXPRESSION` text CHARACTER SET utf8 COLLATE utf8_bin NULL COMMENT '文件列表表达式',
  `FILE_LIST_SQL` text CHARACTER SET utf8 COLLATE utf8_bin NULL COMMENT '文件列表SQL',
  `DISPLAY_FILENAME_EXPRESSION` text CHARACTER SET utf8 COLLATE utf8_bin NULL COMMENT '显示文件名表达式',
  `DISPLAY_FILENAME_SQL` text CHARACTER SET utf8 COLLATE utf8_bin NULL COMMENT '显示文件名SQL',
  `CONTRACT_NUMBER_EXPRESSION` text CHARACTER SET utf8 COLLATE utf8_bin NULL COMMENT '合同编号表达式',
  `CONTRACT_NUMBER_SQL` text CHARACTER SET utf8 COLLATE utf8_bin NULL COMMENT '合同编号SQL',
  `GROUP_ID` bigint(20) NULL DEFAULT NULL COMMENT '组ID',
  `INFLATE_CONDITION_EXPRESSION` text CHARACTER SET utf8 COLLATE utf8_bin NULL COMMENT '填充文件表达式, 当表达式执行结果为true时, 才会使用此模板生成对应的文件',
  `TMPL_FILE_EXPRESSION` text CHARACTER SET utf8 COLLATE utf8_bin NULL COMMENT '模板文件表达式',
  `PARENT_DOCUMENT_ID` varchar(192) CHARACTER SET utf8 COLLATE utf8_bin NULL DEFAULT NULL COMMENT '父docId',
  `VISIBLE` tinyint(1) NULL DEFAULT 1 COMMENT '可见性, 为true时才可用于前台选择',
  `CONTRACT_TYPE_ID` bigint(20) NULL DEFAULT NULL COMMENT '合同类型ID',
  `SIGN_PRIORITY` int(11) NULL DEFAULT 1 COMMENT '签署优先级, 数字越大, 优先级越低',
  `INSERT_QR_CODE` tinyint(1) NULL DEFAULT 1 COMMENT '是否插入二维码',
  PRIMARY KEY (`ID`) USING BTREE,
  INDEX `IDX_DOC_TMPL_DOCID`(`DOCUMENT_ID`) USING BTREE
) ENGINE = InnoDB AUTO_INCREMENT = 9 CHARACTER SET = utf8 COLLATE = utf8_bin COMMENT = '文档模板' ROW_FORMAT = Dynamic;

-- ----------------------------
-- Records of DOCUMENT_TEMPLATE
-- ----------------------------
INSERT INTO `DOCUMENT_TEMPLATE` VALUES (1, 0, '2019-07-29 17:39:28.994', '2019-07-29 17:39:28.994', 0, 'EXP_14994fbae7064ffba766ecc70fd6b20d', '测试描述', NULL, 'SELECT * FROM CONTRACT WHERE ID = ${Contract.id}', NULL, NULL, NULL, NULL, 1, NULL, NULL, NULL, 0, 0, 0, 0);
INSERT INTO `DOCUMENT_TEMPLATE` VALUES (2, 0, '2019-07-29 18:16:25.760', '2019-07-29 18:22:46.666', 0, 'EXP_782c73d8f78c430a9b6f262b99c3e809', '测试描述', NULL, 'SELECT * FROM CONTRACT WHERE ID = ${Contract.id}', NULL, NULL, NULL, NULL, 1, NULL, NULL, NULL, 0, 0, 0, 0);
INSERT INTO `DOCUMENT_TEMPLATE` VALUES (3, 0, '2019-07-29 18:23:55.057', '2019-07-29 18:23:55.057', 0, 'EXP_d5b920b724b74b60a14f4092d827b249', '测试描述2', NULL, 'SELECT * FROM CONTRACT WHERE ID = ${Contract.id}', NULL, NULL, NULL, NULL, 1, NULL, NULL, NULL, 0, 0, 0, 0);
INSERT INTO `DOCUMENT_TEMPLATE` VALUES (4, 0, '2019-07-29 18:37:39.899', '2019-07-29 18:37:39.899', 0, 'EXP_0bcf594aff49450c8a29f857833f49bc', '测试描述', NULL, 'SELECT * FROM CONTRACT WHERE ID = ${Contract.id}', NULL, NULL, NULL, NULL, 1, NULL, NULL, NULL, 0, 0, 0, 0);
INSERT INTO `DOCUMENT_TEMPLATE` VALUES (5, 0, '2019-08-19 10:14:59.879', '2019-08-26 10:18:18.747', 0, 'EXP_5cb9b138cf2b46508a32f688509ae16c', '智融云平台用户注册协议', NULL, 'SELECT * FROM ENTERPRISE WHERE ID = \'${@entId@}\'', NULL, NULL, 'ZRY${formatDateDefault(date(), \"yy\", \"19\")}111A-${genNumber(@entId@, 7, null, \"ZC\")}', NULL, 1, NULL, NULL, NULL, 0, 0, 0, 0);
INSERT INTO `DOCUMENT_TEMPLATE` VALUES (6, 0, '2019-08-26 10:15:47.562', '2019-08-26 11:11:12.469', 0, 'EXP_2bc3788711074bb0a3d1ca2b1840323b', '应收账款转让合同', NULL, 'SELECT * FROM CHAIN WHERE ID = \'${@chainId@}\'', NULL, NULL, NULL, NULL, 1, NULL, NULL, NULL, 0, 0, 0, 0);
INSERT INTO `DOCUMENT_TEMPLATE` VALUES (7, 1, '2019-08-26 17:34:00.526', '2019-08-26 17:36:05.452', 0, 'FIN_PROT_testid', 'textdesc', NULL, 'SELECT * FROM CONTRACT WHERE ID = ${Contract.id}', NULL, NULL, NULL, NULL, 3, NULL, NULL, NULL, 1, 2, 0, 1);
INSERT INTO `DOCUMENT_TEMPLATE` VALUES (8, 0, '2019-08-26 17:45:13.157', '2019-08-27 10:20:57.614', 0, 'FIN-PROT_REC_ZR', '应收账款转让合同', NULL, 'SELECT * FROM CONTRACT WHERE ID = ${Contract.id}', NULL, NULL, 'ZRY${formatDateDefault(date(), \"yy\", \"19\")}111A-${genNumber(Contract.id, 7, null, \"ZR\")}', NULL, 3, NULL, NULL, NULL, 1, 3, 0, 1);

-- ----------------------------
-- Table structure for DOCUMENT_TEMPLATE_FILE
-- ----------------------------
DROP TABLE IF EXISTS `DOCUMENT_TEMPLATE_FILE`;
CREATE TABLE `DOCUMENT_TEMPLATE_FILE`  (
  `ID` bigint(20) NOT NULL AUTO_INCREMENT COMMENT 'ID',
  `IS_DELETE` tinyint(1) NULL DEFAULT 0 COMMENT '是否删除',
  `CREATED_AT` timestamp(3) NOT NULL COMMENT '创建时间',
  `UPDATED_AT` timestamp(3) NOT NULL COMMENT '修改时间',
  `STATUS` int(11) NULL DEFAULT 0 COMMENT '状态',
  `TEMPLATE_ID` bigint(20) NOT NULL COMMENT '模板ID',
  `EXP_RESULT` varchar(1536) CHARACTER SET utf8 COLLATE utf8_bin NOT NULL COMMENT '模板文件表达式执行结果',
  `BUCKET` varchar(1536) CHARACTER SET utf8 COLLATE utf8_bin NOT NULL COMMENT '存储BUCKET',
  `UNIQUE_KEY` varchar(1536) CHARACTER SET utf8 COLLATE utf8_bin NOT NULL COMMENT '存储UNIQUE_KEY',
  `DESCRIPTION` varchar(1536) CHARACTER SET utf8 COLLATE utf8_bin NULL DEFAULT NULL COMMENT '描述',
  `TMPL_FILE_ID` varchar(192) CHARACTER SET utf8 COLLATE utf8_bin NULL DEFAULT NULL COMMENT '模板文件ID',
  PRIMARY KEY (`ID`) USING BTREE,
  INDEX `IDX_DOC_TMPL_FILE_TMPID`(`TEMPLATE_ID`) USING BTREE
) ENGINE = InnoDB AUTO_INCREMENT = 6 CHARACTER SET = utf8 COLLATE = utf8_bin COMMENT = '模板文件' ROW_FORMAT = Dynamic;

-- ----------------------------
-- Records of DOCUMENT_TEMPLATE_FILE
-- ----------------------------
INSERT INTO `DOCUMENT_TEMPLATE_FILE` VALUES (1, 0, '2019-07-30 08:47:55.748', '2019-07-30 08:47:55.742', 0, 1, 'EXP_14994fbae7064ffba766ecc70fd6b20d', 'contract-template', 'EXP_14994fbae7064ffba766ecc70fd6b20d', 'EXP_14994fbae7064ffba766ecc70fd6b20d', 'EXP_14994fbae7064ffba766ecc70fd6b20d_EXP_14994fbae7064ffba766ecc70fd6b20d');
INSERT INTO `DOCUMENT_TEMPLATE_FILE` VALUES (2, 0, '2019-08-19 16:39:49.896', '2019-08-23 17:47:12.370', 0, 5, 'EXP_5cb9b138cf2b46508a32f688509ae16c', 'contract-template', 'EXP_5cb9b138cf2b46508a32f688509ae16c', 'EXP_5cb9b138cf2b46508a32f688509ae16c', 'EXP_5cb9b138cf2b46508a32f688509ae16c_EXP_5cb9b138cf2b46508a32f688509ae16c');
INSERT INTO `DOCUMENT_TEMPLATE_FILE` VALUES (3, 1, '2019-08-26 17:35:12.159', '2019-08-26 17:35:12.154', 0, 7, 'FIN_PROT_testid', 'contract-template', 'FIN_PROT_testid', 'FIN_PROT_testid', 'FIN_PROT_testid_FIN_PROT_testid');
INSERT INTO `DOCUMENT_TEMPLATE_FILE` VALUES (4, 0, '2019-08-26 17:35:53.367', '2019-08-26 17:35:53.363', 0, 7, 'FIN_PROT_testid', 'contract-template', 'FIN_PROT_testid', 'FIN_PROT_testid', 'FIN_PROT_testid_FIN_PROT_testid');
INSERT INTO `DOCUMENT_TEMPLATE_FILE` VALUES (5, 0, '2019-08-27 10:10:50.058', '2019-08-27 10:10:50.049', 0, 8, 'FIN-PROT_REC_ZR', 'contract-template', 'FIN-PROT_REC_ZR', 'FIN-PROT_REC_ZR', 'FIN-PROT_REC_ZR_FIN-PROT_REC_ZR');

-- ----------------------------
-- Table structure for DOCUMENT_TEMPLATE_GROUP
-- ----------------------------
DROP TABLE IF EXISTS `DOCUMENT_TEMPLATE_GROUP`;
CREATE TABLE `DOCUMENT_TEMPLATE_GROUP`  (
  `ID` bigint(20) NOT NULL AUTO_INCREMENT COMMENT 'ID',
  `IS_DELETE` tinyint(1) NULL DEFAULT 0 COMMENT '是否删除',
  `CREATED_AT` timestamp(3) NOT NULL COMMENT '创建时间',
  `UPDATED_AT` timestamp(3) NOT NULL COMMENT '修改时间',
  `STATUS` int(11) NULL DEFAULT 0 COMMENT '状态',
  `GROUP_NAME` varchar(1536) CHARACTER SET utf8 COLLATE utf8_bin NOT NULL COMMENT '名称',
  `PREFIX` varchar(1536) CHARACTER SET utf8 COLLATE utf8_bin NOT NULL COMMENT '前缀',
  `GROUP_TYPE` int(11) NOT NULL COMMENT '类型, 1:合同模板, 0:其它',
  PRIMARY KEY (`ID`) USING BTREE
) ENGINE = InnoDB AUTO_INCREMENT = 4 CHARACTER SET = utf8 COLLATE = utf8_bin COMMENT = '文档模板组' ROW_FORMAT = Dynamic;

-- ----------------------------
-- Records of DOCUMENT_TEMPLATE_GROUP
-- ----------------------------
INSERT INTO `DOCUMENT_TEMPLATE_GROUP` VALUES (1, 0, '2019-07-29 17:39:28.906', '2019-07-29 17:39:28.906', 0, '自定义附件导出模板', 'EXP', 0);
INSERT INTO `DOCUMENT_TEMPLATE_GROUP` VALUES (2, 1, '2019-08-26 12:24:18.642', '2019-08-26 12:24:18.642', 0, '122', '12', 1);
INSERT INTO `DOCUMENT_TEMPLATE_GROUP` VALUES (3, 0, '2019-08-26 16:02:18.655', '2019-08-26 16:02:18.655', 0, '融资协议', 'FIN-PROT', 1);

-- ----------------------------
-- Table structure for DOCUMENT_TEMPLATE_TABLE
-- ----------------------------
DROP TABLE IF EXISTS `DOCUMENT_TEMPLATE_TABLE`;
CREATE TABLE `DOCUMENT_TEMPLATE_TABLE`  (
  `ID` bigint(20) NOT NULL AUTO_INCREMENT COMMENT 'ID',
  `IS_DELETE` tinyint(1) NULL DEFAULT 0 COMMENT '是否删除',
  `CREATED_AT` timestamp(3) NOT NULL COMMENT '创建时间',
  `UPDATED_AT` timestamp(3) NOT NULL COMMENT '修改时间',
  `STATUS` int(11) NULL DEFAULT 0 COMMENT '状态',
  `TEMPLATE_ID` bigint(20) NOT NULL COMMENT '模板ID',
  `TABLE_INDEX` int(11) NULL DEFAULT NULL COMMENT '表格序号',
  `DESCRIPTION` varchar(4000) CHARACTER SET utf8 COLLATE utf8_bin NULL DEFAULT NULL COMMENT '描述',
  `EXPRESSION` text CHARACTER SET utf8 COLLATE utf8_bin NULL COMMENT '表达式',
  `SQL` text CHARACTER SET utf8 COLLATE utf8_bin NULL COMMENT 'SQL',
  `INFLATE_CONDITION_EXPRESSION` text CHARACTER SET utf8 COLLATE utf8_bin NULL COMMENT '条件表达式',
  PRIMARY KEY (`ID`) USING BTREE,
  INDEX `IDX_DOC_TMPL_TABLE_TMPL_ID`(`TEMPLATE_ID`) USING BTREE
) ENGINE = InnoDB AUTO_INCREMENT = 1 CHARACTER SET = utf8 COLLATE = utf8_bin COMMENT = '文档模板表格' ROW_FORMAT = Dynamic;

-- ----------------------------
-- Table structure for DOCUMENT_TEMPLATE_TABLE_CELL
-- ----------------------------
DROP TABLE IF EXISTS `DOCUMENT_TEMPLATE_TABLE_CELL`;
CREATE TABLE `DOCUMENT_TEMPLATE_TABLE_CELL`  (
  `ID` bigint(20) NOT NULL AUTO_INCREMENT COMMENT 'ID',
  `IS_DELETE` tinyint(1) NULL DEFAULT 0 COMMENT '是否删除',
  `CREATED_AT` timestamp(3) NOT NULL COMMENT '创建时间',
  `UPDATED_AT` timestamp(3) NOT NULL COMMENT '修改时间',
  `STATUS` int(11) NULL DEFAULT 0 COMMENT '状态',
  `TABLE_ID` bigint(20) NOT NULL COMMENT '表格ID',
  `CELL_INDEX` int(11) NULL DEFAULT NULL COMMENT '单元格列序号',
  `EXPRESSION` text CHARACTER SET utf8 COLLATE utf8_bin NULL COMMENT '表达式',
  `SQL` text CHARACTER SET utf8 COLLATE utf8_bin NULL COMMENT 'SQL语句',
  `DESCRIPTION` varchar(4000) CHARACTER SET utf8 COLLATE utf8_bin NULL DEFAULT NULL COMMENT '描述',
  `CELL_V_MERGE_EXP` text CHARACTER SET utf8 COLLATE utf8_bin NULL COMMENT '单元格垂直合并表达式',
  `CELL_H_MERGE_EXP` text CHARACTER SET utf8 COLLATE utf8_bin NULL COMMENT '单元格水平合并表达式',
  `INFLATE_CONDITION_EXPRESSION` text CHARACTER SET utf8 COLLATE utf8_bin NULL COMMENT '条件表达式',
  PRIMARY KEY (`ID`) USING BTREE,
  INDEX `IDX_DOC_TMPL_TABLE_CELL_TID`(`TABLE_ID`) USING BTREE
) ENGINE = InnoDB AUTO_INCREMENT = 1 CHARACTER SET = utf8 COLLATE = utf8_bin COMMENT = '文档模板表格单元格' ROW_FORMAT = Dynamic;

-- ----------------------------
-- Table structure for DOCUMENT_TEMPLATE_VARIABLE
-- ----------------------------
DROP TABLE IF EXISTS `DOCUMENT_TEMPLATE_VARIABLE`;
CREATE TABLE `DOCUMENT_TEMPLATE_VARIABLE`  (
  `ID` bigint(20) NOT NULL AUTO_INCREMENT COMMENT 'ID',
  `IS_DELETE` tinyint(1) NULL DEFAULT 0 COMMENT '是否删除',
  `CREATED_AT` timestamp(3) NOT NULL COMMENT '创建时间',
  `UPDATED_AT` timestamp(3) NOT NULL COMMENT '修改时间',
  `STATUS` int(11) NULL DEFAULT 0 COMMENT '状态',
  `TEMPLATE_ID` bigint(20) NOT NULL COMMENT '模板ID',
  `NAME` varchar(1536) CHARACTER SET utf8 COLLATE utf8_bin NULL DEFAULT NULL COMMENT '变量名',
  `EXPRESSION` text CHARACTER SET utf8 COLLATE utf8_bin NULL COMMENT '表达式',
  `SQL` text CHARACTER SET utf8 COLLATE utf8_bin NULL COMMENT 'SQL语句',
  `DESCRIPTION` varchar(4000) CHARACTER SET utf8 COLLATE utf8_bin NULL DEFAULT NULL COMMENT '描述',
  PRIMARY KEY (`ID`) USING BTREE,
  INDEX `IDX_DOC_TMPL_VAR_TMPL_ID`(`TEMPLATE_ID`) USING BTREE
) ENGINE = InnoDB AUTO_INCREMENT = 48 CHARACTER SET = utf8 COLLATE = utf8_bin COMMENT = '文档模板变量' ROW_FORMAT = Dynamic;

-- ----------------------------
-- Records of DOCUMENT_TEMPLATE_VARIABLE
-- ----------------------------
INSERT INTO `DOCUMENT_TEMPLATE_VARIABLE` VALUES (1, 1, '2019-08-19 13:41:13.419', '2019-08-19 13:51:57.852', 0, 5, NULL, NULL, NULL, NULL);
INSERT INTO `DOCUMENT_TEMPLATE_VARIABLE` VALUES (2, 1, '2019-08-19 13:53:00.740', '2019-08-19 13:53:17.672', 0, 5, '123', '789', '147', '456');
INSERT INTO `DOCUMENT_TEMPLATE_VARIABLE` VALUES (3, 0, '2019-08-19 14:26:34.630', '2019-08-26 10:18:18.804', 0, 5, 'operatorName', '广州智融云科技有限公司', NULL, '平台公司名称');
INSERT INTO `DOCUMENT_TEMPLATE_VARIABLE` VALUES (4, 1, '2019-08-19 14:26:51.114', '2019-08-23 16:07:14.784', 0, 5, 'enterpriseName', '${@enterpriseName@}', NULL, '客户名称');
INSERT INTO `DOCUMENT_TEMPLATE_VARIABLE` VALUES (5, 1, '2019-08-19 14:27:16.232', '2019-08-23 16:07:14.794', 0, 5, 'enterpriseLegal', '${@enterpriseLegal@}', NULL, '客户法人');
INSERT INTO `DOCUMENT_TEMPLATE_VARIABLE` VALUES (6, 0, '2019-08-23 16:02:49.032', '2019-08-26 10:18:18.812', 0, 5, 'operatorAddress', '广州海珠区广州大道南1601号广州创投小镇69(10)栋2楼', NULL, '运营方地址');
INSERT INTO `DOCUMENT_TEMPLATE_VARIABLE` VALUES (7, 0, '2019-08-23 16:04:12.860', '2019-08-26 10:18:18.820', 0, 5, 'operatorFax', '020-85289532', NULL, '运营方传真');
INSERT INTO `DOCUMENT_TEMPLATE_VARIABLE` VALUES (8, 1, '2019-08-23 16:04:12.869', '2019-08-23 16:16:17.850', 0, 5, 'operatorTel', '13500038923', NULL, '运营方联系电话');
INSERT INTO `DOCUMENT_TEMPLATE_VARIABLE` VALUES (9, 0, '2019-08-23 16:07:14.659', '2019-08-26 10:18:18.828', 0, 5, 'operatorMgrPos', '业务总监', NULL, '运营方负责人职务');
INSERT INTO `DOCUMENT_TEMPLATE_VARIABLE` VALUES (10, 0, '2019-08-23 16:07:14.691', '2019-08-26 10:18:18.836', 0, 5, 'operatorMgr', '周志人', NULL, '运营方负责人');
INSERT INTO `DOCUMENT_TEMPLATE_VARIABLE` VALUES (11, 0, '2019-08-23 16:13:38.329', '2019-08-26 10:18:18.849', 0, 5, 'entName', '', 'SELECT NAME FROM ENTERPRISE WHERE ID = @entId@', '使用方客户名称');
INSERT INTO `DOCUMENT_TEMPLATE_VARIABLE` VALUES (12, 0, '2019-08-23 16:13:38.341', '2019-08-26 10:18:18.857', 0, 5, 'entLegalName', '', 'SELECT NAME FROM CONTACTS WHERE ENTERPRISE_ID = @entId@ AND TYPE = 1 AND IS_DELETE = 0 AND STATUS != -1', '使用方客户法人名称');
INSERT INTO `DOCUMENT_TEMPLATE_VARIABLE` VALUES (13, 0, '2019-08-23 16:16:17.790', '2019-08-26 10:18:18.869', 0, 5, 'entLegalPhone', NULL, 'SELECT MOBILE_PHONE FROM CONTACTS WHERE ENTERPRISE_ID = @entId@  AND TYPE = 1 AND IS_DELETE = 0 AND STATUS != -1', '使用方客户法人电话');
INSERT INTO `DOCUMENT_TEMPLATE_VARIABLE` VALUES (14, 0, '2019-08-23 16:16:17.799', '2019-08-26 10:18:18.885', 0, 5, 'entLegalAddress', NULL, 'SELECT ADDRESS FROM CONTACTS WHERE ENTERPRISE_ID = @entId@  AND TYPE = 1 AND IS_DELETE = 0 AND STATUS != -1', '使用方客户法人地址');
INSERT INTO `DOCUMENT_TEMPLATE_VARIABLE` VALUES (15, 0, '2019-08-23 16:16:58.008', '2019-08-26 10:18:18.894', 0, 5, 'operatorPhone', '13500038923', NULL, '运营方联系电话');
INSERT INTO `DOCUMENT_TEMPLATE_VARIABLE` VALUES (16, 0, '2019-08-23 16:20:07.964', '2019-08-26 10:18:18.902', 0, 5, 'entLegalFax', NULL, NULL, '使用方客户法人传真');
INSERT INTO `DOCUMENT_TEMPLATE_VARIABLE` VALUES (17, 0, '2019-08-23 16:21:47.853', '2019-08-26 10:18:18.917', 0, 5, 'entLegalEmail', NULL, 'SELECT EMAIL FROM CONTACTS WHERE ENTERPRISE_ID = @entId@  AND TYPE = 1 AND IS_DELETE = 0 AND STATUS != -1', '使用方客户邮箱');
INSERT INTO `DOCUMENT_TEMPLATE_VARIABLE` VALUES (18, 0, '2019-08-26 10:43:51.739', '2019-08-26 11:11:12.508', 0, 6, 'supplierName', NULL, 'SELECT NAME FROM ENTERPRISE WHERE ID = @supplierId@', '供应商名称');
INSERT INTO `DOCUMENT_TEMPLATE_VARIABLE` VALUES (19, 0, '2019-08-26 10:44:59.998', '2019-08-26 11:11:12.501', 0, 6, 'factoringName', NULL, 'SELECT NAME FROM ENTERPRISE WHERE ID = @factoringId@', '保理商名称');
INSERT INTO `DOCUMENT_TEMPLATE_VARIABLE` VALUES (20, 0, '2019-08-26 10:59:10.324', '2019-08-26 11:11:12.489', 0, 6, 'supplierAddress', NULL, 'SELECT ADDRESS FROM ENTERPRISE_CONTACT WHERE ID = @supplierId@ AND IS_DELETE = 0 AND STATUS != -1', '供应商地址');
INSERT INTO `DOCUMENT_TEMPLATE_VARIABLE` VALUES (21, 0, '2019-08-26 11:00:04.198', '2019-08-26 11:11:12.481', 0, 6, 'factoringAddress', NULL, 'SELECT ADDRESS FROM ENTERPRISE_CONTACT WHERE ID = @factoringId@ AND IS_DELETE = 0 AND STATUS != -1', '保理商地址');
INSERT INTO `DOCUMENT_TEMPLATE_VARIABLE` VALUES (22, 0, '2019-08-26 18:33:14.045', '2019-08-27 10:20:57.697', 0, 8, 'supplierName', '${Supplier.name}', '', '供应商名称');
INSERT INTO `DOCUMENT_TEMPLATE_VARIABLE` VALUES (23, 0, '2019-08-26 18:52:57.053', '2019-08-27 10:20:57.715', 0, 8, 'factoringName', '${Factoring.name}', NULL, '保理商名称');
INSERT INTO `DOCUMENT_TEMPLATE_VARIABLE` VALUES (24, 0, '2019-08-26 18:53:43.083', '2019-08-27 10:20:57.726', 0, 8, 'supplierAddress', NULL, 'SELECT ADDRESS FROM ENTERPRISE_CONTACT WHERE ENT_ID = @Chain.supplierId@ AND IS_DELETE = 0 AND STATUS != -1', '供应商地址');
INSERT INTO `DOCUMENT_TEMPLATE_VARIABLE` VALUES (25, 0, '2019-08-26 18:58:25.787', '2019-08-27 10:20:57.734', 0, 8, 'factoringAddress', NULL, 'SELECT ADDRESS FROM ENTERPRISE_CONTACT WHERE ENT_ID = @Chain.factoringId@ AND IS_DELETE = 0 AND STATUS != -1', '保理商地址');
INSERT INTO `DOCUMENT_TEMPLATE_VARIABLE` VALUES (26, 1, '2019-08-27 08:55:14.421', '2019-08-27 08:55:14.421', 0, 8, 'supplierLegal', NULL, 'SELECT NAME FROM CONTACTS WHERE ENTERPRISE_ID = @Chain.supplierId@ AND TYPE = 1 AND IS_DELETE = 0 AND STATUS != -1', '供应商法人');
INSERT INTO `DOCUMENT_TEMPLATE_VARIABLE` VALUES (27, 0, '2019-08-27 08:56:14.097', '2019-08-27 10:20:57.741', 0, 8, 'factoringLegalName', NULL, 'SELECT NAME FROM CONTACTS WHERE ENTERPRISE_ID = @Chain.factoringId@ AND TYPE = 1 AND IS_DELETE = 0 AND STATUS != -1', '保理商法人');
INSERT INTO `DOCUMENT_TEMPLATE_VARIABLE` VALUES (28, 0, '2019-08-27 08:56:14.106', '2019-08-27 10:20:57.748', 0, 8, 'supplierLegalName', NULL, 'SELECT NAME FROM CONTACTS WHERE ENTERPRISE_ID = @Chain.supplierId@ AND TYPE = 1 AND IS_DELETE = 0 AND STATUS != -1', '供应商法人');
INSERT INTO `DOCUMENT_TEMPLATE_VARIABLE` VALUES (29, 0, '2019-08-27 09:03:19.630', '2019-08-27 10:20:57.754', 0, 8, 'supplierContactsName', NULL, 'SELECT NAME FROM ENTERPRISE_CONTACT WHERE ENT_ID = @Chain.supplierId@ AND IS_DELETE = 0 AND STATUS != -1', '供应商联系人名称');
INSERT INTO `DOCUMENT_TEMPLATE_VARIABLE` VALUES (30, 0, '2019-08-27 09:04:00.715', '2019-08-27 10:20:57.761', 0, 8, 'factoringContactsName', NULL, 'SELECT NAME FROM ENTERPRISE_CONTACT WHERE ENT_ID = @Chain.factoringId@ AND IS_DELETE = 0 AND STATUS != -1', '保理商联系人名称');
INSERT INTO `DOCUMENT_TEMPLATE_VARIABLE` VALUES (31, 0, '2019-08-27 09:05:44.737', '2019-08-27 10:20:57.768', 0, 8, 'supplierContactsPhone', NULL, 'SELECT MOBILE_PHONE FROM ENTERPRISE_CONTACT WHERE ENT_ID = @Chain.supplierId@ AND IS_DELETE = 0 AND STATUS != -1', '供应商联系人电话');
INSERT INTO `DOCUMENT_TEMPLATE_VARIABLE` VALUES (32, 0, '2019-08-27 09:06:25.036', '2019-08-27 10:20:57.775', 0, 8, 'factoringContactsPhone', NULL, 'SELECT MOBILE_PHONE FROM ENTERPRISE_CONTACT WHERE ENT_ID = @Chain.factoringId@ AND IS_DELETE = 0 AND STATUS != -1', '保理商联系人电话');
INSERT INTO `DOCUMENT_TEMPLATE_VARIABLE` VALUES (33, 0, '2019-08-27 09:07:29.162', '2019-08-27 10:20:57.782', 0, 8, 'supplierContactsEmail', NULL, 'SELECT EMAIL FROM ENTERPRISE_CONTACT WHERE ENT_ID = @Chain.supplierId@ AND IS_DELETE = 0 AND STATUS != -1', '供应商联系人邮箱');
INSERT INTO `DOCUMENT_TEMPLATE_VARIABLE` VALUES (34, 0, '2019-08-27 09:08:16.046', '2019-08-27 10:20:57.788', 0, 8, 'factoringContactsEmail', NULL, 'SELECT EMAIL FROM ENTERPRISE_CONTACT WHERE ENT_ID = @Chain.factoringId@ AND IS_DELETE = 0 AND STATUS != -1', '保理商联系人邮箱');
INSERT INTO `DOCUMENT_TEMPLATE_VARIABLE` VALUES (35, 0, '2019-08-27 09:10:20.742', '2019-08-27 10:20:57.795', 0, 8, 'financingRate', '${@Chain.financingRate@}', NULL, '融资利率');
INSERT INTO `DOCUMENT_TEMPLATE_VARIABLE` VALUES (36, 0, '2019-08-27 09:20:30.214', '2019-08-27 10:20:57.805', 0, 8, 'supplierAccountName', '${Supplier.name}', '', '供应商收款账户名');
INSERT INTO `DOCUMENT_TEMPLATE_VARIABLE` VALUES (37, 0, '2019-08-27 09:22:39.570', '2019-08-27 10:20:57.816', 0, 8, 'supplierAccountBank', NULL, 'SELECT ACCOUNT_BANK FROM ENTERPRISE_BANK_ACCOUNT WHERE ENTERPRISE_ID = @Chain.supplierId@ AND IS_DELETE = 0 AND STATUS = 3 ORDER BY UPDATED_AT DESC LIMIT 0, 1', '供应商收款账户开户行');
INSERT INTO `DOCUMENT_TEMPLATE_VARIABLE` VALUES (38, 0, '2019-08-27 09:23:57.779', '2019-08-27 10:20:57.845', 0, 8, 'supplierBankAccount', NULL, 'SELECT ACCOUNT FROM ENTERPRISE_BANK_ACCOUNT WHERE ENTERPRISE_ID = @Chain.supplierId@ AND IS_DELETE = 0 AND STATUS = 3 ORDER BY UPDATED_AT DESC LIMIT 0, 1', '供应商收款账号');
INSERT INTO `DOCUMENT_TEMPLATE_VARIABLE` VALUES (39, 0, '2019-08-27 09:40:51.438', '2019-08-27 10:20:57.867', 0, 8, 'dealContractName', '${Chain.contractName}', NULL, '基础交易合同名称');
INSERT INTO `DOCUMENT_TEMPLATE_VARIABLE` VALUES (40, 0, '2019-08-27 09:40:51.446', '2019-08-27 10:20:57.894', 0, 8, 'chainCode', '${Chain.code}', NULL, '智融链账单号');
INSERT INTO `DOCUMENT_TEMPLATE_VARIABLE` VALUES (41, 0, '2019-08-27 09:41:22.625', '2019-08-27 10:20:57.909', 0, 8, 'dealContractCode', '${Chain.contractCode}', NULL, '基础交易合同编号');
INSERT INTO `DOCUMENT_TEMPLATE_VARIABLE` VALUES (42, 0, '2019-08-27 09:41:53.791', '2019-08-27 10:20:57.928', 0, 8, 'coreEntName', '${CoreEnt.name}', NULL, '核心企业名称');
INSERT INTO `DOCUMENT_TEMPLATE_VARIABLE` VALUES (43, 0, '2019-08-27 09:55:26.010', '2019-08-27 10:20:57.943', 0, 8, 'invoiceNumberList', '', 'SELECT GROUP_CONCAT(SERIAL_NUMBER) FROM CHAIN_INVOICE WHERE CHAIN_ID = ${Chain.id}', '发票编号列表');
INSERT INTO `DOCUMENT_TEMPLATE_VARIABLE` VALUES (44, 0, '2019-08-27 10:03:13.417', '2019-08-27 10:20:57.962', 0, 8, 'invoiceAmount', '${formatAmount(Chain.invoiceValue, 2)}', '', '发票金额');
INSERT INTO `DOCUMENT_TEMPLATE_VARIABLE` VALUES (45, 0, '2019-08-27 10:04:01.818', '2019-08-27 10:20:57.978', 0, 8, 'financingAmount', '${formatAmount(Chain.factoringAmount, 2)}', NULL, '融资金额');
INSERT INTO `DOCUMENT_TEMPLATE_VARIABLE` VALUES (46, 0, '2019-08-27 10:07:41.534', '2019-08-27 10:20:57.987', 0, 8, 'arrivalDate', '${formatDateDefault(Chain.arrivalDate, \"yyyy-MM-dd\", \" \")}', NULL, '到期日');
INSERT INTO `DOCUMENT_TEMPLATE_VARIABLE` VALUES (47, 0, '2019-08-27 10:08:33.213', '2019-08-27 10:20:57.993', 0, 8, 'financingAmountCapital', '${amountCapital(Chain.factoringAmount, 2)}', NULL, '融资金额大写');

-- ----------------------------
-- Table structure for DOCUMENT_TMP_SIGNING_PARTY
-- ----------------------------
DROP TABLE IF EXISTS `DOCUMENT_TMP_SIGNING_PARTY`;
CREATE TABLE `DOCUMENT_TMP_SIGNING_PARTY`  (
  `ID` bigint(20) NOT NULL AUTO_INCREMENT COMMENT 'ID',
  `IS_DELETE` tinyint(1) NULL DEFAULT 0 COMMENT '是否删除',
  `CREATED_AT` timestamp(3) NOT NULL COMMENT '创建时间',
  `UPDATED_AT` timestamp(3) NOT NULL COMMENT '修改时间',
  `STATUS` int(11) NULL DEFAULT 0 COMMENT '状态',
  `TEMPLATE_ID` bigint(20) NOT NULL COMMENT '模板ID',
  `ALIAS` varchar(1536) CHARACTER SET utf8 COLLATE utf8_bin NULL DEFAULT NULL COMMENT '别名,如:甲方',
  `EXPRESSION` text CHARACTER SET utf8 COLLATE utf8_bin NULL COMMENT '表达式',
  `SQL` text CHARACTER SET utf8 COLLATE utf8_bin NULL COMMENT 'SQL',
  `ACCOUNT_TYPE` varchar(64) CHARACTER SET utf8 COLLATE utf8_bin NULL DEFAULT NULL COMMENT '账户类型, ENTERPRISE:企业账户; PERSONAL: 个人账户',
  `POS_KEY_WORD` varchar(1536) CHARACTER SET utf8 COLLATE utf8_bin NULL DEFAULT NULL COMMENT '印章位置关键字',
  `INFLATE_CONDITION_EXPRESSION` text CHARACTER SET utf8 COLLATE utf8_bin NULL COMMENT '填充条件表达式',
  `CLIENT_TYPE` int(11) NULL DEFAULT NULL COMMENT '签署方客户类型',
  PRIMARY KEY (`ID`) USING BTREE,
  INDEX `IDX_DOC_TMPL_SP_TMPL_ID`(`TEMPLATE_ID`) USING BTREE
) ENGINE = InnoDB AUTO_INCREMENT = 2 CHARACTER SET = utf8 COLLATE = utf8_bin COMMENT = '文档模板签署方' ROW_FORMAT = Dynamic;

-- ----------------------------
-- Records of DOCUMENT_TMP_SIGNING_PARTY
-- ----------------------------
INSERT INTO `DOCUMENT_TMP_SIGNING_PARTY` VALUES (1, 0, '2019-08-26 10:43:51.802', '2019-08-26 11:11:12.524', 0, 6, NULL, NULL, NULL, NULL, NULL, NULL, 0);

-- ----------------------------
-- Table structure for ENTERPRISE
-- ----------------------------
DROP TABLE IF EXISTS `ENTERPRISE`;
CREATE TABLE `ENTERPRISE`  (
  `ID` bigint(20) NOT NULL AUTO_INCREMENT COMMENT 'ID',
  `IS_DELETE` tinyint(1) NULL DEFAULT NULL COMMENT '是否删除',
  `CREATED_AT` timestamp(3) NULL DEFAULT NULL COMMENT '创建时间',
  `UPDATED_AT` timestamp(3) NULL DEFAULT NULL COMMENT '修改时间',
  `STATUS` int(11) NULL DEFAULT 0 COMMENT '企业状态',
  `END_AT` timestamp(3) NULL DEFAULT NULL COMMENT '终审时间',
  `APPLY_AT` timestamp(3) NULL DEFAULT NULL COMMENT '申请时间',
  `REGISTER_AT` timestamp(3) NULL DEFAULT NULL COMMENT '注册时间',
  `CREATOR` bigint(20) NOT NULL COMMENT '创建者',
  `NAME` varchar(1536) CHARACTER SET utf8 COLLATE utf8_bin NOT NULL COMMENT '企业名称',
  `TYPE` int(11) NOT NULL COMMENT '企业类型',
  `INVITATION_CODE` varchar(64) CHARACTER SET utf8 COLLATE utf8_bin NULL DEFAULT NULL COMMENT '邀请码',
  `USCC` varchar(64) CHARACTER SET utf8 COLLATE utf8_bin NULL DEFAULT NULL COMMENT '统一社会信用代码',
  `AUTH_PROGRESS` varchar(64) CHARACTER SET utf8 COLLATE utf8_bin NULL DEFAULT 'UNAUTHORIZED' COMMENT '认证状态',
  `REG_PROTOCOL_SIGNED` tinyint(1) NULL DEFAULT 0 COMMENT '是否签署平台注册协议, 默认false',
  `ACTIVATION_STATUS` int(11) NULL DEFAULT 0 COMMENT '激活状态',
  PRIMARY KEY (`ID`) USING BTREE
) ENGINE = InnoDB AUTO_INCREMENT = 64 CHARACTER SET = utf8 COLLATE = utf8_bin COMMENT = '企业信息表' ROW_FORMAT = Dynamic;

-- ----------------------------
-- Records of ENTERPRISE
-- ----------------------------
INSERT INTO `ENTERPRISE` VALUES (1, 0, '2019-07-18 13:59:49.056', '2019-08-20 10:06:17.162', 5, NULL, '2019-07-29 10:55:13.438', NULL, 0, '广州智融云科技有限公司', -1, '', '91120116088607543U', NULL, 1, 1);
INSERT INTO `ENTERPRISE` VALUES (15, 0, '2019-07-23 18:31:19.315', '2019-07-29 10:30:05.276', 3, NULL, '2019-07-29 10:19:41.415', NULL, 0, '安徽两淮地质基础工程公司', 1, 'GYS371', '913401001498661603', 'UNAUTHORIZED', 0, 1);
INSERT INTO `ENTERPRISE` VALUES (18, 0, '2019-07-23 18:31:19.315', '2019-08-06 09:56:06.437', 3, NULL, '2019-07-29 14:04:15.756', NULL, 0, 'test供应商公司', 1, '123', NULL, 'UNAUTHORIZED', 0, 1);
INSERT INTO `ENTERPRISE` VALUES (19, 0, '2019-07-25 17:50:47.284', '2019-08-27 10:15:00.027', 3, NULL, '2019-07-29 10:19:41.415', NULL, 0, '福建小米科技有限公司', 20, 'CZF294', '91350602MA34618F5A', 'UNAUTHORIZED', 0, 2);
INSERT INTO `ENTERPRISE` VALUES (20, 0, '2019-07-27 10:30:18.130', '2019-07-26 10:30:18.130', 5, NULL, '2019-07-29 10:19:41.415', NULL, 0, '苏宁环球股份有限公司', 7, 'HXQY615', '91220000124482910C', 'UNAUTHORIZED', 0, 1);
INSERT INTO `ENTERPRISE` VALUES (21, 0, '2019-07-26 10:31:35.409', '2019-07-26 10:31:35.409', 6, NULL, '2019-07-29 10:19:41.415', NULL, 0, '小米科技有限责任公司', 20, 'CZF402', '91110108551385082Q', 'UNAUTHORIZED', 0, 0);
INSERT INTO `ENTERPRISE` VALUES (22, 0, '2019-07-26 10:32:51.411', '2019-07-26 10:32:51.411', 6, NULL, '2019-07-29 10:19:41.415', NULL, 0, '北京小米支付技术有限公司', 8, 'BLS92', '91110302089670122N', 'UNAUTHORIZED', 0, 1);
INSERT INTO `ENTERPRISE` VALUES (23, 0, '2019-07-26 11:13:21.046', '2019-08-23 17:54:54.193', 3, '2019-07-30 09:33:11.761', '2019-07-29 15:22:50.181', NULL, 0, '安徽万格维商贸有限公司', 1, 'GYS586', '91340124MA2N48Q43W', 'UNAUTHORIZED', 1, 1);
INSERT INTO `ENTERPRISE` VALUES (24, 0, '2019-07-26 11:17:13.494', '2019-07-26 16:10:09.701', 3, NULL, '2019-07-26 16:10:09.701', NULL, 0, '安徽勤丰建设工程有限公司', 1, 'GYS490', '91340100153629360W', 'UNAUTHORIZED', 0, 1);
INSERT INTO `ENTERPRISE` VALUES (25, 0, '2019-07-29 11:23:06.387', '2019-08-08 10:04:00.780', 5, NULL, '2019-07-26 16:10:09.701', NULL, 0, '思维新智科技(北京)有限公司', 7, 'HXQY96', '91110108318285173A', 'UNAUTHORIZED', 0, 1);
INSERT INTO `ENTERPRISE` VALUES (26, 0, '2019-07-29 11:27:36.196', '2019-07-29 11:27:36.196', 4, NULL, NULL, NULL, 0, '小米有品科技有限公司', 20, 'CZF100', '91320100MA1WH04F9C', 'UNAUTHORIZED', 0, 0);
INSERT INTO `ENTERPRISE` VALUES (27, 0, '2019-07-29 11:28:04.926', '2019-07-29 11:28:04.926', 4, NULL, NULL, NULL, 0, '中国工商银行股份有限公司', 7, 'HXQY372', '91100000100003962T', 'UNAUTHORIZED', 0, 1);
INSERT INTO `ENTERPRISE` VALUES (28, 0, '2019-07-29 11:29:28.562', '2019-07-29 15:35:23.507', 3, '2019-07-29 15:35:23.507', '2019-07-29 15:33:30.603', NULL, 0, '中国银行股份有限公司', 1, 'GYS412', '911000001000013428', 'UNAUTHORIZED', 0, 1);
INSERT INTO `ENTERPRISE` VALUES (29, 0, '2019-07-29 11:42:02.723', '2019-07-29 15:10:09.703', 3, '2019-07-29 15:10:05.430', '2019-07-29 15:10:09.703', NULL, 0, '中国建设银行股份有限公司', 7, 'HXQY334', '911100001000044477', 'UNAUTHORIZED', 0, 1);
INSERT INTO `ENTERPRISE` VALUES (30, 0, '2019-07-29 11:43:22.692', '2019-07-29 15:04:26.387', 3, '2019-07-29 15:04:20.033', '2019-07-29 15:04:26.387', NULL, 0, '交通银行股份有限公司', 1, 'GYS982', '9131000010000595XD', 'UNAUTHORIZED', 0, 1);
INSERT INTO `ENTERPRISE` VALUES (31, 0, '2019-07-29 11:44:40.138', '2019-07-29 15:00:54.395', 3, NULL, '2019-07-29 15:00:54.395', NULL, 0, '中国建设银行股份有限公司', 1, 'GYS836', '911100001000044477', 'UNAUTHORIZED', 0, 1);
INSERT INTO `ENTERPRISE` VALUES (32, 0, '2019-07-29 11:45:09.049', '2019-07-29 14:31:47.668', 3, NULL, '2019-07-29 14:31:47.668', NULL, 0, '中国建设银行股份有限公司', 20, 'GYS780', '911100001000044477', 'UNAUTHORIZED', 0, 0);
INSERT INTO `ENTERPRISE` VALUES (33, 0, '2019-07-29 11:50:26.191', '2019-07-29 14:20:15.180', 3, NULL, '2019-07-29 14:20:15.180', NULL, 0, '中国建设银行股份有限公司', 8, 'GYS767', '911100001000044477', 'UNAUTHORIZED', 0, 1);
INSERT INTO `ENTERPRISE` VALUES (34, -1, '2019-07-29 11:51:13.806', '2019-07-29 14:17:14.315', 3, NULL, '2019-07-29 14:17:14.315', NULL, 0, '中国建设银行股份有限公司', 4, 'GYS802', '911100001000044477', 'UNAUTHORIZED', 0, 1);
INSERT INTO `ENTERPRISE` VALUES (35, 0, '2019-07-29 16:06:12.478', '2019-07-29 16:06:12.478', 4, NULL, NULL, NULL, 0, '平安银行股份有限公司', 7, 'HXQY547', '91440300192185379H', 'UNAUTHORIZED', 0, 1);
INSERT INTO `ENTERPRISE` VALUES (36, 0, '2019-07-29 16:07:00.011', '2019-07-29 16:07:00.011', 4, NULL, NULL, NULL, 0, '中国平安保险(集团)股份有限公司', 20, 'CZF598', '91440300100012316L', 'UNAUTHORIZED', 0, 0);
INSERT INTO `ENTERPRISE` VALUES (37, 0, '2019-07-29 16:07:56.394', '2019-07-29 16:07:56.394', 4, NULL, NULL, NULL, 0, '中国工商出版社有限公司', 8, 'BLS882', '91110000100027833M', 'UNAUTHORIZED', 0, 1);
INSERT INTO `ENTERPRISE` VALUES (38, 0, '2019-07-29 16:08:31.065', '2019-07-29 16:08:31.065', 4, NULL, NULL, NULL, 0, '杭州工商信托股份有限公司', 8, 'BLS219', '91330000143056183K', 'UNAUTHORIZED', 0, 1);
INSERT INTO `ENTERPRISE` VALUES (39, 0, '2019-08-02 17:23:15.788', '2019-08-02 17:23:15.788', 4, NULL, NULL, NULL, 0, '广州市花都第四建筑工程有限公司', 1, 'GYS493', '914401141911904832', NULL, 0, 1);
INSERT INTO `ENTERPRISE` VALUES (41, 0, '2019-08-02 17:45:00.024', '2019-08-02 17:45:00.024', 4, NULL, NULL, NULL, 0, '安徽九尨渣土运输有限公司', 1, 'GYS587', '91341621MA2NKJYT66', NULL, 0, 1);
INSERT INTO `ENTERPRISE` VALUES (42, 0, '2019-08-02 17:45:21.586', '2019-08-02 17:45:21.586', 4, NULL, NULL, NULL, 0, '安徽省美城地基基础工程有限公司', 1, 'GYS830', '913401245578130333', NULL, 0, 1);
INSERT INTO `ENTERPRISE` VALUES (45, 0, '2019-08-07 10:06:32.361', '2019-08-07 10:06:32.361', 4, NULL, NULL, NULL, 0, '中国平安保险(集团)股份有限公司', 1, 'GYS755', '91440300100012316L', NULL, 0, 1);
INSERT INTO `ENTERPRISE` VALUES (46, 0, '2019-08-08 09:29:03.677', '2019-08-08 09:29:03.677', 4, NULL, NULL, NULL, 0, '中建一局土木工程有限公司', 1, 'GYS404', '91110106700216371D', NULL, 0, 1);
INSERT INTO `ENTERPRISE` VALUES (47, 0, '2019-08-08 10:20:10.073', '2019-08-08 10:20:10.073', 4, NULL, NULL, NULL, 0, '内蒙古包钢钢联股份有限公司', 7, 'HXQY757', '911500007014649754', NULL, 0, 1);
INSERT INTO `ENTERPRISE` VALUES (48, 0, '2019-08-09 14:34:26.285', '2019-08-09 14:34:26.285', 4, NULL, NULL, NULL, 0, '小米有品科技有限公司', 1, 'GYS178', '91320100MA1WH04F9C', NULL, 0, 1);
INSERT INTO `ENTERPRISE` VALUES (57, 0, '2019-08-20 15:35:33.835', '2019-08-20 15:35:33.835', 4, NULL, NULL, NULL, 0, '合肥将军建材有限公司', 1, 'GYS56499', '913401005914079605', NULL, 0, 1);
INSERT INTO `ENTERPRISE` VALUES (58, 0, '2019-08-21 14:42:07.727', '2019-08-26 10:34:50.768', 5, NULL, '2019-08-26 10:34:50.768', NULL, 0, '和信(天津)国际商业保理有限公司', 8, 'BLS26699', '91120116088607543U', NULL, 0, 4);
INSERT INTO `ENTERPRISE` VALUES (59, 0, '2019-08-23 09:08:33.958', '2019-08-23 09:08:33.958', 4, NULL, NULL, NULL, 0, '行吟信息科技(上海)有限公司', 1, 'GYS14199', '91310114074811922G', NULL, 0, 1);
INSERT INTO `ENTERPRISE` VALUES (60, 0, '2019-08-23 09:12:57.164', '2019-08-23 15:00:13.016', 2, NULL, '2019-08-23 09:44:33.234', NULL, 0, '安徽玉珊瑚建筑工程有限公司', 1, 'GYS55999', '913401007467580616', NULL, 0, 3);
INSERT INTO `ENTERPRISE` VALUES (61, 0, '2019-08-26 15:59:44.871', '2019-08-26 15:59:44.871', 4, NULL, NULL, NULL, 0, '深圳恒和信商业保理有限公司', 7, 'HXQYH9FP', '91440300MA5F0ADW19', NULL, 0, 0);
INSERT INTO `ENTERPRISE` VALUES (62, 0, '2019-08-26 16:27:31.800', '2019-08-26 16:27:31.800', 4, NULL, NULL, NULL, 0, '虎扑(上海)文化传播股份有限公司', 20, 'CZFF6SQ', '913100006660985930', NULL, 0, 0);
INSERT INTO `ENTERPRISE` VALUES (63, 0, '2019-08-27 09:18:12.581', '2019-08-27 09:27:11.216', 3, '2019-08-27 09:27:11.216', '2019-08-27 09:26:18.870', NULL, 0, '上海铁路轨道交通开发有限公司', 7, 'HXQY9GTW', '91310108132208989Q', NULL, 0, 4);

-- ----------------------------
-- Table structure for ENTERPRISE_ARCHIVE
-- ----------------------------
DROP TABLE IF EXISTS `ENTERPRISE_ARCHIVE`;
CREATE TABLE `ENTERPRISE_ARCHIVE`  (
  `ID` bigint(20) NOT NULL AUTO_INCREMENT COMMENT 'ID',
  `ARCHIVE_NO` varchar(200) CHARACTER SET utf8 COLLATE utf8_bin NOT NULL COMMENT '档案编号,档案类型+当前时间+两位随机数',
  `ENTERPRISE_ID` bigint(20) NULL DEFAULT NULL COMMENT '所属企业ID',
  `ATTACHMENT_ID` bigint(20) NOT NULL COMMENT '附件ID',
  `IS_DELETE` tinyint(1) NULL DEFAULT NULL COMMENT '是否删除',
  `CREATED_AT` timestamp(3) NULL DEFAULT NULL,
  `UPDATED_AT` timestamp(3) NULL DEFAULT NULL COMMENT '修改时间',
  `STATUS` int(11) NULL DEFAULT 0 COMMENT '状态',
  `CREATOR` bigint(20) NOT NULL COMMENT '创建者',
  `UPDATER` bigint(20) NOT NULL COMMENT '更新者',
  `REMARK` varchar(1536) CHARACTER SET utf8 COLLATE utf8_bin NULL DEFAULT NULL COMMENT '备注',
  `TAG` varchar(1536) CHARACTER SET utf8 COLLATE utf8_bin NULL DEFAULT NULL COMMENT '标记,标记文件类型：认证资料authen_datum,授权委托书author_delegation',
  PRIMARY KEY (`ID`) USING BTREE
) ENGINE = InnoDB AUTO_INCREMENT = 16 CHARACTER SET = utf8 COLLATE = utf8_bin COMMENT = '企业档案表' ROW_FORMAT = Dynamic;

-- ----------------------------
-- Records of ENTERPRISE_ARCHIVE
-- ----------------------------
INSERT INTO `ENTERPRISE_ARCHIVE` VALUES (1, '201908017839', 1222, 11111, 0, '2019-08-01 15:56:47.825', '2019-08-01 15:56:47.825', 0, 0, 0, NULL, 'authen_datum');
INSERT INTO `ENTERPRISE_ARCHIVE` VALUES (2, '201908017839', 1222, 331111, 0, '2019-08-01 15:56:47.834', '2019-08-01 15:56:47.834', 0, 0, 0, NULL, 'authen_datum');
INSERT INTO `ENTERPRISE_ARCHIVE` VALUES (3, '201908017839', 1222, 11111333, 0, '2019-08-01 15:56:47.839', '2019-08-01 15:56:47.839', 0, 0, 0, NULL, 'authen_datum');
INSERT INTO `ENTERPRISE_ARCHIVE` VALUES (4, '201908017884', 22, 78, 1, '2019-08-01 17:03:37.336', '2019-08-01 17:03:37.336', 0, 1, 0, NULL, 'authen_datum');
INSERT INTO `ENTERPRISE_ARCHIVE` VALUES (5, '201908017884', 22, 77, 1, '2019-08-01 17:03:37.343', '2019-08-01 17:03:37.343', 0, 1, 0, NULL, 'authen_datum');
INSERT INTO `ENTERPRISE_ARCHIVE` VALUES (6, '201908018505', 22, 78, 1, '2019-08-01 17:04:45.120', '2019-08-01 17:04:45.120', 0, 1, 0, NULL, 'authen_datum');
INSERT INTO `ENTERPRISE_ARCHIVE` VALUES (7, '201908018505', 22, 77, 1, '2019-08-01 17:04:45.124', '2019-08-01 17:04:45.124', 0, 1, 0, NULL, 'authen_datum');
INSERT INTO `ENTERPRISE_ARCHIVE` VALUES (8, '201908017592', 22, 78, 1, '2019-08-01 17:07:40.873', '2019-08-01 17:07:40.873', 0, 1, 0, NULL, 'authen_datum');
INSERT INTO `ENTERPRISE_ARCHIVE` VALUES (9, '201908017592', 22, 77, 1, '2019-08-01 17:07:40.877', '2019-08-01 17:07:40.877', 0, 1, 0, NULL, 'authen_datum');
INSERT INTO `ENTERPRISE_ARCHIVE` VALUES (10, '201908019416', 22, 78, 1, '2019-08-01 17:08:29.860', '2019-08-01 17:08:29.860', 0, 1, 0, NULL, 'authen_datum');
INSERT INTO `ENTERPRISE_ARCHIVE` VALUES (11, '201908019416', 22, 77, 1, '2019-08-01 17:08:29.863', '2019-08-01 17:08:29.863', 0, 1, 0, NULL, 'authen_datum');
INSERT INTO `ENTERPRISE_ARCHIVE` VALUES (12, '201908018895', 22, 78, 0, '2019-08-01 17:08:57.936', '2019-08-01 17:08:57.936', 0, 1, 0, NULL, 'authen_datum');
INSERT INTO `ENTERPRISE_ARCHIVE` VALUES (13, '201908018895', 22, 77, 0, '2019-08-01 17:08:57.939', '2019-08-01 17:08:57.939', 0, 1, 0, NULL, 'authen_datum');
INSERT INTO `ENTERPRISE_ARCHIVE` VALUES (14, '201908208459', 23, 348, 0, '2019-08-20 12:04:26.133', NULL, 0, 28, 0, NULL, 'register_protocol');
INSERT INTO `ENTERPRISE_ARCHIVE` VALUES (15, '201908239804', 23, 462, 0, '2019-08-23 17:55:37.154', '2019-08-23 17:55:37.154', 0, 28, 0, NULL, 'register_protocol');

-- ----------------------------
-- Table structure for ENTERPRISE_BANK_ACCOUNT
-- ----------------------------
DROP TABLE IF EXISTS `ENTERPRISE_BANK_ACCOUNT`;
CREATE TABLE `ENTERPRISE_BANK_ACCOUNT`  (
  `ID` bigint(20) NOT NULL AUTO_INCREMENT COMMENT 'ID',
  `IS_DELETE` tinyint(1) NULL DEFAULT NULL COMMENT '是否删除',
  `CREATED_AT` timestamp(3) NULL DEFAULT NULL COMMENT '创建时间',
  `UPDATED_AT` timestamp(3) NULL DEFAULT NULL COMMENT '修改时间',
  `STATUS` int(11) NULL DEFAULT 0 COMMENT '状态',
  `ENTERPRISE_ID` bigint(20) NULL DEFAULT NULL COMMENT '企业ID',
  `ACCOUNT` varchar(192) CHARACTER SET utf8 COLLATE utf8_bin NULL DEFAULT NULL COMMENT '账号',
  `ACCOUNT_BANK` varchar(192) CHARACTER SET utf8 COLLATE utf8_bin NULL DEFAULT NULL COMMENT '开户行',
  PRIMARY KEY (`ID`) USING BTREE
) ENGINE = InnoDB AUTO_INCREMENT = 30 CHARACTER SET = utf8 COLLATE = utf8_bin COMMENT = '企业账户表' ROW_FORMAT = Dynamic;

-- ----------------------------
-- Records of ENTERPRISE_BANK_ACCOUNT
-- ----------------------------
INSERT INTO `ENTERPRISE_BANK_ACCOUNT` VALUES (1, 0, '2019-07-19 14:07:47.627', '2019-07-19 14:07:47.627', 0, 22, '123', '广州分行');
INSERT INTO `ENTERPRISE_BANK_ACCOUNT` VALUES (2, 0, '2019-07-19 14:16:19.910', '2019-08-27 14:20:42.017', 3, 23, '1234', '广州分行2');
INSERT INTO `ENTERPRISE_BANK_ACCOUNT` VALUES (3, 0, '2019-07-19 14:16:19.910', '2019-07-19 14:20:42.017', 0, 24, '1234', '广州分行2');
INSERT INTO `ENTERPRISE_BANK_ACCOUNT` VALUES (4, 0, '2019-07-19 14:16:19.910', '2019-07-19 14:20:42.017', 0, 25, '1234', '广州分行2');
INSERT INTO `ENTERPRISE_BANK_ACCOUNT` VALUES (5, 0, '2019-07-19 14:16:19.910', '2019-07-19 14:20:42.017', 0, 21, '1234', '广州分行2');
INSERT INTO `ENTERPRISE_BANK_ACCOUNT` VALUES (6, 0, '2019-07-19 14:16:19.910', '2019-07-19 14:20:42.017', 0, 20, '1234', '广州分行2');
INSERT INTO `ENTERPRISE_BANK_ACCOUNT` VALUES (13, 1, '2019-08-05 11:14:19.373', '2019-08-05 11:14:19.373', 2, 15, '111222', '广州光大分行');
INSERT INTO `ENTERPRISE_BANK_ACCOUNT` VALUES (14, 1, '2019-08-05 11:38:44.653', '2019-08-05 11:38:44.653', 3, 15, '222111', '广州光大分行');
INSERT INTO `ENTERPRISE_BANK_ACCOUNT` VALUES (15, 0, '2019-08-05 11:44:01.238', '2019-08-05 11:44:01.238', -1, 15, '123456', '广州光大分行');
INSERT INTO `ENTERPRISE_BANK_ACCOUNT` VALUES (16, 0, '2019-08-05 14:09:50.532', '2019-08-05 14:37:46.863', 1, 15, '234567', '广州光大分行2');
INSERT INTO `ENTERPRISE_BANK_ACCOUNT` VALUES (17, 0, '2019-08-05 15:10:43.291', '2019-08-05 15:13:51.901', 1, 15, '345678', '广州光大分行3_2');
INSERT INTO `ENTERPRISE_BANK_ACCOUNT` VALUES (18, 0, '2019-08-05 15:18:44.265', '2019-08-05 15:20:53.134', 1, 15, '456789', '广州光大分行4_2');
INSERT INTO `ENTERPRISE_BANK_ACCOUNT` VALUES (19, 0, '2019-08-07 11:50:22.861', '2019-08-09 15:08:34.729', -1, 29, '147852963', NULL);
INSERT INTO `ENTERPRISE_BANK_ACCOUNT` VALUES (20, 0, '2019-08-07 11:53:21.299', '2019-08-07 11:53:21.299', -1, 29, '1591478236954', '1212');
INSERT INTO `ENTERPRISE_BANK_ACCOUNT` VALUES (23, 0, '2019-08-07 14:39:26.340', '2019-08-07 14:39:26.340', -1, 29, '123456789', '123');
INSERT INTO `ENTERPRISE_BANK_ACCOUNT` VALUES (25, 0, '2019-08-21 15:56:11.647', '2019-08-21 15:56:11.647', 1, 29, '62145630258741235', '中国建设银行股份有限公司上海营口路支行');
INSERT INTO `ENTERPRISE_BANK_ACCOUNT` VALUES (26, 0, '2019-08-23 17:13:26.550', '2019-08-23 17:13:26.550', 1, 23, 'testaccount1', 'testaccount1');
INSERT INTO `ENTERPRISE_BANK_ACCOUNT` VALUES (27, 0, '2019-08-26 11:29:43.063', '2019-08-26 11:29:43.063', 1, 23, 'test4', 'test4');
INSERT INTO `ENTERPRISE_BANK_ACCOUNT` VALUES (28, 0, '2019-08-26 11:33:55.022', '2019-08-26 11:33:55.022', 3, 23, 'test5', 'test5');
INSERT INTO `ENTERPRISE_BANK_ACCOUNT` VALUES (29, 0, '2019-08-27 09:43:21.700', '2019-08-27 09:45:22.269', 3, 23, 'test6_2', 'test6_2');

-- ----------------------------
-- Table structure for ENTERPRISE_BILL_ARCHIVE
-- ----------------------------
DROP TABLE IF EXISTS `ENTERPRISE_BILL_ARCHIVE`;
CREATE TABLE `ENTERPRISE_BILL_ARCHIVE`  (
  `ID` bigint(20) NOT NULL AUTO_INCREMENT COMMENT 'ID',
  `ARCHIVE_NO` varchar(200) CHARACTER SET utf8 COLLATE utf8_bin NOT NULL COMMENT '档案编号,当前日期+四位随机数',
  `CHAIN_CODE` varchar(200) CHARACTER SET utf8 COLLATE utf8_bin NULL DEFAULT NULL COMMENT '智融链编号',
  `ATTACHMENT_ID` bigint(20) NOT NULL COMMENT '附件ID',
  `ARCHIVE_TYPE` int(11) NULL DEFAULT NULL COMMENT '档案类型,0:开单;1:转单;3:融单',
  `BILL_ENT_ID` bigint(20) NOT NULL COMMENT '开单企业ID或转单企业ID或融单企业ID',
  `RELATE_ENT_ID` bigint(20) NOT NULL COMMENT '关联企业ID,开单时为授信机构，转单时为收单企业，融单时为出资方',
  `FINANCING_RATE` double NULL DEFAULT NULL COMMENT '融资利率，当为融单档案时才会有值',
  `IS_DELETE` tinyint(1) NULL DEFAULT 0 COMMENT '是否删除',
  `CREATED_AT` timestamp(3) NOT NULL COMMENT '创建时间',
  `UPDATED_AT` timestamp(3) NOT NULL COMMENT '修改时间',
  `STATUS` int(11) NULL DEFAULT 0 COMMENT '状态',
  `CREATOR` bigint(20) NOT NULL COMMENT '创建者',
  `UPDATER` bigint(20) NOT NULL COMMENT '更新者',
  `REMARK` varchar(1536) CHARACTER SET utf8 COLLATE utf8_bin NULL DEFAULT NULL COMMENT '备注',
  `TAG` varchar(1536) CHARACTER SET utf8 COLLATE utf8_bin NULL DEFAULT NULL COMMENT '标记',
  `FACTORING_ID` bigint(20) NULL DEFAULT NULL COMMENT '保理商Id',
  `FUND_ID` bigint(20) NULL DEFAULT NULL COMMENT '资金方ID',
  PRIMARY KEY (`ID`) USING BTREE
) ENGINE = InnoDB AUTO_INCREMENT = 108 CHARACTER SET = utf8 COLLATE = utf8_bin COMMENT = '企业开单、转单、融单档案表' ROW_FORMAT = Dynamic;

-- ----------------------------
-- Records of ENTERPRISE_BILL_ARCHIVE
-- ----------------------------
INSERT INTO `ENTERPRISE_BILL_ARCHIVE` VALUES (7, '201908052001', 'ZRL201908054366P', 145, 0, 1, 1, 0, 0, '2019-08-05 10:44:32.214', '2019-08-05 10:44:32.214', 0, 1, 0, NULL, NULL, NULL, NULL);
INSERT INTO `ENTERPRISE_BILL_ARCHIVE` VALUES (8, '201908052001', 'ZRL201908054366P', 146, 0, 1, 1, 0, 0, '2019-08-05 10:44:32.217', '2019-08-05 10:44:32.217', 0, 1, 0, NULL, NULL, NULL, NULL);
INSERT INTO `ENTERPRISE_BILL_ARCHIVE` VALUES (9, '201908056880', 'ZRL201908052477P', 147, 0, 1, 15, 0, 0, '2019-08-05 10:47:02.614', '2019-08-05 10:47:02.614', 0, 1, 0, NULL, NULL, NULL, NULL);
INSERT INTO `ENTERPRISE_BILL_ARCHIVE` VALUES (10, '201908056880', 'ZRL201908052477P', 148, 0, 1, 15, 0, 0, '2019-08-05 10:47:02.618', '2019-08-05 10:47:02.618', 0, 1, 0, NULL, NULL, NULL, NULL);
INSERT INTO `ENTERPRISE_BILL_ARCHIVE` VALUES (11, '201908067662', 'ZRL201908069678P', 161, 0, 1, 1, 0, 0, '2019-08-06 10:04:22.648', '2019-08-06 10:04:22.648', 0, 1, 0, NULL, NULL, NULL, NULL);
INSERT INTO `ENTERPRISE_BILL_ARCHIVE` VALUES (12, '201908069605', 'ZRL201908064907P', 162, 0, 1, 1, 0, 0, '2019-08-06 14:06:31.638', '2019-08-06 14:06:31.638', 0, 1, 0, NULL, NULL, NULL, NULL);
INSERT INTO `ENTERPRISE_BILL_ARCHIVE` VALUES (13, '201908069605', 'ZRL201908064907P', 163, 0, 1, 1, 0, 0, '2019-08-06 14:06:31.645', '2019-08-06 14:06:31.645', 0, 1, 0, NULL, NULL, NULL, NULL);
INSERT INTO `ENTERPRISE_BILL_ARCHIVE` VALUES (14, '201908065748', 'ZRL201908069603P', 164, 0, 1, 1, 0, 0, '2019-08-06 14:14:50.434', '2019-08-06 14:14:50.434', 0, 1, 0, NULL, NULL, NULL, NULL);
INSERT INTO `ENTERPRISE_BILL_ARCHIVE` VALUES (15, '201908066573', 'ZRL201908068263P', 165, 0, 1, 1, 0, 0, '2019-08-06 14:19:31.288', '2019-08-06 14:19:31.288', 0, 1, 0, NULL, NULL, NULL, NULL);
INSERT INTO `ENTERPRISE_BILL_ARCHIVE` VALUES (16, '201908062545', 'ZRL201908066537P', 169, 0, 1, 1, 0, 0, '2019-08-06 15:44:27.971', '2019-08-06 15:44:27.971', 0, 1, 0, NULL, NULL, NULL, NULL);
INSERT INTO `ENTERPRISE_BILL_ARCHIVE` VALUES (17, '201908062545', 'ZRL201908066537P', 170, 0, 1, 1, 0, 0, '2019-08-06 15:44:27.980', '2019-08-06 15:44:27.980', 0, 1, 0, NULL, NULL, NULL, NULL);
INSERT INTO `ENTERPRISE_BILL_ARCHIVE` VALUES (18, '201908061304', 'ZRL201908069493P', 171, 0, 1, 1, 0, 0, '2019-08-06 15:48:28.670', '2019-08-06 15:48:28.670', 0, 1, 0, NULL, NULL, NULL, NULL);
INSERT INTO `ENTERPRISE_BILL_ARCHIVE` VALUES (19, '201908071698', 'ZRL201908075944P', 183, 0, 34, 1, 0, 0, '2019-08-07 09:44:56.535', '2019-08-07 09:44:56.535', 0, 34, 0, NULL, NULL, NULL, NULL);
INSERT INTO `ENTERPRISE_BILL_ARCHIVE` VALUES (20, '201908078265', 'ZRL201908078962P', 185, 0, 34, 1, 0, 0, '2019-08-07 10:03:54.663', '2019-08-07 10:03:54.663', 0, 34, 0, NULL, NULL, NULL, NULL);
INSERT INTO `ENTERPRISE_BILL_ARCHIVE` VALUES (21, '201908076510', 'ZRL201908076988P', 186, 0, 34, 1, 0, 0, '2019-08-07 10:06:11.404', '2019-08-07 10:06:11.404', 0, 34, 0, NULL, NULL, NULL, NULL);
INSERT INTO `ENTERPRISE_BILL_ARCHIVE` VALUES (22, '201908086898', 'ZRL201908089184P', 213, 0, 1, 1, 0, 0, '2019-08-08 09:09:36.390', '2019-08-08 09:09:36.390', 0, 1, 0, NULL, NULL, NULL, NULL);
INSERT INTO `ENTERPRISE_BILL_ARCHIVE` VALUES (23, '201908088066', 'ZRL201908083323P', 214, 0, 29, 1, 0, 0, '2019-08-08 10:06:18.075', '2019-08-08 10:06:18.075', 0, 64, 0, NULL, NULL, NULL, NULL);
INSERT INTO `ENTERPRISE_BILL_ARCHIVE` VALUES (35, '201908086630', 'ZRL201908086052P', 243, 0, 1, 1, 0, 0, '2019-08-08 15:45:44.334', '2019-08-08 15:45:44.334', 0, 1, 0, NULL, NULL, NULL, NULL);
INSERT INTO `ENTERPRISE_BILL_ARCHIVE` VALUES (36, '201908088851', 'ZRL201908082848P', 244, 0, 29, 1, 0, 0, '2019-08-08 15:48:48.524', '2019-08-08 15:48:48.524', 0, 64, 0, NULL, NULL, NULL, NULL);
INSERT INTO `ENTERPRISE_BILL_ARCHIVE` VALUES (37, '201908084469', 'ZRL201908087611P', 246, 0, 29, 1, 0, 0, '2019-08-08 17:07:05.152', '2019-08-08 17:07:05.152', 0, 64, 0, NULL, NULL, NULL, NULL);
INSERT INTO `ENTERPRISE_BILL_ARCHIVE` VALUES (38, '201908094130', 'ZRL201908094656P', 252, 0, 29, 1, 0, 0, '2019-08-09 11:48:21.004', '2019-08-09 11:48:21.004', 0, 34, 0, NULL, NULL, NULL, NULL);
INSERT INTO `ENTERPRISE_BILL_ARCHIVE` VALUES (47, '201908169872', 'ZRL201908167352R', 287, 2, 23, 0, 10, 0, '2019-08-16 16:35:40.480', '2019-08-16 16:35:40.480', 0, 28, 0, NULL, NULL, NULL, NULL);
INSERT INTO `ENTERPRISE_BILL_ARCHIVE` VALUES (48, '201908169872', 'ZRL201908167352R', 288, 2, 23, 0, 10, 0, '2019-08-16 16:35:40.485', '2019-08-16 16:35:40.485', 0, 28, 0, NULL, NULL, NULL, NULL);
INSERT INTO `ENTERPRISE_BILL_ARCHIVE` VALUES (49, '201908169872', 'ZRL201908167352R', 289, 2, 23, 0, 10, 0, '2019-08-16 16:35:40.488', '2019-08-16 16:35:40.488', 0, 28, 0, NULL, NULL, NULL, NULL);
INSERT INTO `ENTERPRISE_BILL_ARCHIVE` VALUES (50, '201908163930', 'ZRL201908161354R', 290, 2, 23, 0, 10, 0, '2019-08-16 16:37:51.016', '2019-08-16 16:37:51.016', 0, 28, 0, NULL, NULL, NULL, NULL);
INSERT INTO `ENTERPRISE_BILL_ARCHIVE` VALUES (51, '201908163930', 'ZRL201908161354R', 291, 2, 23, 0, 10, 0, '2019-08-16 16:37:51.019', '2019-08-16 16:37:51.019', 0, 28, 0, NULL, NULL, NULL, NULL);
INSERT INTO `ENTERPRISE_BILL_ARCHIVE` VALUES (52, '201908163930', 'ZRL201908161354R', 292, 2, 23, 0, 10, 0, '2019-08-16 16:37:51.022', '2019-08-16 16:37:51.022', 0, 28, 0, NULL, NULL, NULL, NULL);
INSERT INTO `ENTERPRISE_BILL_ARCHIVE` VALUES (53, '201908167739', 'ZRL201908167282R', 293, 2, 23, 0, 10, 0, '2019-08-16 16:38:27.683', '2019-08-16 16:38:27.683', 0, 28, 0, NULL, NULL, NULL, NULL);
INSERT INTO `ENTERPRISE_BILL_ARCHIVE` VALUES (54, '201908161480', 'ZRL201908167573P', 296, 0, 29, 1, 0, 0, '2019-08-16 16:52:35.805', '2019-08-16 16:52:35.805', 0, 34, 0, NULL, NULL, NULL, NULL);
INSERT INTO `ENTERPRISE_BILL_ARCHIVE` VALUES (55, '201908169999', 'ZRL201908163097P', 297, 0, 29, 1, 0, 0, '2019-08-16 16:55:36.976', '2019-08-16 16:55:36.976', 0, 34, 0, NULL, NULL, NULL, NULL);
INSERT INTO `ENTERPRISE_BILL_ARCHIVE` VALUES (56, '201908169999', 'ZRL201908163097P', 298, 0, 29, 1, 0, 0, '2019-08-16 16:55:36.980', '2019-08-16 16:55:36.980', 0, 34, 0, NULL, NULL, NULL, NULL);
INSERT INTO `ENTERPRISE_BILL_ARCHIVE` VALUES (57, '201908191883', 'ZRL201908191684S', 305, 1, 23, 0, 0, 0, '2019-08-19 13:57:00.009', '2019-08-19 13:57:00.009', 0, 28, 0, NULL, NULL, NULL, NULL);
INSERT INTO `ENTERPRISE_BILL_ARCHIVE` VALUES (58, '201908194432', 'ZRL201908192634R', 306, 2, 23, 0, 10, 0, '2019-08-19 14:01:26.967', '2019-08-19 14:01:26.967', 0, 28, 0, NULL, NULL, NULL, NULL);
INSERT INTO `ENTERPRISE_BILL_ARCHIVE` VALUES (59, '201908194432', 'ZRL201908192634R', 307, 2, 23, 0, 10, 0, '2019-08-19 14:01:26.970', '2019-08-19 14:01:26.970', 0, 28, 0, NULL, NULL, NULL, NULL);
INSERT INTO `ENTERPRISE_BILL_ARCHIVE` VALUES (60, '201908194432', 'ZRL201908192634R', 308, 2, 23, 0, 10, 0, '2019-08-19 14:01:26.974', '2019-08-19 14:01:26.974', 0, 28, 0, NULL, NULL, NULL, NULL);
INSERT INTO `ENTERPRISE_BILL_ARCHIVE` VALUES (61, '201908199032', 'ZRL201908194463S', 309, 1, 23, 0, 0, 0, '2019-08-19 14:15:44.633', '2019-08-19 14:15:44.633', 0, 28, 0, NULL, NULL, NULL, NULL);
INSERT INTO `ENTERPRISE_BILL_ARCHIVE` VALUES (62, '201908199032', 'ZRL201908194463S', 310, 1, 23, 0, 0, 0, '2019-08-19 14:15:44.641', '2019-08-19 14:15:44.641', 0, 28, 0, NULL, NULL, NULL, NULL);
INSERT INTO `ENTERPRISE_BILL_ARCHIVE` VALUES (63, '201908199032', 'ZRL201908194463S', 311, 1, 23, 0, 0, 0, '2019-08-19 14:15:44.646', '2019-08-19 14:15:44.646', 0, 28, 0, NULL, NULL, NULL, NULL);
INSERT INTO `ENTERPRISE_BILL_ARCHIVE` VALUES (64, '201908195579', 'ZRL201908193041S', 313, 1, 23, 0, 0, 0, '2019-08-19 16:09:53.141', '2019-08-19 16:09:53.141', 0, 28, 0, NULL, NULL, NULL, NULL);
INSERT INTO `ENTERPRISE_BILL_ARCHIVE` VALUES (65, '201908195579', 'ZRL201908193041S', 314, 1, 23, 0, 0, 0, '2019-08-19 16:09:53.149', '2019-08-19 16:09:53.149', 0, 28, 0, NULL, NULL, NULL, NULL);
INSERT INTO `ENTERPRISE_BILL_ARCHIVE` VALUES (66, '201908195579', 'ZRL201908193041S', 315, 1, 23, 0, 0, 0, '2019-08-19 16:09:53.152', '2019-08-19 16:09:53.152', 0, 28, 0, NULL, NULL, NULL, NULL);
INSERT INTO `ENTERPRISE_BILL_ARCHIVE` VALUES (67, '201908191628', 'ZRL201908199252S', 320, 1, 28, 48, 0, 0, '2019-08-19 16:37:50.341', '2019-08-19 16:37:50.341', 0, 33, 0, NULL, NULL, NULL, NULL);
INSERT INTO `ENTERPRISE_BILL_ARCHIVE` VALUES (68, '201908191175', 'ZRL201908197494S', 321, 1, 23, 23, 0, 0, '2019-08-19 16:52:26.157', '2019-08-19 16:52:26.157', 0, 28, 0, NULL, NULL, NULL, NULL);
INSERT INTO `ENTERPRISE_BILL_ARCHIVE` VALUES (69, '201908192418', 'ZRL201908191957S', 322, 1, 23, 23, 0, 0, '2019-08-19 16:58:37.717', '2019-08-19 16:58:37.717', 0, 28, 0, NULL, NULL, NULL, NULL);
INSERT INTO `ENTERPRISE_BILL_ARCHIVE` VALUES (70, '201908192418', 'ZRL201908191957S', 323, 1, 23, 23, 0, 0, '2019-08-19 16:58:37.721', '2019-08-19 16:58:37.721', 0, 28, 0, NULL, NULL, NULL, NULL);
INSERT INTO `ENTERPRISE_BILL_ARCHIVE` VALUES (71, '201908198219', 'ZRL201908199337R', 324, 2, 23, 33, 10, 0, '2019-08-19 17:03:17.896', '2019-08-19 17:03:17.896', 0, 28, 0, NULL, NULL, NULL, NULL);
INSERT INTO `ENTERPRISE_BILL_ARCHIVE` VALUES (72, '201908198219', 'ZRL201908199337R', 325, 2, 23, 33, 10, 0, '2019-08-19 17:03:17.900', '2019-08-19 17:03:17.900', 0, 28, 0, NULL, NULL, NULL, NULL);
INSERT INTO `ENTERPRISE_BILL_ARCHIVE` VALUES (73, '201908198229', 'ZRL201908194231S', 326, 1, 23, 23, 0, 0, '2019-08-19 18:16:15.536', '2019-08-19 18:16:15.536', 0, 28, 0, NULL, NULL, NULL, NULL);
INSERT INTO `ENTERPRISE_BILL_ARCHIVE` VALUES (74, '201908198229', 'ZRL201908194231S', 327, 1, 23, 23, 0, 0, '2019-08-19 18:16:15.570', '2019-08-19 18:16:15.570', 0, 28, 0, NULL, NULL, NULL, NULL);
INSERT INTO `ENTERPRISE_BILL_ARCHIVE` VALUES (75, '201908192888', 'ZRL201908195492S', 330, 1, 23, 23, 0, 0, '2019-08-19 18:51:28.605', '2019-08-19 18:51:28.605', 0, 28, 0, NULL, NULL, NULL, NULL);
INSERT INTO `ENTERPRISE_BILL_ARCHIVE` VALUES (76, '201908192888', 'ZRL201908195492S', 331, 1, 23, 23, 0, 0, '2019-08-19 18:51:28.614', '2019-08-19 18:51:28.614', 0, 28, 0, NULL, NULL, NULL, NULL);
INSERT INTO `ENTERPRISE_BILL_ARCHIVE` VALUES (77, '201908192888', 'ZRL201908195492S', 332, 1, 23, 23, 0, 0, '2019-08-19 18:51:28.619', '2019-08-19 18:51:28.619', 0, 28, 0, NULL, NULL, NULL, NULL);
INSERT INTO `ENTERPRISE_BILL_ARCHIVE` VALUES (78, '201908206072', 'ZRL201908203355P', 333, 0, 29, 23, 0, 0, '2019-08-20 09:26:02.337', '2019-08-20 09:26:02.337', 0, 34, 0, NULL, NULL, 33, 0);
INSERT INTO `ENTERPRISE_BILL_ARCHIVE` VALUES (79, '201908205690', 'ZRL201908202920P', 334, 0, 1, 28, 0, 0, '2019-08-20 10:26:57.482', '2019-08-20 10:26:57.482', 0, 1, 0, NULL, NULL, 1, 0);
INSERT INTO `ENTERPRISE_BILL_ARCHIVE` VALUES (80, '201908209452', 'ZRL201908208399P', 335, 0, 29, 28, 0, 0, '2019-08-20 10:29:25.778', '2019-08-20 10:29:25.778', 0, 34, 0, NULL, NULL, 1, 0);
INSERT INTO `ENTERPRISE_BILL_ARCHIVE` VALUES (83, '201908209378', 'ZRL201908204468P', 347, 0, 29, 28, 0, 0, '2019-08-20 11:58:33.098', '2019-08-20 11:58:33.098', 0, 34, 0, NULL, NULL, 1, 0);
INSERT INTO `ENTERPRISE_BILL_ARCHIVE` VALUES (84, '201908207850', 'ZRL201908208915P', 350, 0, 29, 28, 0, 0, '2019-08-20 14:21:54.157', '2019-08-20 14:21:54.157', 0, 34, 0, NULL, NULL, 1, 0);
INSERT INTO `ENTERPRISE_BILL_ARCHIVE` VALUES (86, '201908202798', 'ZRL201908202645P', 356, 0, 29, 23, 0, 0, '2019-08-20 15:29:54.462', '2019-08-20 15:29:54.462', 0, 34, 0, NULL, NULL, 33, 0);
INSERT INTO `ENTERPRISE_BILL_ARCHIVE` VALUES (87, '201908201532', 'ZRL201908209492P', 357, 0, 29, 28, 0, 0, '2019-08-20 15:30:36.476', '2019-08-20 15:30:36.476', 0, 34, 0, NULL, NULL, 1, 0);
INSERT INTO `ENTERPRISE_BILL_ARCHIVE` VALUES (89, '201908214164', 'ZRL201908215778R', 415, 2, 23, 33, 50, 0, '2019-08-21 18:43:13.958', '2019-08-21 18:43:13.958', 0, 28, 0, NULL, NULL, 33, 0);
INSERT INTO `ENTERPRISE_BILL_ARCHIVE` VALUES (91, '201908213204', 'ZRL201908213863R', 418, 2, 23, 33, 50, 0, '2019-08-21 18:45:01.975', '2019-08-21 18:45:01.975', 0, 28, 0, NULL, NULL, 33, 0);
INSERT INTO `ENTERPRISE_BILL_ARCHIVE` VALUES (92, '201908212331', 'ZRL201908211417R', 419, 2, 23, 33, 50, 0, '2019-08-21 18:46:08.189', '2019-08-21 18:46:08.189', 0, 28, 0, NULL, NULL, 33, 0);
INSERT INTO `ENTERPRISE_BILL_ARCHIVE` VALUES (93, '201908217760', 'ZRL201908218071R', 420, 2, 23, 33, 50, 0, '2019-08-21 18:49:05.427', '2019-08-21 18:49:05.427', 0, 28, 0, NULL, NULL, 33, 0);
INSERT INTO `ENTERPRISE_BILL_ARCHIVE` VALUES (96, '201908231499', 'ZRL201908238383R', 437, 2, 23, 23, 50, 0, '2019-08-23 11:42:59.208', '2019-08-23 11:42:59.208', 0, 28, 0, NULL, NULL, 33, 0);
INSERT INTO `ENTERPRISE_BILL_ARCHIVE` VALUES (99, '201908232105', 'ZRL201908236120R', 443, 2, 23, 23, 50, 0, '2019-08-23 11:44:59.938', '2019-08-23 11:44:59.938', 0, 28, 0, NULL, NULL, 33, 0);
INSERT INTO `ENTERPRISE_BILL_ARCHIVE` VALUES (104, '201908237631', 'ZRL201908234565R', 453, 2, 23, 23, 50, 0, '2019-08-23 13:44:09.371', '2019-08-23 13:44:09.371', 0, 28, 0, NULL, NULL, 33, 0);
INSERT INTO `ENTERPRISE_BILL_ARCHIVE` VALUES (105, '201908237365', 'ZRL201908234565R', 454, 2, 23, 23, 50, 0, '2019-08-23 13:44:09.379', '2019-08-23 13:44:09.379', 0, 28, 0, NULL, NULL, 33, 0);
INSERT INTO `ENTERPRISE_BILL_ARCHIVE` VALUES (106, '201908232732', 'ZRL201908235998R', 455, 2, 23, 23, 50, 0, '2019-08-23 14:58:08.405', '2019-08-23 14:58:08.405', 0, 28, 0, NULL, NULL, 33, 0);
INSERT INTO `ENTERPRISE_BILL_ARCHIVE` VALUES (107, '201908239323', 'ZRL201908235998R', 456, 2, 23, 23, 50, 0, '2019-08-23 14:58:08.415', '2019-08-23 14:58:08.415', 0, 28, 0, NULL, NULL, 33, 0);

-- ----------------------------
-- Table structure for ENTERPRISE_CONTACT
-- ----------------------------
DROP TABLE IF EXISTS `ENTERPRISE_CONTACT`;
CREATE TABLE `ENTERPRISE_CONTACT`  (
  `ID` bigint(20) NOT NULL AUTO_INCREMENT COMMENT 'ID',
  `IS_DELETE` tinyint(1) NULL DEFAULT 0 COMMENT '是否删除',
  `CREATED_AT` timestamp(3) NULL DEFAULT NULL COMMENT '创建时间',
  `UPDATED_AT` timestamp(3) NULL DEFAULT NULL COMMENT '修改时间',
  `STATUS` int(11) NULL DEFAULT 0 COMMENT '状态',
  `NAME` varchar(1536) CHARACTER SET utf8 COLLATE utf8_bin NULL DEFAULT NULL COMMENT '联系人姓名',
  `MOBILE_PHONE` varchar(1536) CHARACTER SET utf8 COLLATE utf8_bin NULL DEFAULT NULL COMMENT '联系电话',
  `EMAIL` varchar(1536) CHARACTER SET utf8 COLLATE utf8_bin NULL DEFAULT NULL COMMENT '联系邮箱',
  `ADDRESS` varchar(1536) CHARACTER SET utf8 COLLATE utf8_bin NULL DEFAULT NULL COMMENT '联系地址',
  `ENT_ID` bigint(20) NOT NULL COMMENT '企业id',
  PRIMARY KEY (`ID`) USING BTREE
) ENGINE = InnoDB AUTO_INCREMENT = 15 CHARACTER SET = utf8 COLLATE = utf8_bin COMMENT = '企业联系人表' ROW_FORMAT = Dynamic;

-- ----------------------------
-- Records of ENTERPRISE_CONTACT
-- ----------------------------
INSERT INTO `ENTERPRISE_CONTACT` VALUES (1, 0, NULL, NULL, 0, '张三', '14323490987', '@qq.com', '广州市', 20);
INSERT INTO `ENTERPRISE_CONTACT` VALUES (2, 0, NULL, NULL, 0, '张三', '14323490987', '@qq.com', '广州市', 21);
INSERT INTO `ENTERPRISE_CONTACT` VALUES (3, 0, NULL, NULL, 0, '张三', '14323490987', '@qq.com', '广州市', 22);
INSERT INTO `ENTERPRISE_CONTACT` VALUES (4, 0, NULL, NULL, 0, '张三', '14323490987', '@qq.com', '广州市', 23);
INSERT INTO `ENTERPRISE_CONTACT` VALUES (5, 0, NULL, NULL, 0, '张三', '14323490987', '@qq.com', '广州市', 24);
INSERT INTO `ENTERPRISE_CONTACT` VALUES (9, 0, '2019-08-02 15:39:19.070', '2019-08-02 15:39:19.070', 0, '联系人', '13808888888', 'lianxiren@123.com', '联系人地址', 18);
INSERT INTO `ENTERPRISE_CONTACT` VALUES (10, 0, '2019-08-23 09:41:27.797', '2019-08-23 15:00:04.095', 0, '小马儿', '15918780395', '12@qq.com', '北京', 60);
INSERT INTO `ENTERPRISE_CONTACT` VALUES (11, 0, '2019-08-26 10:25:39.295', '2019-08-26 10:34:32.545', 0, '张和信', '18546698755', 'gz@gz.com', '广州', 58);
INSERT INTO `ENTERPRISE_CONTACT` VALUES (12, 0, '2019-08-08 00:00:00.000', '2019-08-08 00:00:00.000', 0, '钟哈哈', '13533333333', '135@163.com', '北京', 33);
INSERT INTO `ENTERPRISE_CONTACT` VALUES (13, 0, '2019-08-27 09:20:35.415', '2019-08-27 09:22:23.559', 0, '韩商言', '15918782569', '12@qq.com', '15918782569', 63);
INSERT INTO `ENTERPRISE_CONTACT` VALUES (14, 0, '2019-08-27 10:02:59.541', '2019-08-27 10:15:00.005', 0, '韩商言', '15918782569', '121245@qq.com', '北京姑娘', 19);

-- ----------------------------
-- Table structure for ENTERPRISE_ENT_USER
-- ----------------------------
DROP TABLE IF EXISTS `ENTERPRISE_ENT_USER`;
CREATE TABLE `ENTERPRISE_ENT_USER`  (
  `ID` bigint(20) NOT NULL AUTO_INCREMENT COMMENT 'ID',
  `IS_DELETE` tinyint(1) NULL DEFAULT NULL COMMENT '是否删除',
  `CREATED_AT` timestamp(3) NULL DEFAULT NULL COMMENT '创建时间',
  `UPDATED_AT` timestamp(3) NULL DEFAULT NULL COMMENT '修改时间',
  `STATUS` int(11) NULL DEFAULT 0 COMMENT '状态',
  `USER_ID` bigint(20) NULL DEFAULT NULL COMMENT '用户ID',
  `ENTERPRISE_ID` bigint(20) NULL DEFAULT NULL COMMENT '所属企业ID',
  `AUTH_STATUS` int(11) NULL DEFAULT 0 COMMENT '实名认证状态,0:未认证,1:已认证',
  PRIMARY KEY (`ID`) USING BTREE
) ENGINE = InnoDB AUTO_INCREMENT = 94 CHARACTER SET = utf8 COLLATE = utf8_bin COMMENT = '企业用户关联表' ROW_FORMAT = Dynamic;

-- ----------------------------
-- Records of ENTERPRISE_ENT_USER
-- ----------------------------
INSERT INTO `ENTERPRISE_ENT_USER` VALUES (1, 0, NULL, '2019-07-19 14:03:45.670', 0, 1, 1, 0);
INSERT INTO `ENTERPRISE_ENT_USER` VALUES (2, 0, '2019-07-17 11:59:48.923', '2019-07-17 11:59:48.923', 0, 2, 18, 0);
INSERT INTO `ENTERPRISE_ENT_USER` VALUES (3, 0, '2019-07-17 12:01:55.314', '2019-07-17 12:01:55.314', 0, 3, 18, 0);
INSERT INTO `ENTERPRISE_ENT_USER` VALUES (4, 0, '2019-07-17 12:02:56.323', '2019-07-17 12:02:56.323', 0, 4, 18, 0);
INSERT INTO `ENTERPRISE_ENT_USER` VALUES (11, 0, '2019-07-19 09:56:04.671', '2019-07-19 09:56:04.671', 0, 15, 9, 0);
INSERT INTO `ENTERPRISE_ENT_USER` VALUES (12, 0, '2019-07-19 10:20:13.753', '2019-07-19 10:20:13.753', 0, 15, 10, 0);
INSERT INTO `ENTERPRISE_ENT_USER` VALUES (13, 0, '2019-07-19 16:23:06.413', '2019-07-19 16:23:06.413', 0, 16, 1, 0);
INSERT INTO `ENTERPRISE_ENT_USER` VALUES (14, 0, '2019-07-23 18:31:19.498', '2019-07-23 18:31:19.498', 0, 17, 15, 0);
INSERT INTO `ENTERPRISE_ENT_USER` VALUES (15, 0, '2019-07-23 18:33:49.501', '2019-07-23 18:33:49.501', 0, 18, 16, 0);
INSERT INTO `ENTERPRISE_ENT_USER` VALUES (16, 0, '2019-07-23 18:37:06.331', '2019-07-23 18:37:06.331', 0, 19, 17, 0);
INSERT INTO `ENTERPRISE_ENT_USER` VALUES (17, 0, '2019-07-24 09:54:30.455', '2019-07-24 09:54:30.455', 0, 20, 15, 0);
INSERT INTO `ENTERPRISE_ENT_USER` VALUES (18, 0, '2019-07-24 10:57:09.061', '2019-07-24 10:57:09.061', 0, 21, 1, 0);
INSERT INTO `ENTERPRISE_ENT_USER` VALUES (19, 0, '2019-07-24 10:57:09.061', '2019-07-24 10:57:09.061', 0, 22, 1, 0);
INSERT INTO `ENTERPRISE_ENT_USER` VALUES (20, 0, '2019-07-24 17:25:36.215', '2019-07-24 17:25:36.215', 0, 23, 1, 0);
INSERT INTO `ENTERPRISE_ENT_USER` VALUES (21, 0, '2019-07-25 17:50:47.377', '2019-07-25 17:50:47.377', 0, 24, 19, 0);
INSERT INTO `ENTERPRISE_ENT_USER` VALUES (22, 0, '2019-07-26 10:30:18.186', '2019-07-26 10:30:18.186', 0, 25, 20, 0);
INSERT INTO `ENTERPRISE_ENT_USER` VALUES (23, 0, '2019-07-26 10:31:35.463', '2019-07-26 10:31:35.463', 0, 26, 21, 0);
INSERT INTO `ENTERPRISE_ENT_USER` VALUES (24, 0, '2019-07-26 10:32:51.465', '2019-07-26 10:32:51.465', 0, 27, 22, 0);
INSERT INTO `ENTERPRISE_ENT_USER` VALUES (25, 0, '2019-07-26 11:13:21.132', '2019-07-26 11:13:21.132', 0, 28, 23, 0);
INSERT INTO `ENTERPRISE_ENT_USER` VALUES (26, 0, '2019-07-26 11:17:13.550', '2019-07-26 11:17:13.550', 0, 29, 24, 0);
INSERT INTO `ENTERPRISE_ENT_USER` VALUES (27, 0, '2019-07-29 11:23:06.455', '2019-07-29 11:23:06.455', 0, 30, 25, 0);
INSERT INTO `ENTERPRISE_ENT_USER` VALUES (28, 0, '2019-07-29 11:27:36.272', '2019-07-29 11:27:36.272', 0, 31, 26, 0);
INSERT INTO `ENTERPRISE_ENT_USER` VALUES (29, 0, '2019-07-29 11:28:04.962', '2019-07-29 11:28:04.962', 0, 32, 27, 0);
INSERT INTO `ENTERPRISE_ENT_USER` VALUES (30, 0, '2019-07-29 11:29:28.621', '2019-07-29 11:29:28.621', 0, 33, 28, 0);
INSERT INTO `ENTERPRISE_ENT_USER` VALUES (31, 0, '2019-07-29 11:42:02.835', '2019-07-29 11:42:02.835', 0, 34, 29, 0);
INSERT INTO `ENTERPRISE_ENT_USER` VALUES (32, 0, '2019-07-29 11:43:22.764', '2019-07-29 11:43:22.764', 0, 35, 30, 0);
INSERT INTO `ENTERPRISE_ENT_USER` VALUES (33, 0, '2019-07-29 11:44:40.352', '2019-07-29 11:44:40.352', 0, 36, 31, 0);
INSERT INTO `ENTERPRISE_ENT_USER` VALUES (34, 0, '2019-07-29 11:45:09.107', '2019-07-29 11:45:09.107', 0, 37, 32, 0);
INSERT INTO `ENTERPRISE_ENT_USER` VALUES (35, 0, '2019-07-29 11:50:26.260', '2019-07-29 11:50:26.260', 0, 38, 33, 0);
INSERT INTO `ENTERPRISE_ENT_USER` VALUES (36, 0, '2019-07-29 11:51:13.888', '2019-07-29 11:51:13.888', 0, 39, 34, 0);
INSERT INTO `ENTERPRISE_ENT_USER` VALUES (37, 0, '2019-07-29 15:38:22.368', '2019-07-29 15:38:22.368', 0, 30, 32, 0);
INSERT INTO `ENTERPRISE_ENT_USER` VALUES (38, 0, '2019-07-29 16:06:12.572', '2019-07-29 16:06:12.572', 0, 40, 35, 0);
INSERT INTO `ENTERPRISE_ENT_USER` VALUES (39, 0, '2019-07-29 16:07:00.104', '2019-07-29 16:07:00.104', 0, 41, 36, 0);
INSERT INTO `ENTERPRISE_ENT_USER` VALUES (40, 0, '2019-07-29 16:07:56.452', '2019-07-29 16:07:56.452', 0, 42, 37, 0);
INSERT INTO `ENTERPRISE_ENT_USER` VALUES (41, 0, '2019-07-29 16:08:31.121', '2019-07-29 16:08:31.121', 0, 43, 38, 0);
INSERT INTO `ENTERPRISE_ENT_USER` VALUES (42, 0, '2019-08-01 15:40:04.185', '2019-08-01 15:40:04.185', 0, 44, 34, 0);
INSERT INTO `ENTERPRISE_ENT_USER` VALUES (43, 0, '2019-08-02 11:25:53.590', '2019-08-02 11:25:53.590', -1, 45, 15, 0);
INSERT INTO `ENTERPRISE_ENT_USER` VALUES (44, 0, '2019-08-02 14:18:22.977', '2019-08-02 14:18:22.977', 0, 46, 1, 0);
INSERT INTO `ENTERPRISE_ENT_USER` VALUES (45, 0, '2019-08-02 16:08:11.168', '2019-08-02 16:08:11.168', 0, 47, 1, 0);
INSERT INTO `ENTERPRISE_ENT_USER` VALUES (46, 0, '2019-08-02 16:16:57.503', '2019-08-02 16:16:57.503', 0, 48, 1, 0);
INSERT INTO `ENTERPRISE_ENT_USER` VALUES (47, 0, '2019-08-02 16:25:26.273', '2019-08-02 16:25:26.273', 0, 49, 1, 0);
INSERT INTO `ENTERPRISE_ENT_USER` VALUES (48, 0, '2019-08-02 17:23:15.868', '2019-08-02 17:23:15.868', 0, 50, 39, 0);
INSERT INTO `ENTERPRISE_ENT_USER` VALUES (50, 0, '2019-08-02 17:45:00.087', '2019-08-02 17:45:00.087', 0, 52, 41, 0);
INSERT INTO `ENTERPRISE_ENT_USER` VALUES (51, 0, '2019-08-02 17:45:21.649', '2019-08-02 17:45:21.649', 0, 53, 42, 0);
INSERT INTO `ENTERPRISE_ENT_USER` VALUES (52, 0, '2019-08-02 17:47:45.528', '2019-08-02 17:47:45.528', 0, 54, 1, 0);
INSERT INTO `ENTERPRISE_ENT_USER` VALUES (53, 0, '2019-08-06 11:46:43.098', '2019-08-06 11:46:43.098', 0, 55, 27, 0);
INSERT INTO `ENTERPRISE_ENT_USER` VALUES (54, 0, '2019-08-06 14:28:59.666', '2019-08-06 14:28:59.666', 0, 56, 29, 0);
INSERT INTO `ENTERPRISE_ENT_USER` VALUES (60, 0, '2019-08-07 10:06:32.486', '2019-08-07 10:06:32.486', 0, 62, 45, 0);
INSERT INTO `ENTERPRISE_ENT_USER` VALUES (61, 0, '2019-08-07 17:14:13.983', '2019-08-07 17:14:13.983', 0, 63, 29, 0);
INSERT INTO `ENTERPRISE_ENT_USER` VALUES (62, 0, '2019-08-08 09:25:48.735', '2019-08-08 09:25:48.735', 0, 64, 29, 0);
INSERT INTO `ENTERPRISE_ENT_USER` VALUES (63, 0, '2019-08-08 09:29:03.746', '2019-08-08 09:29:03.746', 0, 65, 46, 0);
INSERT INTO `ENTERPRISE_ENT_USER` VALUES (64, 0, '2019-08-08 10:10:28.673', '2019-08-08 10:10:28.673', 0, 66, 29, 0);
INSERT INTO `ENTERPRISE_ENT_USER` VALUES (65, 0, '2019-08-08 10:20:10.142', '2019-08-08 10:20:10.142', 0, 67, 47, 0);
INSERT INTO `ENTERPRISE_ENT_USER` VALUES (66, 0, '2019-08-09 14:34:26.367', '2019-08-09 14:34:26.367', 0, 68, 48, 0);
INSERT INTO `ENTERPRISE_ENT_USER` VALUES (67, 0, '2019-08-09 18:03:49.839', '2019-08-09 18:03:49.839', 0, 69, 23, 0);
INSERT INTO `ENTERPRISE_ENT_USER` VALUES (68, 0, '2019-08-14 17:19:19.961', '2019-08-14 17:19:19.961', 0, 70, 29, 0);
INSERT INTO `ENTERPRISE_ENT_USER` VALUES (71, 0, '2019-08-16 10:53:33.475', '2019-08-16 10:53:33.475', 0, 73, 23, 0);
INSERT INTO `ENTERPRISE_ENT_USER` VALUES (78, 0, '2019-08-19 16:34:45.313', '2019-08-19 16:34:45.313', 0, 80, 1, 0);
INSERT INTO `ENTERPRISE_ENT_USER` VALUES (79, 0, '2019-08-20 09:20:56.766', '2019-08-20 09:20:56.766', 0, 2, 31, 0);
INSERT INTO `ENTERPRISE_ENT_USER` VALUES (80, 0, '2019-08-20 15:35:33.911', '2019-08-20 15:35:33.911', 0, 81, 57, 0);
INSERT INTO `ENTERPRISE_ENT_USER` VALUES (81, 0, '2019-08-21 14:42:07.803', '2019-08-21 14:42:07.803', 0, 82, 58, 0);
INSERT INTO `ENTERPRISE_ENT_USER` VALUES (82, 0, '2019-07-29 11:50:26.260', '2019-07-29 11:50:26.260', -1, 38, 1, 0);
INSERT INTO `ENTERPRISE_ENT_USER` VALUES (83, 0, '2019-08-23 09:08:34.041', '2019-08-23 09:08:34.041', 0, 83, 59, 0);
INSERT INTO `ENTERPRISE_ENT_USER` VALUES (84, 0, '2019-08-23 09:12:57.242', '2019-08-23 09:12:57.242', 0, 84, 60, 0);
INSERT INTO `ENTERPRISE_ENT_USER` VALUES (85, 0, '2019-08-23 15:49:20.586', '2019-08-23 15:49:20.586', 0, 85, 29, 0);
INSERT INTO `ENTERPRISE_ENT_USER` VALUES (86, 0, '2019-08-23 18:09:56.498', '2019-08-23 18:09:56.498', 0, 28, 24, 0);
INSERT INTO `ENTERPRISE_ENT_USER` VALUES (87, 0, '2019-08-26 09:19:10.337', '2019-08-26 09:19:10.337', -1, 28, 1, 0);
INSERT INTO `ENTERPRISE_ENT_USER` VALUES (88, 0, '2019-08-26 09:20:56.299', '2019-08-26 09:20:56.299', 0, 22, 23, 0);
INSERT INTO `ENTERPRISE_ENT_USER` VALUES (89, 0, NULL, NULL, 0, 84, 61, 0);
INSERT INTO `ENTERPRISE_ENT_USER` VALUES (90, 0, NULL, NULL, 0, 83, 62, 0);
INSERT INTO `ENTERPRISE_ENT_USER` VALUES (91, 0, NULL, NULL, 0, 86, 63, 0);
INSERT INTO `ENTERPRISE_ENT_USER` VALUES (92, 0, '2019-08-27 09:28:54.837', '2019-08-27 09:28:54.837', 0, 86, 15, 0);
INSERT INTO `ENTERPRISE_ENT_USER` VALUES (93, 0, '2019-08-27 09:31:44.112', '2019-08-27 09:31:44.112', 0, 87, 15, 0);

-- ----------------------------
-- Table structure for ENTERPRISE_PERMISSION
-- ----------------------------
DROP TABLE IF EXISTS `ENTERPRISE_PERMISSION`;
CREATE TABLE `ENTERPRISE_PERMISSION`  (
  `ID` bigint(20) NOT NULL AUTO_INCREMENT COMMENT 'ID',
  `IS_DELETE` tinyint(1) NULL DEFAULT NULL COMMENT '是否删除',
  `CREATED_AT` timestamp(3) NULL DEFAULT NULL COMMENT '创建时间',
  `UPDATED_AT` timestamp(3) NULL DEFAULT NULL COMMENT '修改时间',
  `STATUS` int(11) NULL DEFAULT 0 COMMENT '状态',
  `NAME` varchar(192) CHARACTER SET utf8 COLLATE utf8_bin NULL DEFAULT NULL COMMENT '名称',
  `CODE` varchar(192) CHARACTER SET utf8 COLLATE utf8_bin NULL DEFAULT NULL COMMENT '权限编码',
  `MODULE` varchar(192) CHARACTER SET utf8 COLLATE utf8_bin NULL DEFAULT NULL COMMENT '模块',
  `VISIBLE` tinyint(1) NULL DEFAULT NULL COMMENT '是否可见,0:不可见,1:可见',
  PRIMARY KEY (`ID`) USING BTREE
) ENGINE = InnoDB AUTO_INCREMENT = 87 CHARACTER SET = utf8 COLLATE = utf8_bin COMMENT = '企业权限表' ROW_FORMAT = Dynamic;

-- ----------------------------
-- Records of ENTERPRISE_PERMISSION
-- ----------------------------
INSERT INTO `ENTERPRISE_PERMISSION` VALUES (1, 0, '2019-07-24 18:44:27.902', '2019-07-26 10:46:20.019', 0, '系统管理员', 'ADMIN', '后台管理', 0);
INSERT INTO `ENTERPRISE_PERMISSION` VALUES (7, 0, '2019-07-26 10:48:18.508', '2019-07-26 10:48:18.508', 0, '后台管理查看', 'ADMIN_V', '后台管理', 0);
INSERT INTO `ENTERPRISE_PERMISSION` VALUES (8, 1, '2019-07-29 12:01:02.113', '2019-07-29 13:35:10.528', 0, '认证初审查看', 'RZCS_V', '企业认证', 0);
INSERT INTO `ENTERPRISE_PERMISSION` VALUES (9, 1, '2019-07-29 12:01:28.280', '2019-07-29 13:32:51.332', 0, '认证复核查看', 'RZFH_V', '企业认证', 0);
INSERT INTO `ENTERPRISE_PERMISSION` VALUES (10, 1, '2019-07-29 13:36:47.030', '2019-07-29 13:36:47.030', 0, '企业认证初审查看', 'QYRZCS_V', '企业认证', 0);
INSERT INTO `ENTERPRISE_PERMISSION` VALUES (11, 1, '2019-07-29 13:37:14.542', '2019-07-29 13:37:14.542', 0, '企业认证复核查看', 'QYRZFH_V', '企业认证', 0);
INSERT INTO `ENTERPRISE_PERMISSION` VALUES (12, 1, '2019-07-29 13:37:47.575', '2019-07-29 13:37:47.575', 0, '企业注册查看', 'QYZC_V', '企业注册', 0);
INSERT INTO `ENTERPRISE_PERMISSION` VALUES (13, 1, '2019-07-29 13:38:22.952', '2019-07-29 13:38:22.952', 0, '企业注册新建', 'QYZC_A', '企业注册', 0);
INSERT INTO `ENTERPRISE_PERMISSION` VALUES (14, 1, '2019-07-29 13:39:24.367', '2019-07-29 13:39:24.367', 0, '企业信息查看', 'QYXX_V', '企业信息', 0);
INSERT INTO `ENTERPRISE_PERMISSION` VALUES (15, 1, '2019-07-29 13:40:22.816', '2019-07-29 13:48:34.136', 0, '企业冻结/解冻', 'QYXX_L', '企业信息', 0);
INSERT INTO `ENTERPRISE_PERMISSION` VALUES (16, 1, '2019-07-29 13:41:00.876', '2019-07-29 13:41:00.876', 0, '企业用户查看', 'QYYH_V', '企业用户查看', 0);
INSERT INTO `ENTERPRISE_PERMISSION` VALUES (17, 1, '2019-07-29 13:42:26.117', '2019-07-29 13:42:26.117', 0, '企业用户新增、修改、授权、禁用/启用', 'QYYH_AEL', '企业用户', 0);
INSERT INTO `ENTERPRISE_PERMISSION` VALUES (18, 1, '2019-07-29 13:43:39.596', '2019-07-29 13:43:39.596', 0, '企业账户查看', 'QYZH_V', '企业账户', 0);
INSERT INTO `ENTERPRISE_PERMISSION` VALUES (19, 1, '2019-07-29 13:44:59.528', '2019-07-29 13:44:59.528', 0, '额度查询查看', 'EDCX_V', '额度查询', 0);
INSERT INTO `ENTERPRISE_PERMISSION` VALUES (20, 1, '2019-07-29 13:45:52.635', '2019-07-29 13:45:52.635', 0, '额度冻结/解冻', 'EDCX_L', '额度查询', 0);
INSERT INTO `ENTERPRISE_PERMISSION` VALUES (21, 1, '2019-07-29 13:46:49.128', '2019-07-29 13:46:49.128', 0, '对账管理查看', 'DZGL_V', '对账管理', 0);
INSERT INTO `ENTERPRISE_PERMISSION` VALUES (22, 1, '2019-07-29 13:48:23.185', '2019-07-29 13:48:23.185', 0, '对账管理对账', 'DZGL_E', '对账管理', 0);
INSERT INTO `ENTERPRISE_PERMISSION` VALUES (23, 1, '2019-07-29 13:49:40.366', '2019-07-29 13:49:40.366', 0, '企业冻结/解冻', 'QYXX_E', '企业信息', 0);
INSERT INTO `ENTERPRISE_PERMISSION` VALUES (24, 1, '2019-07-29 13:50:36.672', '2019-07-29 13:50:36.672', 0, '还款查询查看', 'HKCX_V', '还款查询', 0);
INSERT INTO `ENTERPRISE_PERMISSION` VALUES (25, 1, '2019-07-29 13:51:07.796', '2019-07-29 13:51:07.796', 0, '企业档案查看', 'QYDA_V', '企业档案', 0);
INSERT INTO `ENTERPRISE_PERMISSION` VALUES (26, 0, '2019-07-29 13:54:20.160', '2019-07-29 14:10:53.354', 0, '企业认证查看', 'QYGL_RZ_V', '企业认证', 0);
INSERT INTO `ENTERPRISE_PERMISSION` VALUES (27, 0, '2019-07-29 13:55:18.954', '2019-07-29 14:11:00.801', 0, '企业认证初审查看', 'QYGL_CS_V', '企业认证', 0);
INSERT INTO `ENTERPRISE_PERMISSION` VALUES (28, 1, '2019-07-29 13:55:47.328', '2019-07-29 13:56:31.501', 0, '企业认证复核查看', 'QYRZ_FH_V', '企业认证', 0);
INSERT INTO `ENTERPRISE_PERMISSION` VALUES (29, 0, '2019-07-29 13:56:16.210', '2019-07-29 13:56:16.210', 0, '企业注册查看', 'QYGL_ZC_V', '企业注册', 0);
INSERT INTO `ENTERPRISE_PERMISSION` VALUES (30, 0, '2019-07-29 13:57:08.587', '2019-07-29 13:57:08.587', 0, '企业认证复核查看', 'QYGL_FH_V', '企业认证', 0);
INSERT INTO `ENTERPRISE_PERMISSION` VALUES (31, 1, '2019-07-29 13:57:46.806', '2019-07-29 13:57:46.806', 0, '企业注册新增', 'QYGL_A', '企业注册', 0);
INSERT INTO `ENTERPRISE_PERMISSION` VALUES (32, 0, '2019-07-29 13:58:23.522', '2019-07-29 13:58:23.522', 0, '企业注册新增', 'QYGL_ZC_A', '企业注册', 0);
INSERT INTO `ENTERPRISE_PERMISSION` VALUES (33, 0, '2019-07-29 13:59:05.368', '2019-07-29 13:59:05.368', 0, '企业信息查看', 'QYGL_XX_V', '企业信息', 0);
INSERT INTO `ENTERPRISE_PERMISSION` VALUES (34, 0, '2019-07-29 13:59:47.363', '2019-08-21 11:59:21.349', 0, '企业信息编辑/冻结/解冻', 'QYGL_XX_E', '企业信息', 0);
INSERT INTO `ENTERPRISE_PERMISSION` VALUES (35, 0, '2019-07-29 14:00:27.128', '2019-07-29 14:00:27.128', 0, '企业用户查看', 'QYGL_YH_V', '企业用户', 0);
INSERT INTO `ENTERPRISE_PERMISSION` VALUES (36, 0, '2019-07-29 14:01:00.642', '2019-07-29 14:01:00.642', 0, '企业用户新增编辑', 'QYGL_YH_AE', '企业用户', 0);
INSERT INTO `ENTERPRISE_PERMISSION` VALUES (37, 0, '2019-07-29 14:01:21.542', '2019-07-29 14:01:21.542', 0, '企业账户查看', 'QYGL_ZH_V', '企业账户', 0);
INSERT INTO `ENTERPRISE_PERMISSION` VALUES (38, 0, '2019-07-29 14:01:57.094', '2019-07-29 14:01:57.094', 0, '额度查询查看', 'EDGL_CX_V', '额度查询', 0);
INSERT INTO `ENTERPRISE_PERMISSION` VALUES (39, 0, '2019-07-29 14:02:31.444', '2019-07-29 14:02:31.444', 0, '对账管理查看', 'HKGL_DZ_V', '对账管理', 0);
INSERT INTO `ENTERPRISE_PERMISSION` VALUES (40, 0, '2019-07-29 14:02:56.127', '2019-07-29 14:02:56.127', 0, '对账管理对账', 'HKGL_DZ_E', '对账管理', 0);
INSERT INTO `ENTERPRISE_PERMISSION` VALUES (41, 0, '2019-07-29 14:06:02.789', '2019-07-29 14:06:02.789', 0, '还款查询查看', 'HKGL_CX_V', '还款查询', 0);
INSERT INTO `ENTERPRISE_PERMISSION` VALUES (42, 0, '2019-07-29 14:06:47.983', '2019-07-29 14:06:47.983', 0, '企业档案查看', 'DAGL_QY_V', '企业档案', 0);
INSERT INTO `ENTERPRISE_PERMISSION` VALUES (43, 0, '2019-07-29 14:07:16.535', '2019-07-29 14:07:16.535', 0, '开单档案查看', 'DAGL_KD_V', '开单档案', 0);
INSERT INTO `ENTERPRISE_PERMISSION` VALUES (44, 0, '2019-07-29 14:07:42.182', '2019-07-29 14:07:42.182', 0, '转单档案查看', 'DAGL_ZD_V', '转单档案', 0);
INSERT INTO `ENTERPRISE_PERMISSION` VALUES (45, 0, '2019-07-29 14:08:17.269', '2019-07-29 14:08:17.269', 0, '融单档案查看', 'DAGL_RD_V', '融单档案', 0);
INSERT INTO `ENTERPRISE_PERMISSION` VALUES (46, 0, '2019-07-29 14:09:06.062', '2019-07-29 14:09:06.062', 0, '协议模板查看', 'XTGL_XY_V', '协议模板', 0);
INSERT INTO `ENTERPRISE_PERMISSION` VALUES (47, 0, '2019-07-29 14:09:51.853', '2019-07-29 14:09:51.853', 0, '协议模板新增编辑', 'XTGL_XY_AE', '协议模板', 0);
INSERT INTO `ENTERPRISE_PERMISSION` VALUES (48, 0, '2019-07-29 14:54:36.327', '2019-07-29 14:54:48.104', 0, '额度冻结', 'EDGL_CX_E', '额度查询', 0);
INSERT INTO `ENTERPRISE_PERMISSION` VALUES (49, 0, '2019-08-02 11:44:45.506', '2019-08-02 11:45:26.895', 0, '智融链创建-查看', 'ZRLGL_CJ_V', '智融链管理', 0);
INSERT INTO `ENTERPRISE_PERMISSION` VALUES (50, 0, '2019-08-02 11:45:17.263', '2019-08-02 11:45:17.263', 0, '智融链创建-新建编辑', 'ZRLGL_CJ_AE', '智融链管理', 0);
INSERT INTO `ENTERPRISE_PERMISSION` VALUES (51, 1, '2019-08-02 11:45:46.699', '2019-08-02 11:45:46.699', 0, '智融链创建-复核', 'ZRLGL_FH_E', '智融链管理', 0);
INSERT INTO `ENTERPRISE_PERMISSION` VALUES (52, 0, '2019-08-02 11:46:03.843', '2019-08-02 11:46:03.843', 0, '智融链记录-查看', 'ZRLGL_JL_V', '智融链管理', 0);
INSERT INTO `ENTERPRISE_PERMISSION` VALUES (53, 0, '2019-08-02 11:46:42.446', '2019-08-02 11:47:27.677', 0, '供应商管理-查看', 'YYGL_GYS_V', '供应商管理', 0);
INSERT INTO `ENTERPRISE_PERMISSION` VALUES (54, 0, '2019-08-02 11:47:20.998', '2019-08-02 11:47:20.998', 0, '供应商管理-新建编辑', 'YYGL_GYS_AE', '供应商管理', 0);
INSERT INTO `ENTERPRISE_PERMISSION` VALUES (55, 0, '2019-08-02 11:51:23.222', '2019-08-02 11:51:32.683', 0, '智融链创建-复核', 'ZRLGL_CJ_C', '智融链管理', 0);
INSERT INTO `ENTERPRISE_PERMISSION` VALUES (56, 0, '2019-08-02 11:53:08.715', '2019-08-02 11:53:08.715', 0, '企业账户-添加编辑', 'QYGL_ZH_AE', '企业账户', 0);
INSERT INTO `ENTERPRISE_PERMISSION` VALUES (57, 0, '2019-08-02 11:53:29.295', '2019-08-02 11:53:29.295', 0, '企业账户复核', 'QYGL_ZH_C', '企业账户', 0);
INSERT INTO `ENTERPRISE_PERMISSION` VALUES (58, 0, '2019-08-02 11:56:06.974', '2019-08-02 11:56:06.974', 0, '电子签章查看', 'QYGL_QZ_V', '电子签章', 0);
INSERT INTO `ENTERPRISE_PERMISSION` VALUES (59, 0, '2019-08-02 11:56:21.413', '2019-08-02 11:56:21.413', 0, '电子签章开通', 'QYGL_QZ_A', '电子签章', 0);
INSERT INTO `ENTERPRISE_PERMISSION` VALUES (60, 0, '2019-08-07 14:51:17.019', '2019-08-07 14:51:17.019', 0, '智融链-撤回', 'ZRLGL_CH', '智融链管理', 0);
INSERT INTO `ENTERPRISE_PERMISSION` VALUES (61, 0, '2019-08-07 14:53:27.862', '2019-08-07 14:53:27.862', 0, '智融链-再次发送', 'ZRLGL_ZCFS', '智融链管理', 0);
INSERT INTO `ENTERPRISE_PERMISSION` VALUES (62, 0, '2019-08-09 15:44:23.669', '2019-08-09 15:44:23.669', 0, '供应商转让记录查看', 'YYGL_GYSZR_V', '供应商管理', 0);
INSERT INTO `ENTERPRISE_PERMISSION` VALUES (63, 0, '2019-08-09 15:44:47.507', '2019-08-09 15:44:47.507', 0, '供应商融资记录查看', 'YYGL_GYSRZ_V', '供应商管理', 0);
INSERT INTO `ENTERPRISE_PERMISSION` VALUES (64, 0, '2019-08-09 15:45:33.081', '2019-08-09 15:45:33.081', 0, '智融链签收查看', 'ZRLGL_QS_V', '智融链管理', 0);
INSERT INTO `ENTERPRISE_PERMISSION` VALUES (65, 0, '2019-08-09 15:46:00.889', '2019-08-09 15:46:00.889', 0, '智融链转让查看', 'ZRLGL_ZR_V', '智融链管理', 0);
INSERT INTO `ENTERPRISE_PERMISSION` VALUES (66, 0, '2019-08-09 15:46:17.074', '2019-08-15 13:53:43.829', 0, '智融链融资查看', 'ZRLGL_RZ_V', '智融链管理', 0);
INSERT INTO `ENTERPRISE_PERMISSION` VALUES (67, 0, '2019-08-15 15:06:55.139', '2019-08-15 15:06:55.139', 0, '供应商签收记录查看', 'YYGL_GYSQS_V', '供应商管理', 0);
INSERT INTO `ENTERPRISE_PERMISSION` VALUES (68, 0, '2019-08-15 15:07:53.559', '2019-08-15 15:07:53.559', 0, '核心企业管理查看', 'YYGL_HXGL_V', '核心企业管理', 0);
INSERT INTO `ENTERPRISE_PERMISSION` VALUES (69, 0, '2019-08-15 15:09:04.372', '2019-08-15 15:09:04.372', 0, '核心企业创建单查看', 'YYGL_HXCJJL_V', '核心企业管理', 0);
INSERT INTO `ENTERPRISE_PERMISSION` VALUES (70, 0, '2019-08-19 18:53:16.225', '2019-08-19 18:53:16.225', 0, '智融链管理转让', 'ZRLGL_ZR', '智融链管理', 0);
INSERT INTO `ENTERPRISE_PERMISSION` VALUES (71, 0, '2019-08-19 18:54:17.097', '2019-08-19 18:54:17.097', 0, '智融链管理融资', 'ZRLGL_RZ', '智融链管理', 0);
INSERT INTO `ENTERPRISE_PERMISSION` VALUES (72, 0, '2019-08-20 15:19:14.088', '2019-08-20 15:19:14.088', 0, '智融链转让-编辑', 'ZRLGL_ZR_E', '智融链管理', 0);
INSERT INTO `ENTERPRISE_PERMISSION` VALUES (73, 1, '2019-08-20 15:20:13.455', '2019-08-20 15:20:13.455', 0, '智融链转让-撤回', 'ZRLGL_ZR_CH', '智融链管理', 0);
INSERT INTO `ENTERPRISE_PERMISSION` VALUES (74, 1, '2019-08-20 15:20:49.305', '2019-08-20 15:20:49.305', 0, '智融链转让-再次发送', 'ZRLGL-ZR-ZCFS', '智融链管理', 0);
INSERT INTO `ENTERPRISE_PERMISSION` VALUES (75, 0, '2019-08-20 16:43:15.603', '2019-08-20 16:43:15.603', 0, '智融链融资-编辑', 'ZRLGL_RZ_E', '智融链管理', 0);
INSERT INTO `ENTERPRISE_PERMISSION` VALUES (76, 1, '2019-08-20 16:45:00.556', '2019-08-20 16:50:03.438', 0, '智融链融资-申请开票', 'ZRLGL_RZ_CH', '智融链管理', 0);
INSERT INTO `ENTERPRISE_PERMISSION` VALUES (77, 0, '2019-08-20 16:50:45.664', '2019-08-20 16:50:45.664', 0, '智融链融资-申请开票', 'ZRLGL_RZ_SQKP', '智融链管理', 0);
INSERT INTO `ENTERPRISE_PERMISSION` VALUES (78, 0, '2019-08-20 16:56:57.855', '2019-08-20 16:56:57.855', 0, '智融链融资-上传发票', 'ZRLGL_RZ_SCFP', '智融链管理', 0);
INSERT INTO `ENTERPRISE_PERMISSION` VALUES (79, 0, '2019-08-21 11:47:19.154', '2019-08-21 11:47:19.154', 0, '供应商管理 授信设置', 'YYGL_GYS_SX', '供应商管理', 0);
INSERT INTO `ENTERPRISE_PERMISSION` VALUES (80, 0, '2019-08-21 13:41:22.486', '2019-08-21 13:41:22.486', 0, '核心企业管理-授信设置', 'YYGL_HXGL_SX', '核心企业管理', 0);
INSERT INTO `ENTERPRISE_PERMISSION` VALUES (81, 0, '2019-08-21 14:22:12.260', '2019-08-21 14:22:12.260', 0, '个人信息编辑', 'USER_E', '个人信息', 0);
INSERT INTO `ENTERPRISE_PERMISSION` VALUES (82, 0, '2019-08-22 17:28:59.041', '2019-08-22 17:28:59.041', 0, '智融链管理签收', 'ZRLGL_QS', '智融链管理', 0);
INSERT INTO `ENTERPRISE_PERMISSION` VALUES (83, 1, '2019-08-22 18:24:35.649', '2019-08-22 18:24:35.649', 0, '智融链转让-复核', 'ZRLGL_ZR_FH', '智融链管理', 0);
INSERT INTO `ENTERPRISE_PERMISSION` VALUES (84, 1, '2019-08-22 18:25:05.340', '2019-08-22 18:25:05.340', 0, '智融链转让-审核', 'ZRLGL_ZR_SH', '智融链管理', 0);
INSERT INTO `ENTERPRISE_PERMISSION` VALUES (85, 0, '2019-08-27 09:26:50.253', '2019-08-27 09:26:50.253', 0, '企业信息关联删除', 'QYGL_XX_Ｄ', '企业信息', 0);
INSERT INTO `ENTERPRISE_PERMISSION` VALUES (86, 0, '2019-08-27 09:48:05.775', '2019-08-27 09:48:05.775', 0, '企业基本信息编辑', 'ENPINFO_E', '企业信息', 0);

-- ----------------------------
-- Table structure for ENTERPRISE_RELATION
-- ----------------------------
DROP TABLE IF EXISTS `ENTERPRISE_RELATION`;
CREATE TABLE `ENTERPRISE_RELATION`  (
  `ID` bigint(20) NOT NULL AUTO_INCREMENT COMMENT 'ID',
  `IS_DELETE` tinyint(1) NULL DEFAULT 0 COMMENT '是否删除',
  `CREATED_AT` timestamp(3) NOT NULL COMMENT '创建时间',
  `UPDATED_AT` timestamp(3) NOT NULL COMMENT '修改时间',
  `STATUS` int(11) NULL DEFAULT 0 COMMENT '状态',
  `ASSOCIATED_ID` bigint(20) NULL DEFAULT NULL COMMENT '被关联企业ID',
  `ENTERPRISE_ID` bigint(20) NULL DEFAULT NULL COMMENT '企业ID',
  `ASSOCIATED_ENT_TYPE` int(11) NULL DEFAULT NULL COMMENT '被关联企业类型',
  `ENTERPRISE_TYPE` int(11) NULL DEFAULT NULL COMMENT '企业类型',
  `CREATOR` bigint(20) NULL DEFAULT NULL COMMENT '创建人',
  PRIMARY KEY (`ID`) USING BTREE,
  INDEX `IDX_CORE_SUPP_CID`(`ASSOCIATED_ID`) USING BTREE
) ENGINE = InnoDB AUTO_INCREMENT = 21 CHARACTER SET = utf8 COLLATE = utf8_bin COMMENT = '企业关系表' ROW_FORMAT = Dynamic;

-- ----------------------------
-- Records of ENTERPRISE_RELATION
-- ----------------------------
INSERT INTO `ENTERPRISE_RELATION` VALUES (1, 0, '2019-08-02 17:23:15.968', '2019-08-02 17:23:15.968', 4, 1, 38, NULL, NULL, NULL);
INSERT INTO `ENTERPRISE_RELATION` VALUES (2, 0, '2019-08-02 17:44:23.792', '2019-08-02 17:44:23.792', 5, 1, 15, NULL, NULL, NULL);
INSERT INTO `ENTERPRISE_RELATION` VALUES (3, 0, '2019-08-02 17:45:00.104', '2019-08-02 17:45:00.104', 4, 1, 41, NULL, NULL, NULL);
INSERT INTO `ENTERPRISE_RELATION` VALUES (4, 0, '2019-08-02 17:45:21.673', '2019-08-02 17:45:21.673', 4, 1, 42, NULL, NULL, NULL);
INSERT INTO `ENTERPRISE_RELATION` VALUES (5, 0, '2019-08-06 14:16:26.585', '2019-08-06 14:16:26.585', 4, 1, 39, NULL, NULL, NULL);
INSERT INTO `ENTERPRISE_RELATION` VALUES (6, 0, '2019-08-07 10:06:32.623', '2019-08-07 10:06:32.623', 4, 1, 45, NULL, NULL, NULL);
INSERT INTO `ENTERPRISE_RELATION` VALUES (7, 0, '2019-08-08 09:29:03.822', '2019-08-08 09:29:03.822', 4, 29, 46, NULL, NULL, NULL);
INSERT INTO `ENTERPRISE_RELATION` VALUES (8, 0, '2019-08-09 14:34:26.465', '2019-08-09 14:34:26.465', 4, 29, 48, NULL, NULL, NULL);
INSERT INTO `ENTERPRISE_RELATION` VALUES (9, 0, '2019-08-16 09:17:03.110', '2019-08-16 09:17:03.109', 4, 29, 39, 7, 1, NULL);
INSERT INTO `ENTERPRISE_RELATION` VALUES (10, 0, '2019-08-16 12:45:27.239', '2019-08-16 12:45:27.239', 4, 29, 45, 7, 1, NULL);
INSERT INTO `ENTERPRISE_RELATION` VALUES (11, 1, '2019-08-19 14:59:52.734', '2019-08-19 14:59:52.734', 3, 29, 28, 7, 8, NULL);
INSERT INTO `ENTERPRISE_RELATION` VALUES (12, 0, '2019-08-19 16:36:19.540', '2019-08-19 16:36:19.540', 4, 28, 48, 1, 1, NULL);
INSERT INTO `ENTERPRISE_RELATION` VALUES (13, 0, '2019-08-20 10:53:16.901', '2019-08-20 10:53:16.901', 5, 28, 15, 1, 1, NULL);
INSERT INTO `ENTERPRISE_RELATION` VALUES (14, 0, '2019-08-20 10:54:05.409', '2019-08-20 10:54:05.409', 4, 28, 39, 1, 1, NULL);
INSERT INTO `ENTERPRISE_RELATION` VALUES (15, 1, '2019-08-20 15:35:34.039', '2019-08-26 15:42:33.675', 4, 20, 33, 7, 8, 1);
INSERT INTO `ENTERPRISE_RELATION` VALUES (16, 0, '2019-08-22 17:09:11.000', '2019-08-22 17:09:11.000', 4, 19, 29, 20, 7, 1);
INSERT INTO `ENTERPRISE_RELATION` VALUES (18, 1, '2019-08-26 13:51:30.188', '2019-08-26 13:51:30.188', 0, 20, 22, 7, 8, 1);
INSERT INTO `ENTERPRISE_RELATION` VALUES (19, 0, '2019-08-26 15:44:48.460', '2019-08-26 15:58:07.074', 0, 19, 33, 20, 8, 1);
INSERT INTO `ENTERPRISE_RELATION` VALUES (20, 0, '2019-08-26 15:46:16.892', '2019-08-26 17:59:22.697', 0, 29, 33, 7, 8, 1);

-- ----------------------------
-- Table structure for ENTERPRISE_ROLE
-- ----------------------------
DROP TABLE IF EXISTS `ENTERPRISE_ROLE`;
CREATE TABLE `ENTERPRISE_ROLE`  (
  `ID` bigint(20) NOT NULL AUTO_INCREMENT COMMENT 'ID',
  `IS_DELETE` tinyint(1) NULL DEFAULT NULL COMMENT '是否删除',
  `CREATED_AT` timestamp(3) NULL DEFAULT NULL COMMENT '创建时间',
  `UPDATED_AT` timestamp(3) NULL DEFAULT NULL COMMENT '修改时间',
  `STATUS` int(11) NULL DEFAULT 0 COMMENT '状态',
  `NAME` varchar(192) CHARACTER SET utf8 COLLATE utf8_bin NULL DEFAULT NULL COMMENT '角色名称',
  `REMARK` varchar(1536) CHARACTER SET utf8 COLLATE utf8_bin NULL DEFAULT NULL COMMENT '备注',
  `CATEGORY` varchar(192) CHARACTER SET utf8 COLLATE utf8_bin NULL DEFAULT NULL COMMENT '分类',
  `CLIENT_TYPE` int(11) NULL DEFAULT NULL COMMENT '客户类型',
  `CODE` varchar(192) CHARACTER SET utf8 COLLATE utf8_bin NULL DEFAULT NULL COMMENT '编码',
  PRIMARY KEY (`ID`) USING BTREE
) ENGINE = InnoDB AUTO_INCREMENT = 24 CHARACTER SET = utf8 COLLATE = utf8_bin COMMENT = '企业角色表' ROW_FORMAT = Dynamic;

-- ----------------------------
-- Records of ENTERPRISE_ROLE
-- ----------------------------
INSERT INTO `ENTERPRISE_ROLE` VALUES (1, 0, '2019-07-25 17:56:54.525', '2019-07-26 10:19:06.635', 0, '系统管理员', NULL, NULL, -1, 'SYS_ADMIN');
INSERT INTO `ENTERPRISE_ROLE` VALUES (2, 0, '2019-07-25 09:39:46.158', '2019-08-22 11:24:36.436', 0, '供应商经办员', NULL, NULL, 1, 'JB_SUPPLIER');
INSERT INTO `ENTERPRISE_ROLE` VALUES (3, 0, '2019-07-25 09:39:46.153', '2019-08-22 11:24:46.754', 0, '供应商复核员', NULL, NULL, 1, 'FH_SUPPLIER');
INSERT INTO `ENTERPRISE_ROLE` VALUES (4, 0, '2019-07-25 09:39:46.163', '2019-08-22 11:24:53.159', 0, '供应商管理员', NULL, NULL, 1, 'ADMIN_SUPPLIER');
INSERT INTO `ENTERPRISE_ROLE` VALUES (10, 0, '2019-07-25 09:39:46.149', '2019-08-22 11:25:02.206', 0, '核心企业管理员', NULL, NULL, 7, 'ADMIN_CORE_ENT');
INSERT INTO `ENTERPRISE_ROLE` VALUES (11, 0, '2019-07-25 09:39:46.145', '2019-08-22 11:25:09.722', 0, '核心企业经办员', NULL, NULL, 7, 'JB_CORE_ENT');
INSERT INTO `ENTERPRISE_ROLE` VALUES (12, 0, '2019-07-25 09:39:46.145', '2019-08-22 11:25:16.862', 0, '核心企业复核员', NULL, NULL, 7, 'FH_CORE_ENT');
INSERT INTO `ENTERPRISE_ROLE` VALUES (13, 0, '2019-07-25 09:39:46.136', '2019-08-22 11:25:26.403', 0, '资金方管理员', NULL, NULL, 20, 'ADMIN_FUND');
INSERT INTO `ENTERPRISE_ROLE` VALUES (14, 0, '2019-07-25 09:39:46.132', '2019-08-22 11:25:33.034', 0, '资金方经办员', NULL, NULL, 20, 'JB_FUND');
INSERT INTO `ENTERPRISE_ROLE` VALUES (15, 0, '2019-07-25 09:39:46.128', '2019-08-22 11:25:39.943', 0, '资金方复核员', NULL, NULL, 20, 'FH_FUND');
INSERT INTO `ENTERPRISE_ROLE` VALUES (16, 0, '2019-07-25 09:39:46.124', '2019-08-22 11:25:49.001', 0, '保理商管理员', NULL, NULL, 8, 'ADMIN_FACTORING');
INSERT INTO `ENTERPRISE_ROLE` VALUES (17, 0, '2019-07-25 09:39:46.119', '2019-08-22 11:25:56.287', 0, '保理商经办员', NULL, NULL, 8, 'JB_FACTORING');
INSERT INTO `ENTERPRISE_ROLE` VALUES (18, 0, '2019-07-25 09:39:46.115', '2019-08-22 11:26:02.364', 0, '保理商复核员', NULL, NULL, 8, 'FH_FACTORING');
INSERT INTO `ENTERPRISE_ROLE` VALUES (19, 0, '2019-07-25 09:39:46.110', '2019-07-26 10:19:06.578', 0, '运营管理员', '', '', -1, 'ADMIN_OPERATE');
INSERT INTO `ENTERPRISE_ROLE` VALUES (20, 0, '2019-07-25 09:39:46.106', '2019-08-21 18:16:50.822', 0, '运营经办员', NULL, NULL, -1, 'JB_OPERATE');
INSERT INTO `ENTERPRISE_ROLE` VALUES (21, 0, '2019-07-25 09:39:46.043', '2019-07-26 10:19:06.540', 0, '运营复核员', NULL, NULL, -1, 'FH_OPERATE');
INSERT INTO `ENTERPRISE_ROLE` VALUES (22, 1, '2019-07-25 11:15:51.385', '2019-07-25 11:15:51.385', 0, '测试', '123', '123', 1, 'test');
INSERT INTO `ENTERPRISE_ROLE` VALUES (23, 1, '2019-07-25 11:16:19.698', '2019-07-25 11:24:17.683', 0, 'ceshi ', '123', '1234', 1, 'test');

-- ----------------------------
-- Table structure for ENTERPRISE_ROLE_PERMISSION
-- ----------------------------
DROP TABLE IF EXISTS `ENTERPRISE_ROLE_PERMISSION`;
CREATE TABLE `ENTERPRISE_ROLE_PERMISSION`  (
  `ID` bigint(20) NOT NULL AUTO_INCREMENT COMMENT 'ID',
  `IS_DELETE` tinyint(1) NULL DEFAULT NULL COMMENT '是否删除',
  `CREATED_AT` timestamp(3) NULL DEFAULT NULL COMMENT '创建时间',
  `UPDATED_AT` timestamp(3) NULL DEFAULT NULL COMMENT '修改时间',
  `STATUS` int(11) NULL DEFAULT 0 COMMENT '状态',
  `ROLE_CODE` varchar(192) CHARACTER SET utf8 COLLATE utf8_bin NULL DEFAULT NULL COMMENT '角色编码',
  `PERMISSION_CODE` varchar(192) CHARACTER SET utf8 COLLATE utf8_bin NULL DEFAULT NULL COMMENT '权限编码',
  PRIMARY KEY (`ID`) USING BTREE
) ENGINE = InnoDB AUTO_INCREMENT = 344 CHARACTER SET = utf8 COLLATE = utf8_bin COMMENT = '企业角色-权限关联表' ROW_FORMAT = Dynamic;

-- ----------------------------
-- Records of ENTERPRISE_ROLE_PERMISSION
-- ----------------------------
INSERT INTO `ENTERPRISE_ROLE_PERMISSION` VALUES (2, 1, '2019-07-24 16:37:38.037', '2019-07-24 16:37:38.037', 0, 'JB_SUPPLIER', 'QYRZ_V');
INSERT INTO `ENTERPRISE_ROLE_PERMISSION` VALUES (3, 1, '2019-07-24 16:37:38.051', '2019-07-24 16:37:38.051', 0, 'JB_SUPPLIER', 'QYRZ_P');
INSERT INTO `ENTERPRISE_ROLE_PERMISSION` VALUES (5, 1, '2019-07-25 11:55:25.582', '2019-07-25 11:55:25.582', 0, 'ADMIN_SUPPLIER', 'QYRZ_V');
INSERT INTO `ENTERPRISE_ROLE_PERMISSION` VALUES (6, 1, '2019-07-25 11:59:31.859', '2019-07-25 11:59:31.859', 0, 'ADMIN_SUPPLIER', 'QYRZ_P');
INSERT INTO `ENTERPRISE_ROLE_PERMISSION` VALUES (7, 1, '2019-07-25 12:00:54.307', '2019-07-25 12:00:54.307', 0, 'ADMIN_SUPPLIER', 'QYRZ_V');
INSERT INTO `ENTERPRISE_ROLE_PERMISSION` VALUES (8, 1, '2019-07-25 12:01:22.792', '2019-07-25 12:01:22.792', 0, 'ADMIN_SUPPLIER', 'QYRZ_V');
INSERT INTO `ENTERPRISE_ROLE_PERMISSION` VALUES (9, 1, '2019-07-25 12:01:26.451', '2019-07-25 12:01:26.451', 0, 'ADMIN_SUPPLIER', 'QYRZ_V');
INSERT INTO `ENTERPRISE_ROLE_PERMISSION` VALUES (10, 1, '2019-07-25 12:01:26.459', '2019-07-25 12:01:26.459', 0, 'ADMIN_SUPPLIER', 'QYRZ_P');
INSERT INTO `ENTERPRISE_ROLE_PERMISSION` VALUES (11, 1, '2019-07-25 12:01:32.135', '2019-07-25 12:01:32.135', 0, 'ADMIN_SUPPLIER', 'QYRZ_V');
INSERT INTO `ENTERPRISE_ROLE_PERMISSION` VALUES (12, 1, '2019-07-25 14:44:16.282', '2019-07-25 14:44:16.282', 0, 'ADMIN_SUPPLIER', 'QYRZ_V');
INSERT INTO `ENTERPRISE_ROLE_PERMISSION` VALUES (13, 1, '2019-07-25 14:44:16.304', '2019-07-25 14:44:16.304', 0, 'ADMIN_SUPPLIER', 'QYRZ_P');
INSERT INTO `ENTERPRISE_ROLE_PERMISSION` VALUES (14, 1, '2019-07-25 14:44:16.391', '2019-07-25 14:44:16.391', 0, 'ADMIN_SUPPLIER', 'SMRZ_V');
INSERT INTO `ENTERPRISE_ROLE_PERMISSION` VALUES (15, 1, '2019-07-25 14:44:16.411', '2019-07-25 14:44:16.411', 0, 'ADMIN_SUPPLIER', 'SMRZ_AES');
INSERT INTO `ENTERPRISE_ROLE_PERMISSION` VALUES (16, 1, '2019-07-25 14:44:21.264', '2019-07-25 14:44:21.264', 0, 'ADMIN_SUPPLIER', 'SMRZ_AES');
INSERT INTO `ENTERPRISE_ROLE_PERMISSION` VALUES (17, 1, '2019-07-25 14:44:21.273', '2019-07-25 14:44:21.273', 0, 'ADMIN_SUPPLIER', 'SMRZ_V');
INSERT INTO `ENTERPRISE_ROLE_PERMISSION` VALUES (18, 1, '2019-07-25 15:35:29.651', '2019-07-25 15:35:29.651', 0, 'JB_SUPPLIER', 'QYRZ_P');
INSERT INTO `ENTERPRISE_ROLE_PERMISSION` VALUES (19, 1, '2019-07-25 15:35:29.669', '2019-07-25 15:35:29.669', 0, 'JB_SUPPLIER', 'QYRZ_V');
INSERT INTO `ENTERPRISE_ROLE_PERMISSION` VALUES (20, 1, '2019-07-25 15:53:57.620', '2019-07-25 15:53:57.620', 0, 'JB_SUPPLIER', 'QYRZ_V');
INSERT INTO `ENTERPRISE_ROLE_PERMISSION` VALUES (21, 1, '2019-07-25 15:53:57.631', '2019-07-25 15:53:57.631', 0, 'JB_SUPPLIER', 'QYRZ_P');
INSERT INTO `ENTERPRISE_ROLE_PERMISSION` VALUES (22, 1, '2019-07-25 15:53:57.654', '2019-07-25 15:53:57.654', 0, 'JB_SUPPLIER', 'SMRZ_V');
INSERT INTO `ENTERPRISE_ROLE_PERMISSION` VALUES (23, 1, '2019-07-25 15:53:57.677', '2019-07-25 15:53:57.677', 0, 'JB_SUPPLIER', 'SMRZ_AES');
INSERT INTO `ENTERPRISE_ROLE_PERMISSION` VALUES (24, 1, '2019-07-25 15:54:07.327', '2019-07-25 15:54:07.327', 0, 'JB_SUPPLIER', 'QYRZ_V');
INSERT INTO `ENTERPRISE_ROLE_PERMISSION` VALUES (25, 1, '2019-07-25 15:54:07.349', '2019-07-25 15:54:07.349', 0, 'JB_SUPPLIER', 'QYRZ_P');
INSERT INTO `ENTERPRISE_ROLE_PERMISSION` VALUES (26, 1, '2019-07-25 15:54:24.570', '2019-07-26 10:20:16.089', 0, 'JB_SUPPLIER', 'QYRZ_V');
INSERT INTO `ENTERPRISE_ROLE_PERMISSION` VALUES (27, 1, '2019-07-25 15:54:24.578', '2019-07-26 10:20:16.075', 0, 'JB_SUPPLIER', 'QYRZ_P');
INSERT INTO `ENTERPRISE_ROLE_PERMISSION` VALUES (28, 0, '2019-07-26 16:03:03.769', '2019-08-27 09:27:06.851', 0, 'SYS_ADMIN', 'ADMIN_V');
INSERT INTO `ENTERPRISE_ROLE_PERMISSION` VALUES (29, 1, '2019-07-29 12:01:52.081', '2019-07-29 12:01:52.081', 0, 'ADMIN_OPERATE', 'RZCS_V');
INSERT INTO `ENTERPRISE_ROLE_PERMISSION` VALUES (30, 1, '2019-07-29 12:01:52.089', '2019-07-29 12:01:52.089', 0, 'ADMIN_OPERATE', 'RZFH_V');
INSERT INTO `ENTERPRISE_ROLE_PERMISSION` VALUES (31, 1, '2019-07-29 12:01:57.933', '2019-07-29 12:01:57.933', 0, 'JB_OPERATE', 'RZCS_V');
INSERT INTO `ENTERPRISE_ROLE_PERMISSION` VALUES (32, 1, '2019-07-29 12:02:02.169', '2019-07-29 12:02:02.169', 0, 'FH_OPERATE', 'RZFH_V');
INSERT INTO `ENTERPRISE_ROLE_PERMISSION` VALUES (33, 0, '2019-07-29 14:12:39.330', '2019-08-26 17:41:02.232', 0, 'ADMIN_OPERATE', 'QYGL_RZ_V');
INSERT INTO `ENTERPRISE_ROLE_PERMISSION` VALUES (34, 0, '2019-07-29 14:12:39.337', '2019-08-26 17:41:02.246', 0, 'ADMIN_OPERATE', 'QYGL_CS_V');
INSERT INTO `ENTERPRISE_ROLE_PERMISSION` VALUES (35, 0, '2019-07-29 14:12:39.344', '2019-08-26 17:41:02.213', 0, 'ADMIN_OPERATE', 'QYGL_FH_V');
INSERT INTO `ENTERPRISE_ROLE_PERMISSION` VALUES (36, 0, '2019-07-29 14:12:39.350', '2019-08-26 17:41:02.198', 0, 'ADMIN_OPERATE', 'QYGL_ZC_V');
INSERT INTO `ENTERPRISE_ROLE_PERMISSION` VALUES (37, 0, '2019-07-29 14:12:39.357', '2019-08-26 17:41:02.182', 0, 'ADMIN_OPERATE', 'QYGL_ZC_A');
INSERT INTO `ENTERPRISE_ROLE_PERMISSION` VALUES (38, 0, '2019-07-29 14:12:39.369', '2019-08-26 17:41:02.170', 0, 'ADMIN_OPERATE', 'QYGL_XX_V');
INSERT INTO `ENTERPRISE_ROLE_PERMISSION` VALUES (39, 0, '2019-07-29 14:12:39.380', '2019-08-26 17:41:02.159', 0, 'ADMIN_OPERATE', 'QYGL_XX_E');
INSERT INTO `ENTERPRISE_ROLE_PERMISSION` VALUES (40, 0, '2019-07-29 14:12:39.387', '2019-08-26 17:41:02.150', 0, 'ADMIN_OPERATE', 'QYGL_YH_V');
INSERT INTO `ENTERPRISE_ROLE_PERMISSION` VALUES (41, 0, '2019-07-29 14:12:39.393', '2019-08-26 17:41:02.140', 0, 'ADMIN_OPERATE', 'QYGL_YH_AE');
INSERT INTO `ENTERPRISE_ROLE_PERMISSION` VALUES (42, 0, '2019-07-29 14:12:39.401', '2019-08-26 17:41:02.131', 0, 'ADMIN_OPERATE', 'QYGL_ZH_V');
INSERT INTO `ENTERPRISE_ROLE_PERMISSION` VALUES (43, 0, '2019-07-29 14:12:39.407', '2019-08-26 17:41:02.052', 0, 'ADMIN_OPERATE', 'EDGL_CX_V');
INSERT INTO `ENTERPRISE_ROLE_PERMISSION` VALUES (44, 0, '2019-07-29 14:12:39.413', '2019-08-26 17:41:02.122', 0, 'ADMIN_OPERATE', 'HKGL_DZ_V');
INSERT INTO `ENTERPRISE_ROLE_PERMISSION` VALUES (45, 0, '2019-07-29 14:12:39.420', '2019-08-26 17:41:02.112', 0, 'ADMIN_OPERATE', 'HKGL_DZ_E');
INSERT INTO `ENTERPRISE_ROLE_PERMISSION` VALUES (46, 0, '2019-07-29 14:12:39.426', '2019-08-26 17:41:02.104', 0, 'ADMIN_OPERATE', 'HKGL_CX_V');
INSERT INTO `ENTERPRISE_ROLE_PERMISSION` VALUES (47, 0, '2019-07-29 14:12:39.433', '2019-08-26 17:41:02.092', 0, 'ADMIN_OPERATE', 'DAGL_QY_V');
INSERT INTO `ENTERPRISE_ROLE_PERMISSION` VALUES (48, 0, '2019-07-29 14:12:39.439', '2019-08-26 17:41:02.263', 0, 'ADMIN_OPERATE', 'DAGL_KD_V');
INSERT INTO `ENTERPRISE_ROLE_PERMISSION` VALUES (49, 0, '2019-07-29 14:12:39.445', '2019-08-26 17:41:02.282', 0, 'ADMIN_OPERATE', 'DAGL_ZD_V');
INSERT INTO `ENTERPRISE_ROLE_PERMISSION` VALUES (50, 0, '2019-07-29 14:12:39.452', '2019-08-26 17:41:02.300', 0, 'ADMIN_OPERATE', 'DAGL_RD_V');
INSERT INTO `ENTERPRISE_ROLE_PERMISSION` VALUES (51, 0, '2019-07-29 14:12:39.458', '2019-08-26 17:41:02.074', 0, 'ADMIN_OPERATE', 'XTGL_XY_V');
INSERT INTO `ENTERPRISE_ROLE_PERMISSION` VALUES (52, 0, '2019-07-29 14:12:39.464', '2019-08-26 17:41:02.061', 0, 'ADMIN_OPERATE', 'XTGL_XY_AE');
INSERT INTO `ENTERPRISE_ROLE_PERMISSION` VALUES (53, 0, '2019-07-29 14:14:29.354', '2019-08-27 09:29:07.556', 0, 'JB_OPERATE', 'QYGL_RZ_V');
INSERT INTO `ENTERPRISE_ROLE_PERMISSION` VALUES (54, 0, '2019-07-29 14:14:29.360', '2019-08-27 09:29:07.549', 0, 'JB_OPERATE', 'QYGL_CS_V');
INSERT INTO `ENTERPRISE_ROLE_PERMISSION` VALUES (55, 0, '2019-07-29 14:14:29.366', '2019-08-27 09:29:07.537', 0, 'JB_OPERATE', 'QYGL_ZC_V');
INSERT INTO `ENTERPRISE_ROLE_PERMISSION` VALUES (56, 0, '2019-07-29 14:14:29.371', '2019-08-27 09:29:07.530', 0, 'JB_OPERATE', 'QYGL_ZC_A');
INSERT INTO `ENTERPRISE_ROLE_PERMISSION` VALUES (57, 0, '2019-07-29 14:14:29.377', '2019-08-27 09:29:07.522', 0, 'JB_OPERATE', 'QYGL_XX_V');
INSERT INTO `ENTERPRISE_ROLE_PERMISSION` VALUES (58, 0, '2019-07-29 14:14:29.383', '2019-08-27 09:29:07.515', 0, 'JB_OPERATE', 'QYGL_XX_E');
INSERT INTO `ENTERPRISE_ROLE_PERMISSION` VALUES (59, 0, '2019-07-29 14:14:29.388', '2019-08-27 09:29:07.509', 0, 'JB_OPERATE', 'QYGL_YH_V');
INSERT INTO `ENTERPRISE_ROLE_PERMISSION` VALUES (60, 0, '2019-07-29 14:14:29.394', '2019-08-27 09:29:07.502', 0, 'JB_OPERATE', 'QYGL_YH_AE');
INSERT INTO `ENTERPRISE_ROLE_PERMISSION` VALUES (61, 0, '2019-07-29 14:14:29.399', '2019-08-27 09:29:07.495', 0, 'JB_OPERATE', 'QYGL_ZH_V');
INSERT INTO `ENTERPRISE_ROLE_PERMISSION` VALUES (62, 0, '2019-07-29 14:14:29.405', '2019-08-27 09:29:07.489', 0, 'JB_OPERATE', 'EDGL_CX_V');
INSERT INTO `ENTERPRISE_ROLE_PERMISSION` VALUES (63, 0, '2019-07-29 14:14:29.410', '2019-08-27 09:29:07.482', 0, 'JB_OPERATE', 'HKGL_DZ_V');
INSERT INTO `ENTERPRISE_ROLE_PERMISSION` VALUES (64, 0, '2019-07-29 14:14:29.415', '2019-08-27 09:29:07.475', 0, 'JB_OPERATE', 'HKGL_DZ_E');
INSERT INTO `ENTERPRISE_ROLE_PERMISSION` VALUES (65, 0, '2019-07-29 14:14:29.421', '2019-08-27 09:29:07.454', 0, 'JB_OPERATE', 'DAGL_QY_V');
INSERT INTO `ENTERPRISE_ROLE_PERMISSION` VALUES (66, 0, '2019-07-29 14:14:29.426', '2019-08-27 09:29:07.447', 0, 'JB_OPERATE', 'DAGL_KD_V');
INSERT INTO `ENTERPRISE_ROLE_PERMISSION` VALUES (67, 0, '2019-07-29 14:14:29.433', '2019-08-27 09:29:07.441', 0, 'JB_OPERATE', 'DAGL_ZD_V');
INSERT INTO `ENTERPRISE_ROLE_PERMISSION` VALUES (68, 0, '2019-07-29 14:14:29.438', '2019-08-27 09:29:07.434', 0, 'JB_OPERATE', 'DAGL_RD_V');
INSERT INTO `ENTERPRISE_ROLE_PERMISSION` VALUES (69, 0, '2019-07-29 14:14:29.448', '2019-08-27 09:29:07.428', 0, 'JB_OPERATE', 'XTGL_XY_V');
INSERT INTO `ENTERPRISE_ROLE_PERMISSION` VALUES (70, 0, '2019-07-29 14:14:29.454', '2019-08-27 09:29:07.422', 0, 'JB_OPERATE', 'XTGL_XY_AE');
INSERT INTO `ENTERPRISE_ROLE_PERMISSION` VALUES (71, 0, '2019-07-29 14:14:29.459', '2019-08-27 09:29:07.415', 0, 'JB_OPERATE', 'HKGL_CX_V');
INSERT INTO `ENTERPRISE_ROLE_PERMISSION` VALUES (72, 0, '2019-07-29 14:16:15.860', '2019-08-06 09:53:43.568', 0, 'FH_OPERATE', 'QYGL_FH_V');
INSERT INTO `ENTERPRISE_ROLE_PERMISSION` VALUES (73, 0, '2019-07-29 14:16:15.866', '2019-08-06 09:53:43.561', 0, 'FH_OPERATE', 'QYGL_RZ_V');
INSERT INTO `ENTERPRISE_ROLE_PERMISSION` VALUES (74, 0, '2019-07-29 14:16:15.872', '2019-08-06 09:53:43.554', 0, 'FH_OPERATE', 'QYGL_ZC_V');
INSERT INTO `ENTERPRISE_ROLE_PERMISSION` VALUES (75, 0, '2019-07-29 14:16:15.878', '2019-08-06 09:53:43.547', 0, 'FH_OPERATE', 'QYGL_XX_V');
INSERT INTO `ENTERPRISE_ROLE_PERMISSION` VALUES (76, 0, '2019-07-29 14:16:15.883', '2019-08-06 09:53:43.541', 0, 'FH_OPERATE', 'QYGL_YH_V');
INSERT INTO `ENTERPRISE_ROLE_PERMISSION` VALUES (77, 0, '2019-07-29 14:16:15.889', '2019-08-06 09:53:43.534', 0, 'FH_OPERATE', 'QYGL_ZH_V');
INSERT INTO `ENTERPRISE_ROLE_PERMISSION` VALUES (78, 0, '2019-07-29 14:16:15.894', '2019-08-06 09:53:43.527', 0, 'FH_OPERATE', 'EDGL_CX_V');
INSERT INTO `ENTERPRISE_ROLE_PERMISSION` VALUES (79, 0, '2019-07-29 14:16:15.900', '2019-08-06 09:53:43.506', 0, 'FH_OPERATE', 'HKGL_DZ_V');
INSERT INTO `ENTERPRISE_ROLE_PERMISSION` VALUES (80, 0, '2019-07-29 14:16:15.905', '2019-08-06 09:53:43.497', 0, 'FH_OPERATE', 'HKGL_DZ_E');
INSERT INTO `ENTERPRISE_ROLE_PERMISSION` VALUES (81, 0, '2019-07-29 14:16:15.915', '2019-08-06 09:53:43.490', 0, 'FH_OPERATE', 'HKGL_CX_V');
INSERT INTO `ENTERPRISE_ROLE_PERMISSION` VALUES (82, 0, '2019-07-29 14:16:15.920', '2019-08-06 09:53:43.483', 0, 'FH_OPERATE', 'DAGL_QY_V');
INSERT INTO `ENTERPRISE_ROLE_PERMISSION` VALUES (83, 0, '2019-07-29 14:16:15.933', '2019-08-06 09:53:43.465', 0, 'FH_OPERATE', 'DAGL_KD_V');
INSERT INTO `ENTERPRISE_ROLE_PERMISSION` VALUES (84, 0, '2019-07-29 14:16:15.940', '2019-08-06 09:53:43.458', 0, 'FH_OPERATE', 'DAGL_ZD_V');
INSERT INTO `ENTERPRISE_ROLE_PERMISSION` VALUES (85, 0, '2019-07-29 14:16:15.947', '2019-08-06 09:53:43.451', 0, 'FH_OPERATE', 'DAGL_RD_V');
INSERT INTO `ENTERPRISE_ROLE_PERMISSION` VALUES (86, 0, '2019-07-29 14:16:15.953', '2019-08-06 09:53:43.444', 0, 'FH_OPERATE', 'XTGL_XY_V');
INSERT INTO `ENTERPRISE_ROLE_PERMISSION` VALUES (87, 0, '2019-07-29 14:16:15.959', '2019-08-06 09:53:43.436', 0, 'FH_OPERATE', 'XTGL_XY_AE');
INSERT INTO `ENTERPRISE_ROLE_PERMISSION` VALUES (88, 0, '2019-07-29 14:30:10.617', '2019-08-27 09:27:06.842', 0, 'SYS_ADMIN', 'QYGL_ZC_V');
INSERT INTO `ENTERPRISE_ROLE_PERMISSION` VALUES (89, 0, '2019-07-29 14:30:10.627', '2019-08-27 09:27:06.834', 0, 'SYS_ADMIN', 'QYGL_ZC_A');
INSERT INTO `ENTERPRISE_ROLE_PERMISSION` VALUES (90, 0, '2019-07-29 14:30:10.648', '2019-08-27 09:27:06.825', 0, 'SYS_ADMIN', 'QYGL_XX_V');
INSERT INTO `ENTERPRISE_ROLE_PERMISSION` VALUES (91, 0, '2019-07-29 14:30:10.666', '2019-08-27 09:27:06.816', 0, 'SYS_ADMIN', 'QYGL_XX_E');
INSERT INTO `ENTERPRISE_ROLE_PERMISSION` VALUES (92, 0, '2019-07-29 14:30:10.682', '2019-08-27 09:27:06.807', 0, 'SYS_ADMIN', 'QYGL_YH_V');
INSERT INTO `ENTERPRISE_ROLE_PERMISSION` VALUES (93, 0, '2019-07-29 14:30:10.696', '2019-08-27 09:27:06.793', 0, 'SYS_ADMIN', 'QYGL_YH_AE');
INSERT INTO `ENTERPRISE_ROLE_PERMISSION` VALUES (94, 0, '2019-07-29 14:30:10.705', '2019-08-27 09:27:06.785', 0, 'SYS_ADMIN', 'QYGL_ZH_V');
INSERT INTO `ENTERPRISE_ROLE_PERMISSION` VALUES (95, 0, '2019-07-29 14:30:10.715', '2019-08-27 09:27:06.777', 0, 'SYS_ADMIN', 'EDGL_CX_V');
INSERT INTO `ENTERPRISE_ROLE_PERMISSION` VALUES (96, 0, '2019-07-29 14:30:10.725', '2019-08-27 09:27:06.768', 0, 'SYS_ADMIN', 'HKGL_DZ_V');
INSERT INTO `ENTERPRISE_ROLE_PERMISSION` VALUES (97, 0, '2019-07-29 14:30:10.738', '2019-08-27 09:27:06.757', 0, 'SYS_ADMIN', 'HKGL_DZ_E');
INSERT INTO `ENTERPRISE_ROLE_PERMISSION` VALUES (98, 0, '2019-07-29 14:30:10.748', '2019-08-27 09:27:06.741', 0, 'SYS_ADMIN', 'HKGL_CX_V');
INSERT INTO `ENTERPRISE_ROLE_PERMISSION` VALUES (99, 0, '2019-07-29 14:30:10.759', '2019-08-27 09:27:06.733', 0, 'SYS_ADMIN', 'DAGL_QY_V');
INSERT INTO `ENTERPRISE_ROLE_PERMISSION` VALUES (100, 0, '2019-07-29 14:30:10.768', '2019-08-27 09:27:06.724', 0, 'SYS_ADMIN', 'DAGL_KD_V');
INSERT INTO `ENTERPRISE_ROLE_PERMISSION` VALUES (101, 0, '2019-07-29 14:30:10.786', '2019-08-27 09:27:06.716', 0, 'SYS_ADMIN', 'DAGL_ZD_V');
INSERT INTO `ENTERPRISE_ROLE_PERMISSION` VALUES (102, 0, '2019-07-29 14:30:10.799', '2019-08-27 09:27:06.708', 0, 'SYS_ADMIN', 'DAGL_RD_V');
INSERT INTO `ENTERPRISE_ROLE_PERMISSION` VALUES (103, 0, '2019-07-29 14:30:10.816', '2019-08-27 09:27:06.700', 0, 'SYS_ADMIN', 'XTGL_XY_V');
INSERT INTO `ENTERPRISE_ROLE_PERMISSION` VALUES (104, 0, '2019-07-29 14:30:10.836', '2019-08-27 09:27:06.691', 0, 'SYS_ADMIN', 'XTGL_XY_AE');
INSERT INTO `ENTERPRISE_ROLE_PERMISSION` VALUES (105, 0, '2019-07-29 14:30:10.847', '2019-08-27 09:27:06.683', 0, 'SYS_ADMIN', 'QYGL_CS_V');
INSERT INTO `ENTERPRISE_ROLE_PERMISSION` VALUES (106, 0, '2019-07-29 14:30:10.857', '2019-08-27 09:27:06.675', 0, 'SYS_ADMIN', 'QYGL_FH_V');
INSERT INTO `ENTERPRISE_ROLE_PERMISSION` VALUES (107, 0, '2019-07-29 14:30:10.875', '2019-08-27 09:27:06.667', 0, 'SYS_ADMIN', 'QYGL_RZ_V');
INSERT INTO `ENTERPRISE_ROLE_PERMISSION` VALUES (108, 0, '2019-07-29 14:55:01.376', '2019-08-26 17:41:02.040', 0, 'ADMIN_OPERATE', 'EDGL_CX_E');
INSERT INTO `ENTERPRISE_ROLE_PERMISSION` VALUES (109, 0, '2019-07-29 14:55:11.787', '2019-08-27 09:29:07.408', 0, 'JB_OPERATE', 'EDGL_CX_E');
INSERT INTO `ENTERPRISE_ROLE_PERMISSION` VALUES (110, 0, '2019-08-02 11:49:56.824', '2019-08-02 11:57:51.786', 0, 'ADMIN_CORE_ENT', 'QYGL_XX_V');
INSERT INTO `ENTERPRISE_ROLE_PERMISSION` VALUES (111, 0, '2019-08-02 11:49:56.899', '2019-08-02 11:57:51.773', 0, 'ADMIN_CORE_ENT', 'QYGL_YH_V');
INSERT INTO `ENTERPRISE_ROLE_PERMISSION` VALUES (112, 0, '2019-08-02 11:49:56.973', '2019-08-02 11:57:51.757', 0, 'ADMIN_CORE_ENT', 'QYGL_YH_AE');
INSERT INTO `ENTERPRISE_ROLE_PERMISSION` VALUES (113, 0, '2019-08-02 11:57:51.798', '2019-08-02 11:57:51.798', 0, 'ADMIN_CORE_ENT', 'QYGL_ZH_V');
INSERT INTO `ENTERPRISE_ROLE_PERMISSION` VALUES (114, 0, '2019-08-02 11:57:51.809', '2019-08-02 11:57:51.809', 0, 'ADMIN_CORE_ENT', 'QYGL_QZ_V');
INSERT INTO `ENTERPRISE_ROLE_PERMISSION` VALUES (115, 0, '2019-08-02 11:57:51.821', '2019-08-02 11:57:51.821', 0, 'ADMIN_CORE_ENT', 'QYGL_QZ_A');
INSERT INTO `ENTERPRISE_ROLE_PERMISSION` VALUES (116, 0, '2019-08-02 11:57:51.833', '2019-08-02 11:57:51.833', 0, 'ADMIN_CORE_ENT', 'ZRLGL_CJ_V');
INSERT INTO `ENTERPRISE_ROLE_PERMISSION` VALUES (117, 0, '2019-08-02 11:57:51.844', '2019-08-02 11:57:51.844', 0, 'ADMIN_CORE_ENT', 'ZRLGL_JL_V');
INSERT INTO `ENTERPRISE_ROLE_PERMISSION` VALUES (118, 0, '2019-08-02 11:57:51.855', '2019-08-02 11:57:51.855', 0, 'ADMIN_CORE_ENT', 'YYGL_GYS_V');
INSERT INTO `ENTERPRISE_ROLE_PERMISSION` VALUES (119, 0, '2019-08-02 11:57:51.867', '2019-08-02 11:57:51.867', 0, 'ADMIN_CORE_ENT', 'DAGL_QY_V');
INSERT INTO `ENTERPRISE_ROLE_PERMISSION` VALUES (120, 0, '2019-08-02 11:57:51.878', '2019-08-02 11:57:51.878', 0, 'ADMIN_CORE_ENT', 'DAGL_KD_V');
INSERT INTO `ENTERPRISE_ROLE_PERMISSION` VALUES (121, 0, '2019-08-02 11:57:51.890', '2019-08-02 11:57:51.890', 0, 'ADMIN_CORE_ENT', 'DAGL_ZD_V');
INSERT INTO `ENTERPRISE_ROLE_PERMISSION` VALUES (122, 0, '2019-08-02 11:57:51.904', '2019-08-02 11:57:51.904', 0, 'ADMIN_CORE_ENT', 'DAGL_RD_V');
INSERT INTO `ENTERPRISE_ROLE_PERMISSION` VALUES (123, 0, '2019-08-02 11:59:14.476', '2019-08-07 17:31:13.092', 0, 'JB_CORE_ENT', 'QYGL_XX_V');
INSERT INTO `ENTERPRISE_ROLE_PERMISSION` VALUES (124, 0, '2019-08-02 11:59:14.489', '2019-08-07 17:31:13.087', 0, 'JB_CORE_ENT', 'QYGL_ZH_V');
INSERT INTO `ENTERPRISE_ROLE_PERMISSION` VALUES (125, 0, '2019-08-02 11:59:14.523', '2019-08-07 17:31:13.082', 0, 'JB_CORE_ENT', 'QYGL_ZH_AE');
INSERT INTO `ENTERPRISE_ROLE_PERMISSION` VALUES (126, 0, '2019-08-02 11:59:14.540', '2019-08-07 17:31:13.076', 0, 'JB_CORE_ENT', 'ZRLGL_CJ_V');
INSERT INTO `ENTERPRISE_ROLE_PERMISSION` VALUES (127, 0, '2019-08-02 11:59:14.550', '2019-08-07 17:31:13.070', 0, 'JB_CORE_ENT', 'ZRLGL_CJ_AE');
INSERT INTO `ENTERPRISE_ROLE_PERMISSION` VALUES (128, 0, '2019-08-02 11:59:14.558', '2019-08-07 17:31:13.064', 0, 'JB_CORE_ENT', 'ZRLGL_JL_V');
INSERT INTO `ENTERPRISE_ROLE_PERMISSION` VALUES (129, 0, '2019-08-02 11:59:14.566', '2019-08-07 17:31:13.059', 0, 'JB_CORE_ENT', 'YYGL_GYS_V');
INSERT INTO `ENTERPRISE_ROLE_PERMISSION` VALUES (130, 0, '2019-08-02 11:59:14.576', '2019-08-07 17:31:13.053', 0, 'JB_CORE_ENT', 'YYGL_GYS_AE');
INSERT INTO `ENTERPRISE_ROLE_PERMISSION` VALUES (131, 0, '2019-08-02 11:59:14.584', '2019-08-07 17:31:13.046', 0, 'JB_CORE_ENT', 'DAGL_QY_V');
INSERT INTO `ENTERPRISE_ROLE_PERMISSION` VALUES (132, 0, '2019-08-02 11:59:14.596', '2019-08-07 17:31:13.040', 0, 'JB_CORE_ENT', 'DAGL_KD_V');
INSERT INTO `ENTERPRISE_ROLE_PERMISSION` VALUES (133, 0, '2019-08-02 11:59:14.604', '2019-08-07 17:31:13.034', 0, 'JB_CORE_ENT', 'DAGL_ZD_V');
INSERT INTO `ENTERPRISE_ROLE_PERMISSION` VALUES (134, 0, '2019-08-02 11:59:14.612', '2019-08-07 17:31:13.028', 0, 'JB_CORE_ENT', 'DAGL_RD_V');
INSERT INTO `ENTERPRISE_ROLE_PERMISSION` VALUES (135, 0, '2019-08-02 12:00:11.785', '2019-08-07 17:31:01.419', 0, 'FH_CORE_ENT', 'QYGL_XX_V');
INSERT INTO `ENTERPRISE_ROLE_PERMISSION` VALUES (136, 0, '2019-08-02 12:00:11.796', '2019-08-07 17:31:01.413', 0, 'FH_CORE_ENT', 'QYGL_ZH_C');
INSERT INTO `ENTERPRISE_ROLE_PERMISSION` VALUES (137, 0, '2019-08-02 12:00:11.804', '2019-08-07 17:31:01.406', 0, 'FH_CORE_ENT', 'QYGL_ZH_V');
INSERT INTO `ENTERPRISE_ROLE_PERMISSION` VALUES (138, 0, '2019-08-02 12:00:11.812', '2019-08-07 17:31:01.399', 0, 'FH_CORE_ENT', 'DAGL_QY_V');
INSERT INTO `ENTERPRISE_ROLE_PERMISSION` VALUES (139, 0, '2019-08-02 12:00:11.819', '2019-08-07 17:31:01.391', 0, 'FH_CORE_ENT', 'DAGL_KD_V');
INSERT INTO `ENTERPRISE_ROLE_PERMISSION` VALUES (140, 0, '2019-08-02 12:00:11.827', '2019-08-07 17:31:01.372', 0, 'FH_CORE_ENT', 'DAGL_ZD_V');
INSERT INTO `ENTERPRISE_ROLE_PERMISSION` VALUES (141, 0, '2019-08-02 12:00:11.835', '2019-08-07 17:31:01.366', 0, 'FH_CORE_ENT', 'DAGL_RD_V');
INSERT INTO `ENTERPRISE_ROLE_PERMISSION` VALUES (142, 0, '2019-08-02 12:00:11.845', '2019-08-07 17:31:01.359', 0, 'FH_CORE_ENT', 'ZRLGL_CJ_C');
INSERT INTO `ENTERPRISE_ROLE_PERMISSION` VALUES (143, 0, '2019-08-02 12:00:11.857', '2019-08-07 17:31:01.353', 0, 'FH_CORE_ENT', 'ZRLGL_JL_V');
INSERT INTO `ENTERPRISE_ROLE_PERMISSION` VALUES (144, 0, '2019-08-02 12:00:11.865', '2019-08-07 17:31:01.346', 0, 'FH_CORE_ENT', 'ZRLGL_CJ_V');
INSERT INTO `ENTERPRISE_ROLE_PERMISSION` VALUES (145, 0, '2019-08-02 12:00:11.876', '2019-08-07 17:31:01.328', 0, 'FH_CORE_ENT', 'YYGL_GYS_V');
INSERT INTO `ENTERPRISE_ROLE_PERMISSION` VALUES (146, 0, '2019-08-02 14:47:40.253', '2019-08-27 09:27:06.658', 0, 'SYS_ADMIN', 'ZRLGL_CJ_V');
INSERT INTO `ENTERPRISE_ROLE_PERMISSION` VALUES (147, 0, '2019-08-02 14:47:40.264', '2019-08-27 09:27:06.643', 0, 'SYS_ADMIN', 'ZRLGL_JL_V');
INSERT INTO `ENTERPRISE_ROLE_PERMISSION` VALUES (148, 0, '2019-08-02 14:47:40.273', '2019-08-27 09:27:06.634', 0, 'SYS_ADMIN', 'YYGL_GYS_V');
INSERT INTO `ENTERPRISE_ROLE_PERMISSION` VALUES (149, 0, '2019-08-02 14:47:40.283', '2019-08-27 09:27:06.625', 0, 'SYS_ADMIN', 'YYGL_GYS_AE');
INSERT INTO `ENTERPRISE_ROLE_PERMISSION` VALUES (150, 0, '2019-08-02 14:47:40.292', '2019-08-27 09:27:06.610', 0, 'SYS_ADMIN', 'QYGL_QZ_V');
INSERT INTO `ENTERPRISE_ROLE_PERMISSION` VALUES (151, 0, '2019-08-02 14:47:40.301', '2019-08-27 09:27:06.601', 0, 'SYS_ADMIN', 'QYGL_QZ_A');
INSERT INTO `ENTERPRISE_ROLE_PERMISSION` VALUES (152, 0, '2019-08-02 14:47:40.313', '2019-08-27 09:27:06.590', 0, 'SYS_ADMIN', 'ZRLGL_CJ_C');
INSERT INTO `ENTERPRISE_ROLE_PERMISSION` VALUES (153, 0, '2019-08-02 14:47:40.328', '2019-08-27 09:27:06.580', 0, 'SYS_ADMIN', 'ZRLGL_CJ_AE');
INSERT INTO `ENTERPRISE_ROLE_PERMISSION` VALUES (154, 0, '2019-08-05 10:45:02.286', '2019-08-27 09:27:06.544', 0, 'SYS_ADMIN', 'ADMIN');
INSERT INTO `ENTERPRISE_ROLE_PERMISSION` VALUES (155, 0, '2019-08-05 18:17:10.301', '2019-08-27 09:27:06.533', 0, 'SYS_ADMIN', 'QYGL_ZH_AE');
INSERT INTO `ENTERPRISE_ROLE_PERMISSION` VALUES (156, 0, '2019-08-06 09:52:23.696', '2019-08-21 18:10:55.481', 0, 'ADMIN_SUPPLIER', 'QYGL_QZ_A');
INSERT INTO `ENTERPRISE_ROLE_PERMISSION` VALUES (157, 0, '2019-08-06 09:52:23.711', '2019-08-21 18:10:55.473', 0, 'ADMIN_SUPPLIER', 'QYGL_QZ_V');
INSERT INTO `ENTERPRISE_ROLE_PERMISSION` VALUES (158, 0, '2019-08-06 09:52:31.653', '2019-08-21 18:12:28.403', 0, 'FH_SUPPLIER', 'QYGL_QZ_V');
INSERT INTO `ENTERPRISE_ROLE_PERMISSION` VALUES (159, 0, '2019-08-06 09:52:35.963', '2019-08-26 11:33:41.474', 0, 'JB_SUPPLIER', 'QYGL_QZ_V');
INSERT INTO `ENTERPRISE_ROLE_PERMISSION` VALUES (160, 0, '2019-08-06 09:52:46.418', '2019-08-07 17:31:13.022', 0, 'JB_CORE_ENT', 'QYGL_QZ_V');
INSERT INTO `ENTERPRISE_ROLE_PERMISSION` VALUES (161, 0, '2019-08-06 09:52:51.401', '2019-08-07 17:31:01.307', 0, 'FH_CORE_ENT', 'QYGL_QZ_V');
INSERT INTO `ENTERPRISE_ROLE_PERMISSION` VALUES (162, 1, '2019-08-06 09:52:58.221', '2019-08-21 14:22:27.053', 0, 'ADMIN_FUND', 'QYGL_QZ_V');
INSERT INTO `ENTERPRISE_ROLE_PERMISSION` VALUES (163, 1, '2019-08-06 09:52:58.230', '2019-08-21 14:22:27.045', 0, 'ADMIN_FUND', 'QYGL_QZ_A');
INSERT INTO `ENTERPRISE_ROLE_PERMISSION` VALUES (164, 1, '2019-08-06 09:53:04.473', '2019-08-21 14:22:35.853', 0, 'JB_FUND', 'QYGL_QZ_V');
INSERT INTO `ENTERPRISE_ROLE_PERMISSION` VALUES (165, 1, '2019-08-06 09:53:09.135', '2019-08-21 14:22:43.896', 0, 'FH_FUND', 'QYGL_QZ_V');
INSERT INTO `ENTERPRISE_ROLE_PERMISSION` VALUES (166, 0, '2019-08-06 09:53:13.591', '2019-08-21 13:41:51.980', 0, 'ADMIN_FACTORING', 'QYGL_QZ_V');
INSERT INTO `ENTERPRISE_ROLE_PERMISSION` VALUES (167, 0, '2019-08-06 09:53:13.618', '2019-08-21 13:41:51.971', 0, 'ADMIN_FACTORING', 'QYGL_QZ_A');
INSERT INTO `ENTERPRISE_ROLE_PERMISSION` VALUES (168, 0, '2019-08-06 09:53:17.107', '2019-08-21 09:38:05.050', 0, 'JB_FACTORING', 'QYGL_QZ_V');
INSERT INTO `ENTERPRISE_ROLE_PERMISSION` VALUES (169, 0, '2019-08-06 09:53:22.664', '2019-08-21 09:38:00.024', 0, 'FH_FACTORING', 'QYGL_QZ_V');
INSERT INTO `ENTERPRISE_ROLE_PERMISSION` VALUES (170, 0, '2019-08-06 09:53:30.680', '2019-08-26 17:41:02.031', 0, 'ADMIN_OPERATE', 'QYGL_QZ_V');
INSERT INTO `ENTERPRISE_ROLE_PERMISSION` VALUES (171, 0, '2019-08-06 09:53:30.688', '2019-08-26 17:41:02.022', 0, 'ADMIN_OPERATE', 'QYGL_QZ_A');
INSERT INTO `ENTERPRISE_ROLE_PERMISSION` VALUES (172, 0, '2019-08-06 09:53:36.482', '2019-08-27 09:29:07.400', 0, 'JB_OPERATE', 'QYGL_QZ_V');
INSERT INTO `ENTERPRISE_ROLE_PERMISSION` VALUES (173, 0, '2019-08-06 09:53:43.575', '2019-08-06 09:53:43.575', 0, 'FH_OPERATE', 'QYGL_QZ_V');
INSERT INTO `ENTERPRISE_ROLE_PERMISSION` VALUES (174, 0, '2019-08-07 17:31:01.426', '2019-08-07 17:31:01.426', 0, 'FH_CORE_ENT', 'ZRLGL_CH');
INSERT INTO `ENTERPRISE_ROLE_PERMISSION` VALUES (175, 0, '2019-08-07 17:31:13.097', '2019-08-07 17:31:13.097', 0, 'JB_CORE_ENT', 'ZRLGL_CH');
INSERT INTO `ENTERPRISE_ROLE_PERMISSION` VALUES (176, 0, '2019-08-07 17:31:13.104', '2019-08-07 17:31:13.104', 0, 'JB_CORE_ENT', 'ZRLGL_ZCFS');
INSERT INTO `ENTERPRISE_ROLE_PERMISSION` VALUES (177, 0, '2019-08-09 15:48:05.611', '2019-08-21 18:10:55.466', 0, 'ADMIN_SUPPLIER', 'QYGL_XX_V');
INSERT INTO `ENTERPRISE_ROLE_PERMISSION` VALUES (178, 0, '2019-08-09 15:48:05.619', '2019-08-21 18:10:55.459', 0, 'ADMIN_SUPPLIER', 'QYGL_YH_V');
INSERT INTO `ENTERPRISE_ROLE_PERMISSION` VALUES (179, 0, '2019-08-09 15:48:05.627', '2019-08-21 18:10:55.450', 0, 'ADMIN_SUPPLIER', 'QYGL_YH_AE');
INSERT INTO `ENTERPRISE_ROLE_PERMISSION` VALUES (180, 0, '2019-08-09 15:48:05.636', '2019-08-21 18:10:55.442', 0, 'ADMIN_SUPPLIER', 'QYGL_ZH_V');
INSERT INTO `ENTERPRISE_ROLE_PERMISSION` VALUES (181, 0, '2019-08-09 15:48:05.644', '2019-08-21 18:10:55.435', 0, 'ADMIN_SUPPLIER', 'ZRLGL_QS_V');
INSERT INTO `ENTERPRISE_ROLE_PERMISSION` VALUES (182, 0, '2019-08-09 15:48:05.657', '2019-08-21 18:10:55.428', 0, 'ADMIN_SUPPLIER', 'ZRLGL_ZR_V');
INSERT INTO `ENTERPRISE_ROLE_PERMISSION` VALUES (183, 0, '2019-08-09 15:48:05.668', '2019-08-21 18:10:55.421', 0, 'ADMIN_SUPPLIER', 'ZRLGL_RZ_V');
INSERT INTO `ENTERPRISE_ROLE_PERMISSION` VALUES (184, 0, '2019-08-09 15:48:05.681', '2019-08-21 18:10:55.412', 0, 'ADMIN_SUPPLIER', 'YYGL_GYS_V');
INSERT INTO `ENTERPRISE_ROLE_PERMISSION` VALUES (185, 0, '2019-08-09 15:48:05.695', '2019-08-21 18:10:55.405', 0, 'ADMIN_SUPPLIER', 'YYGL_GYSZR_V');
INSERT INTO `ENTERPRISE_ROLE_PERMISSION` VALUES (186, 0, '2019-08-09 15:48:05.706', '2019-08-21 18:10:55.398', 0, 'ADMIN_SUPPLIER', 'YYGL_GYSRZ_V');
INSERT INTO `ENTERPRISE_ROLE_PERMISSION` VALUES (187, 0, '2019-08-09 15:48:33.564', '2019-08-21 18:10:55.391', 0, 'ADMIN_SUPPLIER', 'DAGL_QY_V');
INSERT INTO `ENTERPRISE_ROLE_PERMISSION` VALUES (188, 0, '2019-08-09 15:48:33.575', '2019-08-21 18:10:55.384', 0, 'ADMIN_SUPPLIER', 'DAGL_ZD_V');
INSERT INTO `ENTERPRISE_ROLE_PERMISSION` VALUES (189, 0, '2019-08-09 15:48:33.583', '2019-08-21 18:10:55.376', 0, 'ADMIN_SUPPLIER', 'DAGL_RD_V');
INSERT INTO `ENTERPRISE_ROLE_PERMISSION` VALUES (190, 0, '2019-08-09 15:51:01.983', '2019-08-26 11:33:41.466', 0, 'JB_SUPPLIER', 'QYGL_XX_V');
INSERT INTO `ENTERPRISE_ROLE_PERMISSION` VALUES (191, 0, '2019-08-09 15:51:01.990', '2019-08-26 11:33:41.458', 0, 'JB_SUPPLIER', 'QYGL_ZH_V');
INSERT INTO `ENTERPRISE_ROLE_PERMISSION` VALUES (192, 0, '2019-08-09 15:51:01.998', '2019-08-26 11:33:41.483', 0, 'JB_SUPPLIER', 'QYGL_ZH_AE');
INSERT INTO `ENTERPRISE_ROLE_PERMISSION` VALUES (193, 0, '2019-08-09 15:51:02.008', '2019-08-26 11:33:41.450', 0, 'JB_SUPPLIER', 'ZRLGL_QS_V');
INSERT INTO `ENTERPRISE_ROLE_PERMISSION` VALUES (194, 0, '2019-08-09 15:51:02.016', '2019-08-26 11:33:41.442', 0, 'JB_SUPPLIER', 'ZRLGL_ZR_V');
INSERT INTO `ENTERPRISE_ROLE_PERMISSION` VALUES (195, 0, '2019-08-09 15:51:02.023', '2019-08-26 11:33:41.434', 0, 'JB_SUPPLIER', 'ZRLGL_RZ_V');
INSERT INTO `ENTERPRISE_ROLE_PERMISSION` VALUES (196, 0, '2019-08-09 15:51:02.030', '2019-08-26 11:33:41.426', 0, 'JB_SUPPLIER', 'YYGL_GYS_V');
INSERT INTO `ENTERPRISE_ROLE_PERMISSION` VALUES (197, 0, '2019-08-09 15:51:02.042', '2019-08-26 11:33:41.417', 0, 'JB_SUPPLIER', 'YYGL_GYSZR_V');
INSERT INTO `ENTERPRISE_ROLE_PERMISSION` VALUES (198, 0, '2019-08-09 15:51:02.049', '2019-08-26 11:33:41.397', 0, 'JB_SUPPLIER', 'YYGL_GYSRZ_V');
INSERT INTO `ENTERPRISE_ROLE_PERMISSION` VALUES (199, 0, '2019-08-09 15:51:02.057', '2019-08-26 11:33:41.389', 0, 'JB_SUPPLIER', 'DAGL_QY_V');
INSERT INTO `ENTERPRISE_ROLE_PERMISSION` VALUES (200, 0, '2019-08-09 15:51:02.064', '2019-08-26 11:33:41.380', 0, 'JB_SUPPLIER', 'DAGL_ZD_V');
INSERT INTO `ENTERPRISE_ROLE_PERMISSION` VALUES (201, 0, '2019-08-09 15:51:02.070', '2019-08-26 11:33:41.368', 0, 'JB_SUPPLIER', 'DAGL_RD_V');
INSERT INTO `ENTERPRISE_ROLE_PERMISSION` VALUES (202, 0, '2019-08-09 15:52:53.403', '2019-08-21 18:12:28.396', 0, 'FH_SUPPLIER', 'QYGL_XX_V');
INSERT INTO `ENTERPRISE_ROLE_PERMISSION` VALUES (203, 0, '2019-08-09 15:52:53.410', '2019-08-21 18:12:28.389', 0, 'FH_SUPPLIER', 'QYGL_ZH_V');
INSERT INTO `ENTERPRISE_ROLE_PERMISSION` VALUES (204, 0, '2019-08-09 15:52:53.419', '2019-08-21 18:12:28.382', 0, 'FH_SUPPLIER', 'QYGL_ZH_C');
INSERT INTO `ENTERPRISE_ROLE_PERMISSION` VALUES (205, 0, '2019-08-09 15:52:53.425', '2019-08-21 18:12:28.375', 0, 'FH_SUPPLIER', 'ZRLGL_QS_V');
INSERT INTO `ENTERPRISE_ROLE_PERMISSION` VALUES (206, 0, '2019-08-09 15:52:53.432', '2019-08-21 18:12:28.367', 0, 'FH_SUPPLIER', 'ZRLGL_ZR_V');
INSERT INTO `ENTERPRISE_ROLE_PERMISSION` VALUES (207, 0, '2019-08-09 15:52:53.438', '2019-08-21 18:12:28.357', 0, 'FH_SUPPLIER', 'ZRLGL_RZ_V');
INSERT INTO `ENTERPRISE_ROLE_PERMISSION` VALUES (208, 0, '2019-08-09 15:52:53.445', '2019-08-21 18:12:28.349', 0, 'FH_SUPPLIER', 'YYGL_GYSZR_V');
INSERT INTO `ENTERPRISE_ROLE_PERMISSION` VALUES (209, 0, '2019-08-09 15:52:53.453', '2019-08-21 18:12:28.342', 0, 'FH_SUPPLIER', 'YYGL_GYSRZ_V');
INSERT INTO `ENTERPRISE_ROLE_PERMISSION` VALUES (210, 0, '2019-08-09 15:52:53.460', '2019-08-21 18:12:28.335', 0, 'FH_SUPPLIER', 'YYGL_GYS_V');
INSERT INTO `ENTERPRISE_ROLE_PERMISSION` VALUES (211, 0, '2019-08-09 15:52:53.467', '2019-08-21 18:12:28.328', 0, 'FH_SUPPLIER', 'DAGL_QY_V');
INSERT INTO `ENTERPRISE_ROLE_PERMISSION` VALUES (212, 0, '2019-08-09 15:52:53.476', '2019-08-21 18:12:28.322', 0, 'FH_SUPPLIER', 'DAGL_ZD_V');
INSERT INTO `ENTERPRISE_ROLE_PERMISSION` VALUES (213, 0, '2019-08-09 15:52:53.483', '2019-08-21 18:12:28.315', 0, 'FH_SUPPLIER', 'DAGL_RD_V');
INSERT INTO `ENTERPRISE_ROLE_PERMISSION` VALUES (214, 0, '2019-08-09 16:00:33.912', '2019-08-26 11:33:41.359', 0, 'JB_SUPPLIER', 'YYGL_GYS_AE');
INSERT INTO `ENTERPRISE_ROLE_PERMISSION` VALUES (215, 0, '2019-08-15 15:13:05.947', '2019-08-21 13:41:51.962', 0, 'ADMIN_FACTORING', 'QYGL_XX_V');
INSERT INTO `ENTERPRISE_ROLE_PERMISSION` VALUES (216, 0, '2019-08-15 15:13:05.957', '2019-08-21 13:41:51.951', 0, 'ADMIN_FACTORING', 'QYGL_YH_V');
INSERT INTO `ENTERPRISE_ROLE_PERMISSION` VALUES (217, 0, '2019-08-15 15:13:05.964', '2019-08-21 13:41:51.938', 0, 'ADMIN_FACTORING', 'QYGL_YH_AE');
INSERT INTO `ENTERPRISE_ROLE_PERMISSION` VALUES (218, 0, '2019-08-15 15:13:05.971', '2019-08-21 13:41:51.930', 0, 'ADMIN_FACTORING', 'QYGL_ZH_V');
INSERT INTO `ENTERPRISE_ROLE_PERMISSION` VALUES (219, 0, '2019-08-15 15:13:05.978', '2019-08-21 13:41:51.922', 0, 'ADMIN_FACTORING', 'ZRLGL_RZ_V');
INSERT INTO `ENTERPRISE_ROLE_PERMISSION` VALUES (220, 0, '2019-08-15 15:13:05.986', '2019-08-21 13:41:51.914', 0, 'ADMIN_FACTORING', 'ZRLGL_ZR_V');
INSERT INTO `ENTERPRISE_ROLE_PERMISSION` VALUES (221, 0, '2019-08-15 15:13:05.993', '2019-08-21 13:41:51.906', 0, 'ADMIN_FACTORING', 'YYGL_GYS_V');
INSERT INTO `ENTERPRISE_ROLE_PERMISSION` VALUES (222, 0, '2019-08-15 15:13:06.003', '2019-08-21 13:41:51.894', 0, 'ADMIN_FACTORING', 'YYGL_GYSZR_V');
INSERT INTO `ENTERPRISE_ROLE_PERMISSION` VALUES (223, 0, '2019-08-15 15:13:06.010', '2019-08-21 13:41:51.885', 0, 'ADMIN_FACTORING', 'YYGL_GYSRZ_V');
INSERT INTO `ENTERPRISE_ROLE_PERMISSION` VALUES (224, 0, '2019-08-15 15:13:06.023', '2019-08-21 13:41:51.876', 0, 'ADMIN_FACTORING', 'YYGL_GYSQS_V');
INSERT INTO `ENTERPRISE_ROLE_PERMISSION` VALUES (225, 0, '2019-08-15 15:13:06.031', '2019-08-21 13:41:51.867', 0, 'ADMIN_FACTORING', 'YYGL_HXGL_V');
INSERT INTO `ENTERPRISE_ROLE_PERMISSION` VALUES (226, 0, '2019-08-15 15:13:06.038', '2019-08-21 13:41:51.858', 0, 'ADMIN_FACTORING', 'YYGL_HXCJJL_V');
INSERT INTO `ENTERPRISE_ROLE_PERMISSION` VALUES (227, 0, '2019-08-15 15:13:06.045', '2019-08-21 13:41:51.850', 0, 'ADMIN_FACTORING', 'DAGL_QY_V');
INSERT INTO `ENTERPRISE_ROLE_PERMISSION` VALUES (228, 0, '2019-08-15 15:13:06.052', '2019-08-21 13:41:51.841', 0, 'ADMIN_FACTORING', 'DAGL_KD_V');
INSERT INTO `ENTERPRISE_ROLE_PERMISSION` VALUES (229, 0, '2019-08-15 15:13:06.060', '2019-08-21 13:41:51.833', 0, 'ADMIN_FACTORING', 'DAGL_ZD_V');
INSERT INTO `ENTERPRISE_ROLE_PERMISSION` VALUES (230, 0, '2019-08-15 15:13:06.067', '2019-08-21 13:41:51.825', 0, 'ADMIN_FACTORING', 'DAGL_RD_V');
INSERT INTO `ENTERPRISE_ROLE_PERMISSION` VALUES (231, 0, '2019-08-15 15:14:48.797', '2019-08-21 09:38:05.044', 0, 'JB_FACTORING', 'QYGL_XX_V');
INSERT INTO `ENTERPRISE_ROLE_PERMISSION` VALUES (232, 0, '2019-08-15 15:14:48.804', '2019-08-21 09:38:05.037', 0, 'JB_FACTORING', 'QYGL_ZH_V');
INSERT INTO `ENTERPRISE_ROLE_PERMISSION` VALUES (233, 0, '2019-08-15 15:14:48.810', '2019-08-21 09:38:05.031', 0, 'JB_FACTORING', 'QYGL_ZH_AE');
INSERT INTO `ENTERPRISE_ROLE_PERMISSION` VALUES (234, 0, '2019-08-15 15:14:48.817', '2019-08-21 09:38:05.025', 0, 'JB_FACTORING', 'ZRLGL_ZR_V');
INSERT INTO `ENTERPRISE_ROLE_PERMISSION` VALUES (235, 0, '2019-08-15 15:14:48.823', '2019-08-21 09:38:05.018', 0, 'JB_FACTORING', 'ZRLGL_RZ_V');
INSERT INTO `ENTERPRISE_ROLE_PERMISSION` VALUES (236, 0, '2019-08-15 15:14:48.829', '2019-08-21 09:38:05.012', 0, 'JB_FACTORING', 'YYGL_GYS_V');
INSERT INTO `ENTERPRISE_ROLE_PERMISSION` VALUES (237, 0, '2019-08-15 15:14:48.836', '2019-08-21 09:38:05.005', 0, 'JB_FACTORING', 'YYGL_GYSZR_V');
INSERT INTO `ENTERPRISE_ROLE_PERMISSION` VALUES (238, 0, '2019-08-15 15:14:48.848', '2019-08-21 09:38:04.998', 0, 'JB_FACTORING', 'YYGL_GYSRZ_V');
INSERT INTO `ENTERPRISE_ROLE_PERMISSION` VALUES (239, 0, '2019-08-15 15:14:48.854', '2019-08-21 09:38:04.991', 0, 'JB_FACTORING', 'YYGL_GYSQS_V');
INSERT INTO `ENTERPRISE_ROLE_PERMISSION` VALUES (240, 0, '2019-08-15 15:14:48.860', '2019-08-21 09:38:04.983', 0, 'JB_FACTORING', 'YYGL_HXGL_V');
INSERT INTO `ENTERPRISE_ROLE_PERMISSION` VALUES (241, 0, '2019-08-15 15:14:48.866', '2019-08-21 09:38:04.977', 0, 'JB_FACTORING', 'YYGL_HXCJJL_V');
INSERT INTO `ENTERPRISE_ROLE_PERMISSION` VALUES (242, 0, '2019-08-15 15:14:48.872', '2019-08-21 09:38:04.972', 0, 'JB_FACTORING', 'DAGL_QY_V');
INSERT INTO `ENTERPRISE_ROLE_PERMISSION` VALUES (243, 0, '2019-08-15 15:14:48.878', '2019-08-21 09:38:04.966', 0, 'JB_FACTORING', 'DAGL_KD_V');
INSERT INTO `ENTERPRISE_ROLE_PERMISSION` VALUES (244, 0, '2019-08-15 15:14:48.885', '2019-08-21 09:38:04.958', 0, 'JB_FACTORING', 'DAGL_ZD_V');
INSERT INTO `ENTERPRISE_ROLE_PERMISSION` VALUES (245, 0, '2019-08-15 15:14:48.890', '2019-08-21 09:38:04.952', 0, 'JB_FACTORING', 'DAGL_RD_V');
INSERT INTO `ENTERPRISE_ROLE_PERMISSION` VALUES (246, 0, '2019-08-15 15:16:37.759', '2019-08-21 09:38:00.016', 0, 'FH_FACTORING', 'QYGL_XX_V');
INSERT INTO `ENTERPRISE_ROLE_PERMISSION` VALUES (247, 0, '2019-08-15 15:16:37.766', '2019-08-21 09:38:00.008', 0, 'FH_FACTORING', 'QYGL_ZH_V');
INSERT INTO `ENTERPRISE_ROLE_PERMISSION` VALUES (248, 0, '2019-08-15 15:16:37.773', '2019-08-21 09:37:59.999', 0, 'FH_FACTORING', 'QYGL_ZH_C');
INSERT INTO `ENTERPRISE_ROLE_PERMISSION` VALUES (249, 0, '2019-08-15 15:16:37.779', '2019-08-21 09:37:59.993', 0, 'FH_FACTORING', 'ZRLGL_RZ_V');
INSERT INTO `ENTERPRISE_ROLE_PERMISSION` VALUES (250, 0, '2019-08-15 15:16:37.785', '2019-08-21 09:37:59.986', 0, 'FH_FACTORING', 'ZRLGL_ZR_V');
INSERT INTO `ENTERPRISE_ROLE_PERMISSION` VALUES (251, 0, '2019-08-15 15:16:37.791', '2019-08-21 09:37:59.980', 0, 'FH_FACTORING', 'YYGL_GYSZR_V');
INSERT INTO `ENTERPRISE_ROLE_PERMISSION` VALUES (252, 0, '2019-08-15 15:16:37.798', '2019-08-21 09:37:59.974', 0, 'FH_FACTORING', 'YYGL_GYSRZ_V');
INSERT INTO `ENTERPRISE_ROLE_PERMISSION` VALUES (253, 0, '2019-08-15 15:16:37.804', '2019-08-21 09:37:59.968', 0, 'FH_FACTORING', 'YYGL_GYSQS_V');
INSERT INTO `ENTERPRISE_ROLE_PERMISSION` VALUES (254, 0, '2019-08-15 15:16:37.810', '2019-08-21 09:37:59.962', 0, 'FH_FACTORING', 'YYGL_GYS_V');
INSERT INTO `ENTERPRISE_ROLE_PERMISSION` VALUES (255, 0, '2019-08-15 15:16:37.816', '2019-08-21 09:37:59.956', 0, 'FH_FACTORING', 'YYGL_HXGL_V');
INSERT INTO `ENTERPRISE_ROLE_PERMISSION` VALUES (256, 0, '2019-08-15 15:16:37.822', '2019-08-21 09:37:59.950', 0, 'FH_FACTORING', 'YYGL_HXCJJL_V');
INSERT INTO `ENTERPRISE_ROLE_PERMISSION` VALUES (257, 0, '2019-08-15 15:16:37.828', '2019-08-21 09:37:59.944', 0, 'FH_FACTORING', 'DAGL_RD_V');
INSERT INTO `ENTERPRISE_ROLE_PERMISSION` VALUES (258, 0, '2019-08-15 15:16:37.835', '2019-08-21 09:37:59.937', 0, 'FH_FACTORING', 'DAGL_ZD_V');
INSERT INTO `ENTERPRISE_ROLE_PERMISSION` VALUES (259, 0, '2019-08-15 15:16:37.841', '2019-08-21 09:37:59.930', 0, 'FH_FACTORING', 'DAGL_KD_V');
INSERT INTO `ENTERPRISE_ROLE_PERMISSION` VALUES (260, 0, '2019-08-15 15:16:37.863', '2019-08-21 09:37:59.923', 0, 'FH_FACTORING', 'DAGL_QY_V');
INSERT INTO `ENTERPRISE_ROLE_PERMISSION` VALUES (261, 0, '2019-08-15 15:19:06.474', '2019-08-27 09:27:06.522', 0, 'SYS_ADMIN', 'YYGL_GYSZR_V');
INSERT INTO `ENTERPRISE_ROLE_PERMISSION` VALUES (262, 0, '2019-08-15 15:19:06.479', '2019-08-27 09:27:06.508', 0, 'SYS_ADMIN', 'YYGL_GYSRZ_V');
INSERT INTO `ENTERPRISE_ROLE_PERMISSION` VALUES (263, 0, '2019-08-15 15:19:06.485', '2019-08-27 09:27:06.498', 0, 'SYS_ADMIN', 'YYGL_GYSQS_V');
INSERT INTO `ENTERPRISE_ROLE_PERMISSION` VALUES (264, 0, '2019-08-15 15:19:06.662', '2019-08-27 09:27:06.480', 0, 'SYS_ADMIN', 'YYGL_HXGL_V');
INSERT INTO `ENTERPRISE_ROLE_PERMISSION` VALUES (265, 0, '2019-08-15 15:19:06.669', '2019-08-27 09:27:06.457', 0, 'SYS_ADMIN', 'YYGL_HXCJJL_V');
INSERT INTO `ENTERPRISE_ROLE_PERMISSION` VALUES (266, 0, '2019-08-15 15:19:06.675', '2019-08-27 09:27:06.437', 0, 'SYS_ADMIN', 'ZRLGL_RZ_V');
INSERT INTO `ENTERPRISE_ROLE_PERMISSION` VALUES (267, 0, '2019-08-15 15:19:06.682', '2019-08-27 09:27:06.416', 0, 'SYS_ADMIN', 'ZRLGL_ZR_V');
INSERT INTO `ENTERPRISE_ROLE_PERMISSION` VALUES (268, 0, '2019-08-15 15:19:06.689', '2019-08-27 09:27:06.395', 0, 'SYS_ADMIN', 'ZRLGL_QS_V');
INSERT INTO `ENTERPRISE_ROLE_PERMISSION` VALUES (269, 0, '2019-08-20 09:09:37.493', '2019-08-26 11:33:41.350', 0, 'JB_SUPPLIER', 'ZRLGL_ZR');
INSERT INTO `ENTERPRISE_ROLE_PERMISSION` VALUES (270, 0, '2019-08-20 09:09:37.518', '2019-08-26 11:33:41.341', 0, 'JB_SUPPLIER', 'ZRLGL_RZ');
INSERT INTO `ENTERPRISE_ROLE_PERMISSION` VALUES (271, 0, '2019-08-20 11:36:26.469', '2019-08-26 16:58:27.402', 0, 'JB_FUND', 'DAGL_QY_V');
INSERT INTO `ENTERPRISE_ROLE_PERMISSION` VALUES (272, 0, '2019-08-20 11:36:26.478', '2019-08-26 16:58:27.394', 0, 'JB_FUND', 'DAGL_KD_V');
INSERT INTO `ENTERPRISE_ROLE_PERMISSION` VALUES (273, 0, '2019-08-20 11:36:26.486', '2019-08-26 16:58:27.366', 0, 'JB_FUND', 'DAGL_RD_V');
INSERT INTO `ENTERPRISE_ROLE_PERMISSION` VALUES (274, 0, '2019-08-20 11:36:26.497', '2019-08-26 16:58:27.354', 0, 'JB_FUND', 'YYGL_GYSRZ_V');
INSERT INTO `ENTERPRISE_ROLE_PERMISSION` VALUES (275, 0, '2019-08-20 11:36:26.506', '2019-08-26 16:58:27.346', 0, 'JB_FUND', 'YYGL_GYSQS_V');
INSERT INTO `ENTERPRISE_ROLE_PERMISSION` VALUES (276, 0, '2019-08-20 11:39:10.015', '2019-08-26 16:58:32.802', 0, 'FH_FUND', 'DAGL_QY_V');
INSERT INTO `ENTERPRISE_ROLE_PERMISSION` VALUES (277, 0, '2019-08-20 11:39:10.022', '2019-08-26 16:58:32.795', 0, 'FH_FUND', 'DAGL_KD_V');
INSERT INTO `ENTERPRISE_ROLE_PERMISSION` VALUES (278, 0, '2019-08-20 11:39:10.036', '2019-08-26 16:58:32.787', 0, 'FH_FUND', 'DAGL_RD_V');
INSERT INTO `ENTERPRISE_ROLE_PERMISSION` VALUES (279, 0, '2019-08-20 11:39:10.049', '2019-08-26 16:58:32.769', 0, 'FH_FUND', 'YYGL_GYSQS_V');
INSERT INTO `ENTERPRISE_ROLE_PERMISSION` VALUES (280, 0, '2019-08-20 11:39:10.067', '2019-08-26 16:58:32.754', 0, 'FH_FUND', 'YYGL_GYSRZ_V');
INSERT INTO `ENTERPRISE_ROLE_PERMISSION` VALUES (281, 0, '2019-08-20 11:39:36.446', '2019-08-27 09:48:19.333', 0, 'ADMIN_FUND', 'DAGL_QY_V');
INSERT INTO `ENTERPRISE_ROLE_PERMISSION` VALUES (282, 0, '2019-08-20 11:39:36.453', '2019-08-27 09:48:19.325', 0, 'ADMIN_FUND', 'DAGL_KD_V');
INSERT INTO `ENTERPRISE_ROLE_PERMISSION` VALUES (283, 0, '2019-08-20 11:39:36.461', '2019-08-27 09:48:19.317', 0, 'ADMIN_FUND', 'DAGL_RD_V');
INSERT INTO `ENTERPRISE_ROLE_PERMISSION` VALUES (284, 0, '2019-08-20 11:39:36.468', '2019-08-27 09:48:19.309', 0, 'ADMIN_FUND', 'YYGL_GYSRZ_V');
INSERT INTO `ENTERPRISE_ROLE_PERMISSION` VALUES (285, 0, '2019-08-20 11:39:36.475', '2019-08-27 09:48:19.301', 0, 'ADMIN_FUND', 'YYGL_GYSQS_V');
INSERT INTO `ENTERPRISE_ROLE_PERMISSION` VALUES (286, 0, '2019-08-20 15:21:37.868', '2019-08-26 11:33:41.328', 0, 'JB_SUPPLIER', 'ZRLGL_ZR_E');
INSERT INTO `ENTERPRISE_ROLE_PERMISSION` VALUES (287, 1, '2019-08-20 15:21:37.887', '2019-08-20 17:11:54.439', 0, 'JB_SUPPLIER', 'ZRLGL_ZR_CH');
INSERT INTO `ENTERPRISE_ROLE_PERMISSION` VALUES (288, 1, '2019-08-20 15:21:37.895', '2019-08-20 17:11:54.434', 0, 'JB_SUPPLIER', 'ZRLGL-ZR-ZCFS');
INSERT INTO `ENTERPRISE_ROLE_PERMISSION` VALUES (289, 0, '2019-08-20 17:11:08.386', '2019-08-26 11:33:41.315', 0, 'JB_SUPPLIER', 'ZRLGL_RZ_E');
INSERT INTO `ENTERPRISE_ROLE_PERMISSION` VALUES (290, 0, '2019-08-20 17:11:54.556', '2019-08-26 11:33:41.298', 0, 'JB_SUPPLIER', 'ZRLGL_RZ_SQKP');
INSERT INTO `ENTERPRISE_ROLE_PERMISSION` VALUES (291, 0, '2019-08-20 17:12:53.388', '2019-08-21 09:38:04.946', 0, 'JB_FACTORING', 'ZRLGL_RZ_SCFP');
INSERT INTO `ENTERPRISE_ROLE_PERMISSION` VALUES (292, 0, '2019-08-20 17:14:10.677', '2019-08-27 09:48:19.292', 0, 'ADMIN_FUND', 'ZRLGL_RZ_V');
INSERT INTO `ENTERPRISE_ROLE_PERMISSION` VALUES (293, 0, '2019-08-20 17:14:19.882', '2019-08-26 16:58:27.339', 0, 'JB_FUND', 'ZRLGL_RZ_V');
INSERT INTO `ENTERPRISE_ROLE_PERMISSION` VALUES (294, 0, '2019-08-20 17:14:31.653', '2019-08-26 16:58:32.746', 0, 'FH_FUND', 'ZRLGL_RZ_V');
INSERT INTO `ENTERPRISE_ROLE_PERMISSION` VALUES (295, 0, '2019-08-20 18:54:19.847', '2019-08-21 13:41:51.816', 0, 'ADMIN_FACTORING', 'YYGL_GYS_AE');
INSERT INTO `ENTERPRISE_ROLE_PERMISSION` VALUES (296, 0, '2019-08-21 09:36:19.522', '2019-08-21 13:41:51.807', 0, 'ADMIN_FACTORING', 'ZRLGL_CJ_V');
INSERT INTO `ENTERPRISE_ROLE_PERMISSION` VALUES (297, 0, '2019-08-21 09:36:25.687', '2019-08-21 09:38:04.940', 0, 'JB_FACTORING', 'ZRLGL_CJ_V');
INSERT INTO `ENTERPRISE_ROLE_PERMISSION` VALUES (298, 0, '2019-08-21 09:36:35.141', '2019-08-21 09:37:59.916', 0, 'FH_FACTORING', 'ZRLGL_CJ_V');
INSERT INTO `ENTERPRISE_ROLE_PERMISSION` VALUES (299, 0, '2019-08-21 09:37:21.482', '2019-08-27 09:48:19.285', 0, 'ADMIN_FUND', 'ZRLGL_CJ_V');
INSERT INTO `ENTERPRISE_ROLE_PERMISSION` VALUES (300, 0, '2019-08-21 09:37:25.662', '2019-08-26 16:58:27.333', 0, 'JB_FUND', 'ZRLGL_CJ_V');
INSERT INTO `ENTERPRISE_ROLE_PERMISSION` VALUES (301, 0, '2019-08-21 09:37:29.752', '2019-08-26 16:58:32.739', 0, 'FH_FUND', 'ZRLGL_CJ_V');
INSERT INTO `ENTERPRISE_ROLE_PERMISSION` VALUES (302, 0, '2019-08-21 09:38:00.034', '2019-08-21 09:38:00.034', 0, 'FH_FACTORING', 'ZRLGL_JL_V');
INSERT INTO `ENTERPRISE_ROLE_PERMISSION` VALUES (303, 0, '2019-08-21 09:38:05.056', '2019-08-21 09:38:05.056', 0, 'JB_FACTORING', 'ZRLGL_JL_V');
INSERT INTO `ENTERPRISE_ROLE_PERMISSION` VALUES (304, 0, '2019-08-21 09:38:11.954', '2019-08-21 13:41:51.798', 0, 'ADMIN_FACTORING', 'ZRLGL_JL_V');
INSERT INTO `ENTERPRISE_ROLE_PERMISSION` VALUES (305, 0, '2019-08-21 10:18:06.565', '2019-08-27 09:48:19.277', 0, 'ADMIN_FUND', 'ZRLGL_JL_V');
INSERT INTO `ENTERPRISE_ROLE_PERMISSION` VALUES (306, 0, '2019-08-21 10:18:16.794', '2019-08-26 16:58:27.326', 0, 'JB_FUND', 'ZRLGL_JL_V');
INSERT INTO `ENTERPRISE_ROLE_PERMISSION` VALUES (307, 0, '2019-08-21 10:18:16.809', '2019-08-26 16:58:27.319', 0, 'JB_FUND', 'YYGL_HXCJJL_V');
INSERT INTO `ENTERPRISE_ROLE_PERMISSION` VALUES (308, 0, '2019-08-21 10:18:26.019', '2019-08-26 16:58:32.732', 0, 'FH_FUND', 'YYGL_HXCJJL_V');
INSERT INTO `ENTERPRISE_ROLE_PERMISSION` VALUES (309, 0, '2019-08-21 10:18:26.027', '2019-08-26 16:58:32.725', 0, 'FH_FUND', 'ZRLGL_JL_V');
INSERT INTO `ENTERPRISE_ROLE_PERMISSION` VALUES (310, 0, '2019-08-21 11:49:48.732', '2019-08-21 13:41:51.788', 0, 'ADMIN_FACTORING', 'YYGL_GYS_SX');
INSERT INTO `ENTERPRISE_ROLE_PERMISSION` VALUES (311, 0, '2019-08-21 12:02:38.371', '2019-08-27 09:48:19.270', 0, 'ADMIN_FUND', 'QYGL_XX_V');
INSERT INTO `ENTERPRISE_ROLE_PERMISSION` VALUES (312, 0, '2019-08-21 12:02:38.379', '2019-08-27 09:48:19.262', 0, 'ADMIN_FUND', 'QYGL_XX_E');
INSERT INTO `ENTERPRISE_ROLE_PERMISSION` VALUES (313, 0, '2019-08-21 12:02:38.387', '2019-08-27 09:48:19.254', 0, 'ADMIN_FUND', 'QYGL_YH_V');
INSERT INTO `ENTERPRISE_ROLE_PERMISSION` VALUES (314, 0, '2019-08-21 12:02:38.395', '2019-08-27 09:48:19.246', 0, 'ADMIN_FUND', 'QYGL_YH_AE');
INSERT INTO `ENTERPRISE_ROLE_PERMISSION` VALUES (315, 0, '2019-08-21 12:02:38.403', '2019-08-27 09:48:19.238', 0, 'ADMIN_FUND', 'QYGL_ZH_V');
INSERT INTO `ENTERPRISE_ROLE_PERMISSION` VALUES (316, 0, '2019-08-21 12:02:38.412', '2019-08-27 09:48:19.230', 0, 'ADMIN_FUND', 'YYGL_GYS_V');
INSERT INTO `ENTERPRISE_ROLE_PERMISSION` VALUES (317, 0, '2019-08-21 12:02:38.420', '2019-08-27 09:48:19.219', 0, 'ADMIN_FUND', 'YYGL_HXGL_V');
INSERT INTO `ENTERPRISE_ROLE_PERMISSION` VALUES (318, 0, '2019-08-21 12:02:38.428', '2019-08-27 09:48:19.211', 0, 'ADMIN_FUND', 'YYGL_HXCJJL_V');
INSERT INTO `ENTERPRISE_ROLE_PERMISSION` VALUES (319, 0, '2019-08-21 12:04:03.787', '2019-08-26 16:58:27.312', 0, 'JB_FUND', 'QYGL_XX_V');
INSERT INTO `ENTERPRISE_ROLE_PERMISSION` VALUES (320, 0, '2019-08-21 12:04:03.795', '2019-08-26 16:58:27.305', 0, 'JB_FUND', 'QYGL_ZH_V');
INSERT INTO `ENTERPRISE_ROLE_PERMISSION` VALUES (321, 0, '2019-08-21 12:04:03.803', '2019-08-26 16:58:27.298', 0, 'JB_FUND', 'QYGL_ZH_AE');
INSERT INTO `ENTERPRISE_ROLE_PERMISSION` VALUES (322, 0, '2019-08-21 12:04:03.810', '2019-08-26 16:58:27.289', 0, 'JB_FUND', 'YYGL_GYS_V');
INSERT INTO `ENTERPRISE_ROLE_PERMISSION` VALUES (323, 0, '2019-08-21 12:04:03.816', '2019-08-26 16:58:27.278', 0, 'JB_FUND', 'YYGL_HXGL_V');
INSERT INTO `ENTERPRISE_ROLE_PERMISSION` VALUES (324, 0, '2019-08-21 12:05:05.128', '2019-08-26 16:58:32.718', 0, 'FH_FUND', 'QYGL_XX_V');
INSERT INTO `ENTERPRISE_ROLE_PERMISSION` VALUES (325, 0, '2019-08-21 12:05:05.135', '2019-08-26 16:58:32.711', 0, 'FH_FUND', 'QYGL_ZH_V');
INSERT INTO `ENTERPRISE_ROLE_PERMISSION` VALUES (326, 0, '2019-08-21 12:05:05.143', '2019-08-26 16:58:32.700', 0, 'FH_FUND', 'QYGL_ZH_C');
INSERT INTO `ENTERPRISE_ROLE_PERMISSION` VALUES (327, 0, '2019-08-21 12:05:05.149', '2019-08-26 16:58:32.692', 0, 'FH_FUND', 'YYGL_GYS_V');
INSERT INTO `ENTERPRISE_ROLE_PERMISSION` VALUES (328, 0, '2019-08-21 12:05:05.156', '2019-08-26 16:58:32.684', 0, 'FH_FUND', 'YYGL_HXGL_V');
INSERT INTO `ENTERPRISE_ROLE_PERMISSION` VALUES (329, 0, '2019-08-21 13:41:51.987', '2019-08-21 13:41:51.987', 0, 'ADMIN_FACTORING', 'YYGL_HXGL_SX');
INSERT INTO `ENTERPRISE_ROLE_PERMISSION` VALUES (330, 0, '2019-08-21 14:22:27.060', '2019-08-27 09:48:19.203', 0, 'ADMIN_FUND', 'USER_E');
INSERT INTO `ENTERPRISE_ROLE_PERMISSION` VALUES (331, 0, '2019-08-21 14:22:35.859', '2019-08-26 16:58:27.271', 0, 'JB_FUND', 'USER_E');
INSERT INTO `ENTERPRISE_ROLE_PERMISSION` VALUES (332, 0, '2019-08-21 14:22:43.902', '2019-08-26 16:58:32.677', 0, 'FH_FUND', 'USER_E');
INSERT INTO `ENTERPRISE_ROLE_PERMISSION` VALUES (333, 0, '2019-08-21 18:10:40.076', '2019-08-26 11:33:41.289', 0, 'JB_SUPPLIER', 'ZRLGL_CJ_V');
INSERT INTO `ENTERPRISE_ROLE_PERMISSION` VALUES (334, 0, '2019-08-21 18:10:40.117', '2019-08-26 11:33:41.277', 0, 'JB_SUPPLIER', 'ZRLGL_JL_V');
INSERT INTO `ENTERPRISE_ROLE_PERMISSION` VALUES (335, 0, '2019-08-21 18:10:49.215', '2019-08-21 18:12:28.308', 0, 'FH_SUPPLIER', 'ZRLGL_CJ_V');
INSERT INTO `ENTERPRISE_ROLE_PERMISSION` VALUES (336, 0, '2019-08-21 18:10:49.223', '2019-08-21 18:12:28.301', 0, 'FH_SUPPLIER', 'ZRLGL_JL_V');
INSERT INTO `ENTERPRISE_ROLE_PERMISSION` VALUES (337, 0, '2019-08-21 18:10:55.489', '2019-08-21 18:10:55.489', 0, 'ADMIN_SUPPLIER', 'ZRLGL_CJ_V');
INSERT INTO `ENTERPRISE_ROLE_PERMISSION` VALUES (338, 0, '2019-08-21 18:10:55.496', '2019-08-21 18:10:55.496', 0, 'ADMIN_SUPPLIER', 'ZRLGL_JL_V');
INSERT INTO `ENTERPRISE_ROLE_PERMISSION` VALUES (339, 1, '2019-08-21 18:11:34.804', '2019-08-21 18:11:34.804', 0, 'FH_SUPPLIER', 'ZRLGL_CJ_C');
INSERT INTO `ENTERPRISE_ROLE_PERMISSION` VALUES (340, 0, '2019-08-22 17:29:22.492', '2019-08-26 11:33:41.267', 0, 'JB_SUPPLIER', 'ZRLGL_QS');
INSERT INTO `ENTERPRISE_ROLE_PERMISSION` VALUES (341, 0, '2019-08-27 09:27:06.863', '2019-08-27 09:27:06.863', 0, 'SYS_ADMIN', 'QYGL_XX_Ｄ');
INSERT INTO `ENTERPRISE_ROLE_PERMISSION` VALUES (342, 0, '2019-08-27 09:29:07.562', '2019-08-27 09:29:07.562', 0, 'JB_OPERATE', 'QYGL_XX_Ｄ');
INSERT INTO `ENTERPRISE_ROLE_PERMISSION` VALUES (343, 0, '2019-08-27 09:48:19.341', '2019-08-27 09:48:19.341', 0, 'ADMIN_FUND', 'ENPINFO_E');

-- ----------------------------
-- Table structure for ENTERPRISE_USER
-- ----------------------------
DROP TABLE IF EXISTS `ENTERPRISE_USER`;
CREATE TABLE `ENTERPRISE_USER`  (
  `ID` bigint(20) NOT NULL AUTO_INCREMENT COMMENT 'ID',
  `IS_DELETE` tinyint(1) NULL DEFAULT NULL COMMENT '是否删除',
  `CREATED_AT` timestamp(3) NULL DEFAULT NULL COMMENT '创建时间',
  `UPDATED_AT` timestamp(3) NULL DEFAULT NULL COMMENT '修改时间',
  `STATUS` int(11) NULL DEFAULT 0 COMMENT '状态',
  `NAME` varchar(192) CHARACTER SET utf8 COLLATE utf8_bin NULL DEFAULT NULL COMMENT '姓名',
  `MOBILE_PHONE` varchar(192) CHARACTER SET utf8 COLLATE utf8_bin NULL DEFAULT NULL COMMENT '手机号码',
  `SEX` int(11) NULL DEFAULT NULL COMMENT '0保密,1男,2女',
  `ID_CARD` varchar(192) CHARACTER SET utf8 COLLATE utf8_bin NULL DEFAULT NULL COMMENT '证件号',
  `EMAIL` varchar(192) CHARACTER SET utf8 COLLATE utf8_bin NULL DEFAULT NULL COMMENT '邮箱',
  `PASSWORD` varchar(192) CHARACTER SET utf8 COLLATE utf8_bin NULL DEFAULT NULL COMMENT '密码',
  `AUTH_STATUS` int(11) NULL DEFAULT 0 COMMENT '实名认证状态,0:未认证,1:已认证',
  `ADDRESS` varchar(1536) CHARACTER SET utf8 COLLATE utf8_bin NULL DEFAULT NULL COMMENT '联系地址',
  PRIMARY KEY (`ID`) USING BTREE
) ENGINE = InnoDB AUTO_INCREMENT = 88 CHARACTER SET = utf8 COLLATE = utf8_bin COMMENT = '企业用户表' ROW_FORMAT = Dynamic;

-- ----------------------------
-- Records of ENTERPRISE_USER
-- ----------------------------
INSERT INTO `ENTERPRISE_USER` VALUES (1, 0, '2019-07-17 11:54:12.757', '2019-07-26 14:54:25.813', 0, 'admin', 'admin', 1, '440582194412121212', '123@qq.com', '90B89158A6D4F179042FCDF8AEEF3061', 0, NULL);
INSERT INTO `ENTERPRISE_USER` VALUES (2, 0, '2019-07-17 11:59:48.891', '2019-08-09 09:11:49.775', 0, 'testuser6', '15216031512', 1, '440223155131515151', '123@qq.com', '90B89158A6D4F179042FCDF8AEEF3061', 0, NULL);
INSERT INTO `ENTERPRISE_USER` VALUES (3, 0, '2019-07-17 12:01:55.308', '2019-07-19 18:49:24.156', 0, 'testuser3', '12345', 1, '123456', '123@qq.com', '498B5DD9948C06BB44BFAC87D2653962', 0, NULL);
INSERT INTO `ENTERPRISE_USER` VALUES (4, 0, '2019-07-17 12:02:56.317', '2019-07-17 12:02:56.317', 0, 'testuser4', '123456', 1, '123456', '123@qq.com', NULL, 0, NULL);
INSERT INTO `ENTERPRISE_USER` VALUES (16, 0, '2019-07-19 16:23:06.384', '2019-08-12 16:28:59.274', 0, 'zz', '15912312312', 1, '440582194412121212', '123@112.com', '710BED0BD69F53D6F33C24676A040899', 0, NULL);
INSERT INTO `ENTERPRISE_USER` VALUES (17, 0, '2019-07-23 18:31:19.471', '2019-08-20 15:01:24.252', 0, '测试管理员', '15918781423', 1, NULL, NULL, '90B89158A6D4F179042FCDF8AEEF3061', 0, NULL);
INSERT INTO `ENTERPRISE_USER` VALUES (18, 0, '2019-07-23 18:33:49.495', '2019-07-29 15:37:41.554', 0, '测试管理员', '15918781478', 1, NULL, NULL, 'D0CCE93C27A49AB7C94D21417191C0AB', 0, NULL);
INSERT INTO `ENTERPRISE_USER` VALUES (19, 0, '2019-07-23 18:37:06.324', '2019-07-29 15:37:49.046', 0, '测试管理员', '15918787894', 2, NULL, NULL, '48FF75C1EB7067E1F1802319C99B9A24', 0, NULL);
INSERT INTO `ENTERPRISE_USER` VALUES (20, 0, '2019-07-24 09:54:30.400', '2019-08-06 11:25:14.820', 0, 'testuser5', '15173219322', 1, NULL, '123@qq.com', '90B89158A6D4F179042FCDF8AEEF3061', 0, NULL);
INSERT INTO `ENTERPRISE_USER` VALUES (21, 0, '2019-07-24 10:57:09.017', '2019-08-21 18:43:55.156', 0, '供应商qqq', '15918781234', 2, '440582194412121212', '123@112.com', '3788AC6D1BCDDBB45FCB182D36A6D6CD', 0, NULL);
INSERT INTO `ENTERPRISE_USER` VALUES (22, 0, '2019-07-24 10:57:09.017', '2019-08-26 14:48:50.325', 0, '韩商言', '18088888888', 0, '310106198902140614', NULL, '90B89158A6D4F179042FCDF8AEEF3061', 0, NULL);
INSERT INTO `ENTERPRISE_USER` VALUES (23, 0, '2019-07-24 17:25:36.173', '2019-07-24 17:28:25.605', 0, '15912312312', '15912312313', 1, '440582191212121212', '123@112.com', NULL, 0, NULL);
INSERT INTO `ENTERPRISE_USER` VALUES (24, 0, '2019-07-25 17:50:47.350', '2019-08-27 10:16:00.640', 0, '客户管理员', '13798863522', 0, '310106198902140614', '123@qq.com', '90B89158A6D4F179042FCDF8AEEF3061', 0, '北京');
INSERT INTO `ENTERPRISE_USER` VALUES (25, 0, '2019-07-26 10:30:18.160', '2019-08-21 17:05:28.279', 0, '张阿三', '15113538547', 0, NULL, NULL, NULL, 0, NULL);
INSERT INTO `ENTERPRISE_USER` VALUES (26, 0, '2019-07-26 10:31:35.438', '2019-08-21 17:27:10.524', 0, '雷军', '15113536547', 0, NULL, NULL, NULL, 0, NULL);
INSERT INTO `ENTERPRISE_USER` VALUES (27, 0, '2019-07-26 10:32:51.440', '2019-08-21 16:53:26.973', 0, '李四', '15113537547', 0, NULL, NULL, NULL, 0, NULL);
INSERT INTO `ENTERPRISE_USER` VALUES (28, 0, '2019-07-26 11:13:21.103', '2019-08-26 16:48:24.934', 0, '万格管理员', '15113536556', 0, NULL, NULL, '90B89158A6D4F179042FCDF8AEEF3061', 0, NULL);
INSERT INTO `ENTERPRISE_USER` VALUES (29, 0, '2019-07-26 11:17:13.525', '2019-08-12 10:13:05.704', 0, '勤丰管理员', '15113537894', 2, '440582194412121212', '123@qq.com', '5696D107A768C4DA5871B07412E0A1E8', 0, NULL);
INSERT INTO `ENTERPRISE_USER` VALUES (30, 0, '2019-07-29 11:23:06.428', '2019-08-12 11:00:06.179', 0, '测试管理员', '15912312315', 0, NULL, NULL, '09F97177059EC335DD3D764BA3D117E4', 0, NULL);
INSERT INTO `ENTERPRISE_USER` VALUES (31, 0, '2019-07-29 11:27:36.241', '2019-07-29 11:27:36.241', 0, 'chen', '15415754358', 0, NULL, NULL, NULL, 0, NULL);
INSERT INTO `ENTERPRISE_USER` VALUES (32, 0, '2019-07-29 11:28:04.933', '2019-08-20 15:24:56.844', 0, '测试管理员', '15912312316', 0, NULL, NULL, '769DC66ECD9BA41EF9A64408925CD629', 0, NULL);
INSERT INTO `ENTERPRISE_USER` VALUES (33, 0, '2019-07-29 11:29:28.594', '2019-08-20 14:12:12.771', 0, '测试管理员', '15912312317', 0, NULL, NULL, '2C3C820E29EA2D6ED87675C485359EF8', 0, NULL);
INSERT INTO `ENTERPRISE_USER` VALUES (34, 0, '2019-07-29 11:42:02.797', '2019-08-15 18:28:26.446', 0, '测试管理员', '15912312318', 0, NULL, NULL, '90B89158A6D4F179042FCDF8AEEF3061', 0, NULL);
INSERT INTO `ENTERPRISE_USER` VALUES (35, 0, '2019-07-29 11:43:22.734', '2019-07-29 11:43:22.734', 0, '测试管理员', '15912312319', 0, NULL, NULL, NULL, 0, NULL);
INSERT INTO `ENTERPRISE_USER` VALUES (36, 0, '2019-07-29 11:44:40.326', '2019-08-16 14:24:37.719', 0, '测试管理员', '15912312320', 0, NULL, NULL, '90B89158A6D4F179042FCDF8AEEF3061', 0, NULL);
INSERT INTO `ENTERPRISE_USER` VALUES (37, 0, '2019-07-29 11:45:09.080', '2019-08-09 18:10:38.349', 0, '测试管理员', '15912312321', 0, NULL, NULL, 'F8A6E47A3F61D700901614F8D393E034', 0, NULL);
INSERT INTO `ENTERPRISE_USER` VALUES (38, 0, '2019-07-29 11:50:26.234', '2019-08-21 17:10:07.383', 0, '测试管理员', '15912312322', 0, NULL, NULL, '90B89158A6D4F179042FCDF8AEEF3061', 0, NULL);
INSERT INTO `ENTERPRISE_USER` VALUES (39, 0, '2019-07-29 11:51:13.847', '2019-07-29 11:51:13.847', 0, '测试管理员', '15912312323', 0, NULL, NULL, NULL, 0, NULL);
INSERT INTO `ENTERPRISE_USER` VALUES (40, 0, '2019-07-29 16:06:12.545', '2019-08-08 10:13:36.656', 0, '平安管理员', '15113536545', 0, NULL, NULL, '90B89158A6D4F179042FCDF8AEEF3061', 0, NULL);
INSERT INTO `ENTERPRISE_USER` VALUES (41, 0, '2019-07-29 16:07:00.054', '2019-07-29 16:07:00.054', 0, '中国平安管理员', '15113536541', 0, NULL, NULL, NULL, 0, NULL);
INSERT INTO `ENTERPRISE_USER` VALUES (42, 0, '2019-07-29 16:07:56.426', '2019-07-29 16:07:56.426', 0, '工商管理员', '15113536542', 0, NULL, NULL, NULL, 0, NULL);
INSERT INTO `ENTERPRISE_USER` VALUES (43, 0, '2019-07-29 16:08:31.095', '2019-07-29 16:08:31.095', 0, '工商信托', '15113536543', 0, NULL, NULL, NULL, 0, NULL);
INSERT INTO `ENTERPRISE_USER` VALUES (44, 0, '2019-08-01 15:40:04.144', '2019-08-12 11:02:38.943', 0, 'testuser', '15989232957', 1, '123456789789888', '1234@qq.com', '73F0641B59A6EB54417330B4517279BC', 0, NULL);
INSERT INTO `ENTERPRISE_USER` VALUES (45, 0, '2019-08-02 11:25:53.539', '2019-08-05 11:27:20.878', 0, 'testuser6', '222222', 1, '123456', '123@qq.com', '90B89158A6D4F179042FCDF8AEEF3061', 0, NULL);
INSERT INTO `ENTERPRISE_USER` VALUES (46, 0, '2019-08-02 14:18:22.911', '2019-08-02 14:18:22.911', 0, '韩商言', '13763307299', 0, '310106198902140614', '', NULL, 0, '');
INSERT INTO `ENTERPRISE_USER` VALUES (47, 0, '2019-08-02 16:08:11.106', '2019-08-02 16:16:26.682', 0, '159', '15918712345', 1, NULL, '123@112.com', '27594AE3FD524AC62BE47D167DF072F3', 0, NULL);
INSERT INTO `ENTERPRISE_USER` VALUES (48, 0, '2019-08-02 16:16:57.467', '2019-08-02 16:16:57.467', 0, '145', '15918714545', 0, NULL, NULL, NULL, 0, NULL);
INSERT INTO `ENTERPRISE_USER` VALUES (49, 0, '2019-08-02 16:25:26.227', '2019-08-05 17:46:13.058', 0, '测试用户名', '15918788542', 1, '440582194412121212', '123@112.com', '19E41E87E8CDCCE7133AC8068528B7B3', 0, NULL);
INSERT INTO `ENTERPRISE_USER` VALUES (50, 0, '2019-08-02 17:23:15.840', '2019-08-20 15:34:21.241', 0, 'FDF', '15914794555', 0, NULL, NULL, '90B89158A6D4F179042FCDF8AEEF3061', 0, NULL);
INSERT INTO `ENTERPRISE_USER` VALUES (52, 0, '2019-08-02 17:45:00.060', '2019-08-16 13:36:11.179', 0, 's', '15914824554', 0, NULL, NULL, '90B89158A6D4F179042FCDF8AEEF3061', 0, NULL);
INSERT INTO `ENTERPRISE_USER` VALUES (53, 0, '2019-08-02 17:45:21.619', '2019-08-02 17:45:21.619', 0, 'd', '18541215458', 0, NULL, NULL, NULL, 0, NULL);
INSERT INTO `ENTERPRISE_USER` VALUES (54, 0, '2019-08-02 17:47:45.500', '2019-08-02 17:47:45.500', 0, 'fddf', '15918712478', 0, NULL, NULL, NULL, 0, NULL);
INSERT INTO `ENTERPRISE_USER` VALUES (55, 0, '2019-08-06 11:46:43.043', '2019-08-06 11:49:22.245', 0, 'fff', '15914578956', 0, NULL, NULL, 'B5A8359EA7BAD509373A2A05D3A043EF', 0, NULL);
INSERT INTO `ENTERPRISE_USER` VALUES (56, 0, '2019-08-06 14:28:59.598', '2019-08-23 16:44:13.055', 0, '韩商言', '15912312589', 1, '310106198902140614', '123@qq.com', '90B89158A6D4F179042FCDF8AEEF3061', 0, NULL);
INSERT INTO `ENTERPRISE_USER` VALUES (62, 0, '2019-08-07 10:06:32.446', '2019-08-07 10:06:32.446', 0, 'sssss', '15123456784', 0, NULL, NULL, NULL, 0, NULL);
INSERT INTO `ENTERPRISE_USER` VALUES (63, 0, '2019-08-07 17:14:13.919', '2019-08-09 17:09:48.816', 0, 'test666', '15888889998', 1, '123456789789888', '123@qq.com', 'D9A958F3668D32A00CCEF894A0FB2610', 0, NULL);
INSERT INTO `ENTERPRISE_USER` VALUES (64, 0, '2019-08-08 09:25:48.676', '2019-08-16 16:46:04.197', 0, '经办', '13778941234', 0, '420111197408195521', NULL, 'C21744492EBF68AACFDCBB4A00A74D93', 0, NULL);
INSERT INTO `ENTERPRISE_USER` VALUES (65, 0, '2019-08-08 09:29:03.721', '2019-08-16 14:47:35.010', 0, '孙华勇', '13856071307', 0, NULL, NULL, '90B89158A6D4F179042FCDF8AEEF3061', 0, NULL);
INSERT INTO `ENTERPRISE_USER` VALUES (66, 0, '2019-08-08 10:10:28.630', '2019-08-09 15:59:09.968', 0, '复核', '13897897877', 0, '420111197408195521', NULL, '2181750195D9F0CF49E22F2E523EA0B8', 0, NULL);
INSERT INTO `ENTERPRISE_USER` VALUES (67, 0, '2019-08-08 10:20:10.105', '2019-08-08 10:20:10.105', 0, '李德刚', '12312312312', 0, NULL, NULL, NULL, 0, NULL);
INSERT INTO `ENTERPRISE_USER` VALUES (68, 0, '2019-08-09 14:34:26.330', '2019-08-09 14:34:26.330', 0, 'sssss', '15113536540', 0, NULL, NULL, NULL, 0, NULL);
INSERT INTO `ENTERPRISE_USER` VALUES (69, 0, '2019-08-09 18:03:49.786', '2019-08-26 17:00:58.945', 0, 'sp管理员', '13812345678', 0, '310106198902140614', NULL, '09C37C0CDEDE0B8C725B02B29E3B1980', 1, NULL);
INSERT INTO `ENTERPRISE_USER` VALUES (70, 0, '2019-08-14 17:19:19.912', '2019-08-14 17:20:58.521', 0, 'lixian', '13533738453', 0, NULL, NULL, '8FD195556E25534405EDC124E37FD565', 0, NULL);
INSERT INTO `ENTERPRISE_USER` VALUES (73, 0, '2019-08-16 10:53:33.443', '2019-08-20 14:52:20.277', 0, '万格经办员', '15173219688', 2, '440582194412121212', '123@qq.com', '90B89158A6D4F179042FCDF8AEEF3061', 0, NULL);
INSERT INTO `ENTERPRISE_USER` VALUES (80, 0, '2019-08-19 16:34:45.273', '2019-08-19 16:35:45.555', 0, '小李', '15870704233', 0, NULL, NULL, '196804B2AF5CE01C740D66D297636ABC', 0, NULL);
INSERT INTO `ENTERPRISE_USER` VALUES (81, 0, '2019-08-20 15:35:33.887', '2019-08-20 15:36:20.783', 0, '合肥将军管理员', '13751875697', 0, NULL, NULL, '90B89158A6D4F179042FCDF8AEEF3061', 0, NULL);
INSERT INTO `ENTERPRISE_USER` VALUES (82, 0, '2019-08-21 14:42:07.768', '2019-08-26 10:34:50.730', 0, '张和信', '13533360172', 0, '440156986598587412', NULL, '90B89158A6D4F179042FCDF8AEEF3061', 0, NULL);
INSERT INTO `ENTERPRISE_USER` VALUES (83, 0, '2019-08-23 09:08:34.004', '2019-08-23 09:08:34.004', 0, 'chen', '15115356316', 0, NULL, NULL, NULL, 0, NULL);
INSERT INTO `ENTERPRISE_USER` VALUES (84, 0, '2019-08-23 09:12:57.218', '2019-08-23 15:00:12.956', 0, '马少婷', '15918780395', 0, '44058219970604588X', NULL, NULL, 0, NULL);
INSERT INTO `ENTERPRISE_USER` VALUES (85, 0, '2019-08-23 15:49:20.547', '2019-08-26 10:00:38.359', 0, '韩商言言', '15914785236', 0, '440135195512312', NULL, '90B89158A6D4F179042FCDF8AEEF3061', 0, NULL);
INSERT INTO `ENTERPRISE_USER` VALUES (86, 0, '2019-08-27 09:18:12.636', '2019-08-27 09:26:18.857', 0, '韩商言', '15918782569', 0, '310106198902140614', NULL, '90B89158A6D4F179042FCDF8AEEF3061', 1, NULL);
INSERT INTO `ENTERPRISE_USER` VALUES (87, 0, '2019-08-27 09:31:44.073', '2019-08-27 09:33:29.036', 0, '测试经办', '15918784321', 0, '310106198902140614', NULL, '3CAB447AC1F1E8DC047FC1AE84E9EA4B', 1, NULL);

-- ----------------------------
-- Table structure for ENTERPRISE_USER_ROLE
-- ----------------------------
DROP TABLE IF EXISTS `ENTERPRISE_USER_ROLE`;
CREATE TABLE `ENTERPRISE_USER_ROLE`  (
  `ID` bigint(20) NOT NULL AUTO_INCREMENT COMMENT 'ID',
  `IS_DELETE` tinyint(1) NULL DEFAULT NULL COMMENT '是否删除',
  `CREATED_AT` timestamp(3) NULL DEFAULT NULL COMMENT '创建时间',
  `UPDATED_AT` timestamp(3) NULL DEFAULT NULL COMMENT '修改时间',
  `STATUS` int(11) NULL DEFAULT 0 COMMENT '状态',
  `ENT_USER_ID` bigint(20) NULL DEFAULT NULL COMMENT '企业用户关联表ID',
  `ROLE_ID` bigint(20) NULL DEFAULT NULL COMMENT '角色ID',
  PRIMARY KEY (`ID`) USING BTREE
) ENGINE = InnoDB AUTO_INCREMENT = 148 CHARACTER SET = utf8 COLLATE = utf8_bin COMMENT = '企业角色-用户关联表' ROW_FORMAT = Dynamic;

-- ----------------------------
-- Records of ENTERPRISE_USER_ROLE
-- ----------------------------
INSERT INTO `ENTERPRISE_USER_ROLE` VALUES (5, 1, '2019-07-18 16:24:57.879', '2019-07-18 16:24:57.879', 0, 13, 8);
INSERT INTO `ENTERPRISE_USER_ROLE` VALUES (6, 0, '2019-07-18 16:34:00.707', '2019-07-18 16:34:00.706', 0, 14, 9);
INSERT INTO `ENTERPRISE_USER_ROLE` VALUES (7, 0, '2019-07-19 11:15:30.078', '2019-07-19 14:03:45.687', 0, 1, 10);
INSERT INTO `ENTERPRISE_USER_ROLE` VALUES (15, 0, '2019-07-19 12:55:49.844', '2019-07-25 09:01:14.496', 0, 1, 11);
INSERT INTO `ENTERPRISE_USER_ROLE` VALUES (19, 0, '2019-07-19 16:25:01.680', '2019-07-19 16:25:01.680', 0, 1, 12);
INSERT INTO `ENTERPRISE_USER_ROLE` VALUES (22, 1, '2019-07-19 18:49:19.189', '2019-07-19 18:49:19.189', 0, 3, 11);
INSERT INTO `ENTERPRISE_USER_ROLE` VALUES (23, 1, '2019-07-23 18:31:19.531', '2019-07-23 18:31:19.531', 0, 14, 1);
INSERT INTO `ENTERPRISE_USER_ROLE` VALUES (24, 1, '2019-07-23 18:33:49.528', '2019-07-23 18:33:49.528', 0, 15, 1);
INSERT INTO `ENTERPRISE_USER_ROLE` VALUES (25, 1, '2019-07-23 18:37:06.362', '2019-07-23 18:37:06.362', 0, 16, 1);
INSERT INTO `ENTERPRISE_USER_ROLE` VALUES (35, 0, '2019-07-25 17:39:08.271', '2019-07-25 17:39:08.271', 0, 17, 2);
INSERT INTO `ENTERPRISE_USER_ROLE` VALUES (36, 0, '2019-07-25 17:50:47.417', '2019-07-25 17:50:47.417', 0, 21, 13);
INSERT INTO `ENTERPRISE_USER_ROLE` VALUES (37, 1, '2019-07-25 17:57:38.219', '2019-07-25 17:57:38.219', 0, 19, 19);
INSERT INTO `ENTERPRISE_USER_ROLE` VALUES (38, 1, '2019-07-25 18:01:09.947', '2019-07-26 10:42:11.091', 0, 2, 10);
INSERT INTO `ENTERPRISE_USER_ROLE` VALUES (39, 1, '2019-07-25 18:01:28.092', '2019-07-25 18:41:01.075', 0, 2, 12);
INSERT INTO `ENTERPRISE_USER_ROLE` VALUES (40, 1, '2019-07-25 18:01:28.099', '2019-07-25 18:01:28.099', 0, 2, 11);
INSERT INTO `ENTERPRISE_USER_ROLE` VALUES (41, 1, '2019-07-25 18:29:57.251', '2019-07-25 18:29:57.251', 0, 17, 3);
INSERT INTO `ENTERPRISE_USER_ROLE` VALUES (42, 0, '2019-07-26 10:02:15.693', '2019-07-26 10:02:15.693', 0, 1, 1);
INSERT INTO `ENTERPRISE_USER_ROLE` VALUES (44, 0, '2019-07-26 10:04:14.187', '2019-07-26 10:04:14.187', 0, 15, 2);
INSERT INTO `ENTERPRISE_USER_ROLE` VALUES (45, 0, '2019-07-26 10:04:23.612', '2019-07-26 10:04:23.612', 0, 16, 2);
INSERT INTO `ENTERPRISE_USER_ROLE` VALUES (46, 1, '2019-07-26 10:29:55.151', '2019-07-26 10:29:55.151', 0, 19, 1);
INSERT INTO `ENTERPRISE_USER_ROLE` VALUES (47, 0, '2019-07-26 10:30:18.215', '2019-07-26 10:30:18.215', 0, 22, 10);
INSERT INTO `ENTERPRISE_USER_ROLE` VALUES (48, 0, '2019-07-26 10:31:35.489', '2019-07-26 10:31:35.489', 0, 23, 13);
INSERT INTO `ENTERPRISE_USER_ROLE` VALUES (49, 0, '2019-07-26 10:32:51.492', '2019-07-26 10:32:51.492', 0, 24, 16);
INSERT INTO `ENTERPRISE_USER_ROLE` VALUES (51, 0, '2019-07-26 11:13:21.173', '2019-08-16 11:20:04.939', 0, 25, 4);
INSERT INTO `ENTERPRISE_USER_ROLE` VALUES (52, 0, '2019-07-26 11:17:13.578', '2019-07-29 15:00:34.697', 0, 26, 4);
INSERT INTO `ENTERPRISE_USER_ROLE` VALUES (53, 1, '2019-07-26 16:38:57.074', '2019-08-08 10:11:41.811', 0, 19, 20);
INSERT INTO `ENTERPRISE_USER_ROLE` VALUES (54, 0, '2019-07-26 16:39:08.524', '2019-07-26 16:39:08.524', 0, 1, 19);
INSERT INTO `ENTERPRISE_USER_ROLE` VALUES (55, 0, '2019-07-26 16:39:16.700', '2019-07-26 16:39:16.700', 0, 1, 21);
INSERT INTO `ENTERPRISE_USER_ROLE` VALUES (56, 0, '2019-07-26 16:39:16.706', '2019-07-26 16:39:16.706', 0, 1, 20);
INSERT INTO `ENTERPRISE_USER_ROLE` VALUES (57, 0, '2019-07-29 11:23:06.483', '2019-07-29 11:23:06.483', 0, 27, 10);
INSERT INTO `ENTERPRISE_USER_ROLE` VALUES (58, 0, '2019-07-29 11:27:36.286', '2019-07-29 11:27:36.286', 0, 28, 13);
INSERT INTO `ENTERPRISE_USER_ROLE` VALUES (59, 0, '2019-07-29 11:28:04.970', '2019-07-29 11:28:04.970', 0, 29, 10);
INSERT INTO `ENTERPRISE_USER_ROLE` VALUES (60, 0, '2019-07-29 11:29:28.647', '2019-07-29 11:29:28.647', 0, 30, 4);
INSERT INTO `ENTERPRISE_USER_ROLE` VALUES (61, 0, '2019-07-29 11:42:02.863', '2019-07-29 11:42:02.863', 0, 31, 10);
INSERT INTO `ENTERPRISE_USER_ROLE` VALUES (62, 0, '2019-07-29 11:43:22.803', '2019-07-29 11:43:22.803', 0, 32, 4);
INSERT INTO `ENTERPRISE_USER_ROLE` VALUES (63, 0, '2019-07-29 11:44:40.391', '2019-07-29 11:44:40.391', 0, 33, 4);
INSERT INTO `ENTERPRISE_USER_ROLE` VALUES (64, 1, '2019-07-29 11:45:09.135', '2019-07-29 11:45:09.135', 0, 34, 4);
INSERT INTO `ENTERPRISE_USER_ROLE` VALUES (65, 1, '2019-07-29 11:50:26.288', '2019-07-29 11:50:26.288', 0, 35, 4);
INSERT INTO `ENTERPRISE_USER_ROLE` VALUES (66, 0, '2019-07-29 11:51:13.914', '2019-07-29 11:51:13.914', 0, 36, 4);
INSERT INTO `ENTERPRISE_USER_ROLE` VALUES (67, 1, '2019-07-29 14:59:56.756', '2019-07-29 14:59:56.756', 0, 26, 3);
INSERT INTO `ENTERPRISE_USER_ROLE` VALUES (68, 1, '2019-07-29 14:59:59.819', '2019-07-29 15:00:31.051', 0, 26, 3);
INSERT INTO `ENTERPRISE_USER_ROLE` VALUES (69, 1, '2019-07-29 15:00:07.629', '2019-07-29 15:00:07.629', 0, 26, 2);
INSERT INTO `ENTERPRISE_USER_ROLE` VALUES (70, 0, '2019-07-29 15:00:55.959', '2019-08-14 17:55:23.703', 0, 19, 21);
INSERT INTO `ENTERPRISE_USER_ROLE` VALUES (71, 0, '2019-07-29 16:06:12.600', '2019-07-29 16:06:12.600', 0, 38, 10);
INSERT INTO `ENTERPRISE_USER_ROLE` VALUES (72, 0, '2019-07-29 16:07:00.160', '2019-07-29 16:07:00.160', 0, 39, 13);
INSERT INTO `ENTERPRISE_USER_ROLE` VALUES (73, 0, '2019-07-29 16:07:56.479', '2019-07-29 16:07:56.479', 0, 40, 16);
INSERT INTO `ENTERPRISE_USER_ROLE` VALUES (74, 0, '2019-07-29 16:08:31.148', '2019-07-29 16:08:31.148', 0, 41, 16);
INSERT INTO `ENTERPRISE_USER_ROLE` VALUES (75, 0, '2019-08-01 15:40:22.076', '2019-08-01 15:40:22.076', 0, 42, 2);
INSERT INTO `ENTERPRISE_USER_ROLE` VALUES (76, 0, '2019-08-01 15:40:23.091', '2019-08-01 15:40:23.091', 0, 42, 2);
INSERT INTO `ENTERPRISE_USER_ROLE` VALUES (77, 1, '2019-08-02 11:08:52.104', '2019-08-02 11:08:52.104', 0, 17, 4);
INSERT INTO `ENTERPRISE_USER_ROLE` VALUES (78, 0, '2019-08-02 16:13:03.123', '2019-08-02 16:13:03.123', 0, 45, 21);
INSERT INTO `ENTERPRISE_USER_ROLE` VALUES (79, 1, '2019-08-02 16:13:25.531', '2019-08-02 16:13:25.531', 0, 45, 20);
INSERT INTO `ENTERPRISE_USER_ROLE` VALUES (80, 0, '2019-08-02 16:31:41.898', '2019-08-05 17:46:10.068', 0, 47, 20);
INSERT INTO `ENTERPRISE_USER_ROLE` VALUES (81, 0, '2019-08-02 17:23:15.909', '2019-08-02 17:23:15.909', 0, 48, 4);
INSERT INTO `ENTERPRISE_USER_ROLE` VALUES (83, 0, '2019-08-02 17:45:00.095', '2019-08-02 17:45:00.095', 0, 50, 4);
INSERT INTO `ENTERPRISE_USER_ROLE` VALUES (84, 0, '2019-08-02 17:45:21.660', '2019-08-02 17:45:21.660', 0, 51, 4);
INSERT INTO `ENTERPRISE_USER_ROLE` VALUES (85, 0, '2019-08-02 17:47:12.274', '2019-08-02 17:47:12.274', 0, 47, 21);
INSERT INTO `ENTERPRISE_USER_ROLE` VALUES (87, 0, '2019-08-05 11:27:20.866', '2019-08-05 11:27:20.866', 0, 43, 3);
INSERT INTO `ENTERPRISE_USER_ROLE` VALUES (88, 0, '2019-08-06 11:47:14.189', '2019-08-06 11:47:14.189', 0, 53, 11);
INSERT INTO `ENTERPRISE_USER_ROLE` VALUES (91, 0, '2019-08-06 16:02:49.321', '2019-08-08 09:25:10.801', 0, 54, 11);
INSERT INTO `ENTERPRISE_USER_ROLE` VALUES (92, 1, '2019-08-07 09:09:01.621', '2019-08-08 09:20:52.017', 0, 54, 12);
INSERT INTO `ENTERPRISE_USER_ROLE` VALUES (93, 0, '2019-08-07 09:42:33.811', '2019-08-20 15:41:12.431', 0, 31, 11);
INSERT INTO `ENTERPRISE_USER_ROLE` VALUES (94, 0, '2019-08-07 10:06:32.561', '2019-08-07 10:06:32.561', 0, 60, 4);
INSERT INTO `ENTERPRISE_USER_ROLE` VALUES (95, 1, '2019-08-07 10:31:46.319', '2019-08-16 11:25:34.952', 0, 31, 12);
INSERT INTO `ENTERPRISE_USER_ROLE` VALUES (96, 0, '2019-08-08 09:27:14.204', '2019-08-08 09:27:14.204', 0, 62, 11);
INSERT INTO `ENTERPRISE_USER_ROLE` VALUES (97, 0, '2019-08-08 09:29:03.787', '2019-08-08 09:29:03.787', 0, 63, 4);
INSERT INTO `ENTERPRISE_USER_ROLE` VALUES (98, 0, '2019-08-08 10:10:32.767', '2019-08-08 10:10:32.767', 0, 64, 12);
INSERT INTO `ENTERPRISE_USER_ROLE` VALUES (99, 0, '2019-08-08 10:20:10.181', '2019-08-08 10:20:10.181', 0, 65, 10);
INSERT INTO `ENTERPRISE_USER_ROLE` VALUES (100, 0, '2019-08-09 14:34:26.416', '2019-08-09 14:34:26.416', 0, 66, 4);
INSERT INTO `ENTERPRISE_USER_ROLE` VALUES (101, 0, '2019-08-09 17:09:19.719', '2019-08-09 17:09:19.719', 0, 37, 3);
INSERT INTO `ENTERPRISE_USER_ROLE` VALUES (102, 1, '2019-08-09 17:09:48.807', '2019-08-09 17:09:48.807', 0, 61, 11);
INSERT INTO `ENTERPRISE_USER_ROLE` VALUES (103, 0, '2019-08-09 17:39:36.613', '2019-08-09 17:39:36.612', 0, 61, 12);
INSERT INTO `ENTERPRISE_USER_ROLE` VALUES (104, 0, '2019-08-12 16:28:47.592', '2019-08-12 16:28:47.592', 0, 13, 21);
INSERT INTO `ENTERPRISE_USER_ROLE` VALUES (105, 0, '2019-08-14 17:19:26.674', '2019-08-14 17:19:26.674', 0, 68, 11);
INSERT INTO `ENTERPRISE_USER_ROLE` VALUES (106, 1, '2019-08-15 16:29:07.883', '2019-08-27 09:45:36.581', 0, 25, 3);
INSERT INTO `ENTERPRISE_USER_ROLE` VALUES (109, 0, '2019-08-16 11:01:45.308', '2019-08-16 11:01:45.308', 0, 71, 2);
INSERT INTO `ENTERPRISE_USER_ROLE` VALUES (110, 1, '2019-08-16 11:06:38.628', '2019-08-16 11:06:38.628', 0, 34, 2);
INSERT INTO `ENTERPRISE_USER_ROLE` VALUES (111, 0, '2019-08-16 11:18:45.068', '2019-08-27 10:27:28.196', 0, 25, 2);
INSERT INTO `ENTERPRISE_USER_ROLE` VALUES (116, 0, '2019-08-16 13:58:05.672', '2019-08-16 13:58:05.672', 0, 34, 13);
INSERT INTO `ENTERPRISE_USER_ROLE` VALUES (119, 0, '2019-08-16 14:44:21.716', '2019-08-16 14:44:21.716', 0, 35, 16);
INSERT INTO `ENTERPRISE_USER_ROLE` VALUES (120, 0, '2019-08-16 14:45:21.264', '2019-08-16 14:45:21.264', 0, 35, 17);
INSERT INTO `ENTERPRISE_USER_ROLE` VALUES (121, 0, '2019-08-16 14:47:34.999', '2019-08-16 14:47:34.999', 0, 63, 2);
INSERT INTO `ENTERPRISE_USER_ROLE` VALUES (122, 0, '2019-08-16 14:47:34.999', '2019-08-16 14:47:34.999', 0, 63, 3);
INSERT INTO `ENTERPRISE_USER_ROLE` VALUES (123, 0, '2019-07-25 17:50:47.417', '2019-07-25 17:50:47.417', 0, 21, 14);
INSERT INTO `ENTERPRISE_USER_ROLE` VALUES (124, 0, '2019-07-25 17:50:47.417', '2019-07-25 17:50:47.417', 0, 21, 15);
INSERT INTO `ENTERPRISE_USER_ROLE` VALUES (125, 0, '2019-08-16 14:45:21.264', '2019-08-16 14:45:21.264', 0, 35, 18);
INSERT INTO `ENTERPRISE_USER_ROLE` VALUES (126, 0, '2019-08-19 16:24:24.765', '2019-08-19 16:32:48.264', 0, 30, 2);
INSERT INTO `ENTERPRISE_USER_ROLE` VALUES (127, 1, '2019-08-19 16:31:35.364', '2019-08-19 16:31:35.364', 0, 30, 3);
INSERT INTO `ENTERPRISE_USER_ROLE` VALUES (128, 0, '2019-08-19 16:37:59.530', '2019-08-19 16:37:59.530', 0, 78, 20);
INSERT INTO `ENTERPRISE_USER_ROLE` VALUES (129, 0, '2019-08-20 15:35:33.970', '2019-08-20 15:35:33.970', 0, 80, 4);
INSERT INTO `ENTERPRISE_USER_ROLE` VALUES (130, 0, '2019-08-21 14:42:07.839', '2019-08-21 14:42:07.839', 0, 81, 16);
INSERT INTO `ENTERPRISE_USER_ROLE` VALUES (131, 0, '2019-08-21 18:43:55.141', '2019-08-21 18:43:55.141', 0, 18, 19);
INSERT INTO `ENTERPRISE_USER_ROLE` VALUES (132, 0, '2019-08-21 18:44:16.542', '2019-08-21 18:44:16.542', 0, 3, 4);
INSERT INTO `ENTERPRISE_USER_ROLE` VALUES (133, 0, '2019-08-21 18:44:16.603', '2019-08-21 18:44:16.603', 0, 3, 2);
INSERT INTO `ENTERPRISE_USER_ROLE` VALUES (134, 0, '2019-08-21 18:47:01.974', '2019-08-21 18:47:01.974', 0, 2, 2);
INSERT INTO `ENTERPRISE_USER_ROLE` VALUES (135, 0, '2019-08-23 09:08:34.091', '2019-08-23 09:08:34.091', 0, 83, 4);
INSERT INTO `ENTERPRISE_USER_ROLE` VALUES (136, 0, '2019-08-23 09:12:57.280', '2019-08-23 09:12:57.280', 0, 84, 4);
INSERT INTO `ENTERPRISE_USER_ROLE` VALUES (137, 1, '2019-08-23 10:47:34.669', '2019-08-26 11:38:18.119', 0, 34, 15);
INSERT INTO `ENTERPRISE_USER_ROLE` VALUES (138, 0, '2019-08-23 10:52:16.990', '2019-08-26 13:37:19.257', 0, 34, 14);
INSERT INTO `ENTERPRISE_USER_ROLE` VALUES (139, 1, '2019-08-23 17:54:12.880', '2019-08-23 17:54:12.879', 0, 67, 3);
INSERT INTO `ENTERPRISE_USER_ROLE` VALUES (140, 0, '2019-08-26 15:29:32.692', '2019-08-26 15:29:32.692', 0, 86, 2);
INSERT INTO `ENTERPRISE_USER_ROLE` VALUES (141, 0, '2019-08-26 15:30:04.666', '2019-08-26 15:30:04.666', 0, 87, 21);
INSERT INTO `ENTERPRISE_USER_ROLE` VALUES (142, 0, NULL, '2019-08-26 15:59:45.044', 0, 89, 10);
INSERT INTO `ENTERPRISE_USER_ROLE` VALUES (143, 0, NULL, '2019-08-26 16:27:31.911', 0, 90, 13);
INSERT INTO `ENTERPRISE_USER_ROLE` VALUES (144, 0, NULL, '2019-08-27 09:18:12.816', 0, 91, 10);
INSERT INTO `ENTERPRISE_USER_ROLE` VALUES (145, 0, '2019-08-27 09:29:23.290', '2019-08-27 09:29:23.290', 0, 92, 4);
INSERT INTO `ENTERPRISE_USER_ROLE` VALUES (146, 0, '2019-08-27 09:32:23.662', '2019-08-27 09:32:23.662', 0, 93, 2);
INSERT INTO `ENTERPRISE_USER_ROLE` VALUES (147, 0, '2019-08-27 09:42:37.131', '2019-08-27 09:42:37.131', 0, 67, 2);

-- ----------------------------
-- Table structure for EXPORT_TEMPLATE
-- ----------------------------
DROP TABLE IF EXISTS `EXPORT_TEMPLATE`;
CREATE TABLE `EXPORT_TEMPLATE`  (
  `ID` bigint(20) NOT NULL AUTO_INCREMENT COMMENT 'ID',
  `IS_DELETE` tinyint(1) NULL DEFAULT 0 COMMENT '是否删除',
  `CREATED_AT` timestamp(3) NOT NULL COMMENT '创建时间',
  `UPDATED_AT` timestamp(3) NOT NULL COMMENT '修改时间',
  `STATUS` int(11) NULL DEFAULT 0 COMMENT '状态',
  `UUID` varchar(192) CHARACTER SET utf8 COLLATE utf8_bin NOT NULL COMMENT 'UUID',
  `NAME` varchar(1536) CHARACTER SET utf8 COLLATE utf8_bin NOT NULL COMMENT '名称',
  `DESCRIPTION` varchar(4000) CHARACTER SET utf8 COLLATE utf8_bin NULL DEFAULT NULL COMMENT '描述',
  `MODULE` varchar(1536) CHARACTER SET utf8 COLLATE utf8_bin NULL DEFAULT NULL COMMENT '所属模块',
  `EXPRESSION` text CHARACTER SET utf8 COLLATE utf8_bin NULL COMMENT '表达式',
  `FILENAME_EXP` text CHARACTER SET utf8 COLLATE utf8_bin NULL COMMENT '导出文件名表达式',
  `TYPE` int(11) NULL DEFAULT NULL COMMENT '模板类型, 0:EXCEL模板, 1:自定义附件模板',
  PRIMARY KEY (`ID`) USING BTREE
) ENGINE = InnoDB AUTO_INCREMENT = 10 CHARACTER SET = utf8 COLLATE = utf8_bin COMMENT = '导出模板' ROW_FORMAT = Dynamic;

-- ----------------------------
-- Records of EXPORT_TEMPLATE
-- ----------------------------
INSERT INTO `EXPORT_TEMPLATE` VALUES (1, 0, '2019-07-18 13:59:49.056', '2019-07-18 13:59:49.056', 0, '1111111', '测试', '测试', 'test', '', '', 0);
INSERT INTO `EXPORT_TEMPLATE` VALUES (2, 1, '2019-07-29 17:39:28.802', '2019-07-29 17:39:29.052', 0, '14994fbae7064ffba766ecc70fd6b20d', '测试信息', 'aa', 'test', '1', 'aa.png', 1);
INSERT INTO `EXPORT_TEMPLATE` VALUES (3, 1, '2019-07-29 18:16:25.608', '2019-07-29 18:22:46.708', 0, '782c73d8f78c430a9b6f262b99c3e809', '测试明后才能', '测试描述', '测试模块', '2', '测试表达式123', 1);
INSERT INTO `EXPORT_TEMPLATE` VALUES (4, 1, '2019-07-29 18:23:55.003', '2019-07-29 18:23:55.095', 0, 'd5b920b724b74b60a14f4092d827b249', '测试名称1', '测试描述', '测试模块', '3', '测试表达式', 1);
INSERT INTO `EXPORT_TEMPLATE` VALUES (5, 1, '2019-07-29 18:32:23.057', '2019-07-29 18:32:23.057', 0, '43ecf3b999394237bcacaff8e0820797', '测试名称', '测试描述', '测试模块', NULL, '测试表达式', 0);
INSERT INTO `EXPORT_TEMPLATE` VALUES (6, 1, '2019-07-29 18:37:39.826', '2019-07-29 18:37:40.000', 0, '0bcf594aff49450c8a29f857833f49bc', '测试名称', '测试描述', '测试模块', '4', '测试表达式', 1);
INSERT INTO `EXPORT_TEMPLATE` VALUES (7, 0, '2019-07-29 18:37:57.423', '2019-07-29 18:37:57.423', 0, 'a47408efd7704f3ba9c48d74a093c81d', '测试名称', '测试描述', '测试模块', NULL, '测试表达式', 0);
INSERT INTO `EXPORT_TEMPLATE` VALUES (8, 0, '2019-08-19 10:14:59.848', '2019-08-26 10:18:18.994', 0, '5cb9b138cf2b46508a32f688509ae16c', '智融云平台用户注册协议', '智融云平台用户注册协议', '平台注册协议', '5', '智融云平台用户注册协议', 1);
INSERT INTO `EXPORT_TEMPLATE` VALUES (9, 0, '2019-08-26 10:15:47.459', '2019-08-26 11:11:12.528', 0, '2bc3788711074bb0a3d1ca2b1840323b', '应收账款转让合同', '应收账款转让合同', '应收账款转让合同', '6', '应收账款转让合同', 1);

-- ----------------------------
-- Table structure for EXPORT_TEMPLATE_VARIABLE
-- ----------------------------
DROP TABLE IF EXISTS `EXPORT_TEMPLATE_VARIABLE`;
CREATE TABLE `EXPORT_TEMPLATE_VARIABLE`  (
  `ID` bigint(20) NOT NULL AUTO_INCREMENT COMMENT 'ID',
  `IS_DELETE` tinyint(1) NULL DEFAULT 0 COMMENT '是否删除',
  `CREATED_AT` timestamp(3) NOT NULL COMMENT '创建时间',
  `UPDATED_AT` timestamp(3) NOT NULL COMMENT '修改时间',
  `STATUS` int(11) NULL DEFAULT 0 COMMENT '状态',
  `TEMPLATE_ID` bigint(20) NOT NULL COMMENT '模板ID',
  `NAME` varchar(1536) CHARACTER SET utf8 COLLATE utf8_bin NULL DEFAULT NULL COMMENT '变量名',
  `EXPRESSION` text CHARACTER SET utf8 COLLATE utf8_bin NULL COMMENT '表达式',
  `DESCRIPTION` varchar(4000) CHARACTER SET utf8 COLLATE utf8_bin NULL DEFAULT NULL COMMENT '描述',
  `PRIORITY` int(11) NULL DEFAULT NULL COMMENT '优先级.数字越小,优先级越高',
  `REQUIRED` tinyint(1) NULL DEFAULT 1 COMMENT '是否必须',
  `TYPE_EXP` varchar(1536) CHARACTER SET utf8 COLLATE utf8_bin NULL DEFAULT NULL COMMENT '类型表达式',
  `CHECK_LOGIC_EXP` text CHARACTER SET utf8 COLLATE utf8_bin NULL COMMENT '取值校验逻辑',
  PRIMARY KEY (`ID`) USING BTREE,
  INDEX `IDX_EXP_TMPL_TMPL_ID`(`TEMPLATE_ID`) USING BTREE
) ENGINE = InnoDB AUTO_INCREMENT = 7 CHARACTER SET = utf8 COLLATE = utf8_bin COMMENT = '导出模板变量' ROW_FORMAT = Dynamic;

-- ----------------------------
-- Records of EXPORT_TEMPLATE_VARIABLE
-- ----------------------------
INSERT INTO `EXPORT_TEMPLATE_VARIABLE` VALUES (1, 0, '2019-08-19 16:41:17.482', '2019-08-26 10:18:18.704', 0, 8, 'enterpriseName', NULL, '客户名称', 1, 0, NULL, NULL);
INSERT INTO `EXPORT_TEMPLATE_VARIABLE` VALUES (2, 0, '2019-08-19 16:42:03.922', '2019-08-26 10:18:18.714', 0, 8, 'enterpriseLegal', NULL, '客户法人名称', 1, 0, NULL, NULL);
INSERT INTO `EXPORT_TEMPLATE_VARIABLE` VALUES (3, 0, '2019-08-23 15:57:12.149', '2019-08-26 10:18:18.728', 0, 8, 'entId', NULL, '企业id', 1, 1, NULL, NULL);
INSERT INTO `EXPORT_TEMPLATE_VARIABLE` VALUES (4, 1, '2019-08-26 10:15:47.511', '2019-08-26 11:00:04.165', 0, 9, 'factoringId', NULL, '保理商ID', 1, 1, NULL, NULL);
INSERT INTO `EXPORT_TEMPLATE_VARIABLE` VALUES (5, 1, '2019-08-26 10:15:47.525', '2019-08-26 11:00:04.173', 0, 9, 'supplierId', NULL, '供应商ID', 1, 1, NULL, NULL);
INSERT INTO `EXPORT_TEMPLATE_VARIABLE` VALUES (6, 0, '2019-08-26 11:10:52.223', '2019-08-26 11:11:12.446', 0, 9, 'chainId', NULL, '智融链ID', 1, 1, NULL, NULL);

-- ----------------------------
-- Table structure for SUPPLIER_BACKLIST
-- ----------------------------
DROP TABLE IF EXISTS `SUPPLIER_BACKLIST`;
CREATE TABLE `SUPPLIER_BACKLIST`  (
  `ID` bigint(20) NOT NULL AUTO_INCREMENT COMMENT 'ID',
  `IS_DELETE` tinyint(1) NULL DEFAULT 0 COMMENT '是否删除',
  `CREATED_AT` timestamp(3) NOT NULL COMMENT '创建时间',
  `UPDATED_AT` timestamp(3) NOT NULL COMMENT '修改时间',
  `STATUS` int(11) NULL DEFAULT 0 COMMENT '状态',
  `SUPPLIER_ID` bigint(20) NOT NULL COMMENT '供应商ID',
  `FACTORING_ID` bigint(20) NOT NULL COMMENT '保理商ID',
  PRIMARY KEY (`ID`) USING BTREE,
  INDEX `IDX_SB_FID`(`FACTORING_ID`) USING BTREE
) ENGINE = InnoDB AUTO_INCREMENT = 5 CHARACTER SET = utf8 COLLATE = utf8_bin COMMENT = '供应商黑名单' ROW_FORMAT = Dynamic;

-- ----------------------------
-- Records of SUPPLIER_BACKLIST
-- ----------------------------
INSERT INTO `SUPPLIER_BACKLIST` VALUES (1, 1, '2019-08-20 16:27:40.489', '2019-08-20 16:27:40.489', 0, 23, 33);
INSERT INTO `SUPPLIER_BACKLIST` VALUES (2, 1, '2019-08-21 10:08:44.220', '2019-08-21 10:08:44.220', 0, 48, 33);
INSERT INTO `SUPPLIER_BACKLIST` VALUES (3, 0, '2019-08-21 10:27:42.451', '2019-08-21 10:27:42.451', 0, 1, 33);
INSERT INTO `SUPPLIER_BACKLIST` VALUES (4, 0, '2019-08-21 13:35:46.247', '2019-08-21 13:35:46.247', 0, 28, 33);

SET FOREIGN_KEY_CHECKS = 1;
